combination_id,max_depth,eta,gamma,lambda,min_child_weight,train_auc,train_precision,train_recall,train_f1,test_auc,test_precision,test_recall,test_f1,rank_train_auc,rank_train_precision,rank_test_auc,rank_test_precision,avg_rank
1,2,0.03,0,1,5,0.875704432987031,0.833722969023963,0.810281170122124,0.821834941667867,0.709836065573771,0.709677419354839,0.757377049180328,0.732751784298176,497,498,132,7,283.5
2,3,0.03,0,1,5,0.907641812705871,0.859994129732903,0.832149957398466,0.845842956120093,0.694658679197905,0.695987654320988,0.739344262295082,0.717011128775835,206,206,478,87,244.25
3,4,0.03,0,1,5,0.907102476310075,0.854312354312354,0.832717977847203,0.84337695958579,0.701416938694982,0.692762186115214,0.768852459016394,0.728826728826729,219,305,370,113,251.75
4,5,0.03,0,1,5,0.92950319764597,0.876021003500583,0.852882703777336,0.864297021154123,0.708193134124906,0.692307692307692,0.752459016393443,0.721131186174391,13,18,181,118,82.5
5,2,0.05,0,1,5,0.890947802752559,0.844620345939607,0.818233456404431,0.831217541834968,0.700043046238835,0.696562032884903,0.763934426229508,0.72869429241595,406,432,392,80,327.5
6,3,0.05,0,1,5,0.903701919240729,0.853751465416178,0.827321783584209,0.840328861964517,0.705796893496431,0.704477611940298,0.773770491803279,0.7375,271,318,250,20,214.75
7,4,0.05,0,1,5,0.913187251130462,0.859097525473071,0.838114172110196,0.848476135710178,0.701305735911325,0.679699248120301,0.740983606557377,0.709019607843137,106,221,372,326,256.25
8,5,0.05,0,1,5,0.928073240456511,0.875,0.854870775347913,0.864818273236604,0.704498331958245,0.686363636363636,0.742622950819672,0.713385826771654,15,25,280,181.5,125.375
9,2,0.1,0,1,5,0.895963538704258,0.849323131253679,0.819653507526271,0.834224598930481,0.698952541521685,0.684131736526946,0.749180327868853,0.715179968701095,369,379,413,230,347.75
10,3,0.1,0,1,5,0.912947872639321,0.864306784660767,0.832149957398466,0.847923600057879,0.701239372959788,0.700920245398773,0.749180327868853,0.724247226624406,109,123,375,47.5,163.625
11,4,0.1,0,1,5,0.919553913446442,0.872689938398357,0.84493041749503,0.858585858585859,0.698959715894824,0.697347893915757,0.732786885245902,0.71462829736211,46,36,412,75,142.25
12,5,0.1,0,1,5,0.922868744930624,0.871629542790153,0.844646407270662,0.85792586182028,0.709219069483804,0.728618421052632,0.726229508196721,0.727422003284072,28,43,147,1,54.75
13,2,0.03,0.1,1,5,0.875907126370616,0.834260614934114,0.809145129224652,0.821510957324106,0.704889335294329,0.702325581395349,0.742622950819672,0.72191235059761,496,496,269,32,323.25
14,3,0.03,0.1,1,5,0.900687426663803,0.849869071864999,0.829593865379154,0.839609083069848,0.699196470208416,0.696682464454976,0.722950819672131,0.709573612228479,321,372,408,79,295
15,4,0.03,0.1,1,5,0.920009102696421,0.870571010248902,0.844362397046294,0.857266435986159,0.68772106037235,0.70679012345679,0.750819672131148,0.728139904610493,40,49,525,11.5,156.375
16,5,0.03,0.1,1,5,0.923920312108622,0.870348837209302,0.850326611758023,0.860221232581526,0.690709186784805,0.679817905918058,0.734426229508197,0.706067769897557,24,50,506,322,225.5
17,2,0.05,0.1,1,5,0.879411751578902,0.836171462125661,0.808861119000284,0.822289591453732,0.698640456290132,0.710900473933649,0.737704918032787,0.724054706355591,481,494,418,5,349.5
18,3,0.05,0.1,1,5,0.907897465450956,0.858145656624744,0.833285998295939,0.845533141210375,0.701646518635434,0.709119496855346,0.739344262295082,0.723916532905297,196,238,361,8,200.75
19,4,0.05,0.1,1,5,0.911631399795935,0.860444704505559,0.835274069866515,0.847672575299035,0.68646195788643,0.702786377708978,0.744262295081967,0.722929936305733,125,196,529,26,219
20,5,0.05,0.1,1,5,0.918106321279463,0.861760461760462,0.848054529963079,0.854852562267392,0.708354557520537,0.683899556868538,0.759016393442623,0.71950271950272,59,174,173,238.5,161.125
21,2,0.1,0.1,1,5,0.900962510541525,0.854796127896744,0.827605793808577,0.840981240981241,0.693220217383506,0.701863354037267,0.740983606557377,0.720893141945774,313,297,490,37.5,284.375
22,3,0.1,0.1,1,5,0.900996038770389,0.85021897810219,0.827037773359841,0.83846818312698,0.692832801233992,0.687600644122383,0.7,0.69374492282697,310,367,494,158,332.25
23,4,0.1,0.1,1,5,0.908050247493847,0.858230814294083,0.832149957398466,0.844989185291997,0.694152885891595,0.692982456140351,0.777049180327869,0.732612055641422,193,236,483,112,256
24,5,0.1,0.1,1,5,0.918370954800137,0.862699564586357,0.844078386821926,0.853287395923055,0.689830326075259,0.680981595092025,0.727868852459016,0.70364500792393,55,155,517,301,257
25,2,0.03,0.2,1,5,0.874681604290917,0.833676773623786,0.804316955410395,0.818733738074588,0.707751910176848,0.705701078582434,0.750819672131148,0.727561556791104,499,500,193,14,301.5
26,3,0.03,0.2,1,5,0.906637054418819,0.85660046728972,0.833001988071571,0.844636429085673,0.698432399469096,0.702743902439024,0.755737704918033,0.72827804107425,225,265,421,28.5,234.875
27,4,0.03,0.2,1,5,0.922994203644148,0.870020354754289,0.849758591309287,0.859770114942529,0.696488144348388,0.704472843450479,0.722950819672131,0.713592233009709,27,55,451,21,138.5
28,5,0.03,0.2,1,5,0.929729077759256,0.879591836734694,0.856858846918489,0.868076535750252,0.692319833554543,0.682926829268293,0.734426229508197,0.707740916271722,12,13,497,261.5,195.875
29,2,0.05,0.2,1,5,0.890378639296021,0.844614479105356,0.815109343936382,0.829599653129065,0.692761057502601,0.693721286370597,0.742622950819672,0.717339667458433,413,433,495,102,360.75
30,3,0.05,0.2,1,5,0.908884534331546,0.862109605185622,0.831013916500994,0.846276211135213,0.691369229113606,0.683812405446294,0.740983606557377,0.711250983477577,175,170,503,243.5,272.875
31,4,0.05,0.2,1,5,0.918909583619675,0.867659947414549,0.843510366373189,0.855414746543779,0.699623345410195,0.701892744479495,0.729508196721312,0.715434083601286,52,74,401,36,140.75
32,5,0.05,0.2,1,5,0.925521502752635,0.877551020408163,0.854870775347913,0.866062437059416,0.684453133407469,0.689873417721519,0.714754098360656,0.702093397745572,19,15,534,138,176.5
33,2,0.1,0.2,1,5,0.898389218976237,0.851567120047309,0.817949446180062,0.834419817470665,0.693403163898554,0.6890625,0.722950819672131,0.7056,344,351,485,142,330.5
34,3,0.1,0.2,1,5,0.899268845123423,0.851548801870251,0.827605793808577,0.839406596572087,0.707160024392869,0.712074303405573,0.754098360655738,0.732484076433121,339,352,209,4,226
35,4,0.1,0.2,1,5,0.908469241496757,0.856310113669484,0.834422039193411,0.845224395857307,0.70605517092944,0.699248120300752,0.762295081967213,0.729411764705882,184,273,243,62,190.5
36,5,0.1,0.2,1,5,0.915126663226032,0.865384615384615,0.843510366373189,0.854307493168417,0.691053556695484,0.68421052631579,0.767213114754098,0.723338485316847,84,105,504,226,229.75
37,2,0.03,0,1.5,5,0.874430142574439,0.83201174743025,0.804600965634763,0.818076812012706,0.710854826559529,0.701674277016743,0.755737704918033,0.727703235990529,501,508,113,39,290.25
38,3,0.03,0,1.5,5,0.906051943281993,0.85676625659051,0.830729906276626,0.843547224224946,0.701248340926212,0.701046337817638,0.768852459016394,0.733385457388585,234,260,374,46,228.5
39,4,0.03,0,1.5,5,0.909173116587122,0.854287369640788,0.83754615166146,0.845833930876237,0.701162248448542,0.70750382848392,0.757377049180328,0.731591448931116,170,307,378,9,216
40,5,0.03,0,1.5,5,0.923294379264576,0.873288668802796,0.851462652655496,0.862237561115905,0.697661154356638,0.682608695652174,0.772131147540984,0.724615384615384,26,32,436,271,191.25
41,2,0.05,0,1.5,5,0.890810532958412,0.844496901740927,0.812837262141437,0.828364688856729,0.70067080388851,0.691729323308271,0.754098360655738,0.72156862745098,409,434,386,123,338
42,3,0.05,0,1.5,5,0.917154032493426,0.867448680351906,0.840102243680773,0.853556485355649,0.69217634609176,0.694835680751174,0.727868852459016,0.710968775020016,66,80,498,92,184
43,4,0.05,0,1.5,5,0.909727203226461,0.858471374600407,0.8389662027833,0.848606722206263,0.700864511963267,0.700460829493088,0.747540983606557,0.723235527359239,159,231,382,50,205.5
44,5,0.05,0,1.5,5,0.926064594745495,0.875329236172081,0.849474581084919,0.862208129143846,0.689762169530437,0.67275494672755,0.724590163934426,0.697711128650355,17,23,518,447,251.25
45,2,0.1,0,1.5,5,0.897526846803971,0.851283564473296,0.819369497301903,0.835021707670044,0.702826703016824,0.703470031545741,0.731147540983607,0.717041800643087,357,357,326,24,266
46,3,0.1,0,1.5,5,0.904309455102055,0.853407755581669,0.825049701789265,0.83898916967509,0.70857696308785,0.701130856219709,0.711475409836066,0.70626525630594,268,327,166,45,201.5
47,4,0.1,0,1.5,5,0.930625087018273,0.87963774466842,0.855154785572281,0.867223502304148,0.680812139039352,0.693418940609952,0.708196721311475,0.700729927007299,10,12,539,105,166.5
48,5,0.1,0,1.5,5,0.925160638860807,0.874489200233509,0.850894632206759,0.862530588743342,0.691778168382538,0.685099846390169,0.731147540983607,0.707375099127677,21,27,500,209,189.25
49,2,0.03,0.1,1.5,5,0.874436347473936,0.833431257344301,0.805737006532235,0.819350180505415,0.704487570398536,0.700453857791225,0.759016393442623,0.728560188827695,500,502,281.5,51,333.625
50,3,0.03,0.1,1.5,5,0.898255650350212,0.846915017462165,0.826469752911105,0.836567485985339,0.709071994834451,0.704892966360856,0.755737704918033,0.729430379746836,346,405,153,17,230.25
51,4,0.03,0.1,1.5,5,0.918668354544474,0.86824423020742,0.844078386821926,0.855990783410138,0.693248914876063,0.677914110429448,0.724590163934426,0.700475435816165,54,68,489,360,242.75
52,5,0.03,0.1,1.5,5,0.91614404902785,0.86371578334304,0.842374325475717,0.852911574406902,0.702173835061162,0.695266272189349,0.770491803278689,0.73094867807154,76,137,349,90,163
53,2,0.05,0.1,1.5,5,0.890704124374924,0.844660194174757,0.81539335416075,0.829768786127168,0.706198658392223,0.694940476190476,0.765573770491803,0.728549141965679,412,430,238,91,292.75
54,3,0.05,0.1,1.5,5,0.900980036661159,0.850715746421268,0.827037773359841,0.838709677419355,0.704727911898698,0.694528875379939,0.749180327868853,0.720820189274448,311,362,275,95,260.75
55,4,0.05,0.1,1.5,5,0.921367812399545,0.869106881405564,0.842942345924453,0.855824682814302,0.69772931090146,0.696400625978091,0.729508196721312,0.712570056044836,34,61,434,81,152.5
56,5,0.05,0.1,1.5,5,0.930211535909658,0.882953882078225,0.859130928713434,0.870879516337988,0.683290884958927,0.680722891566265,0.740983606557377,0.709576138147567,11,6,536,306,214.75
57,2,0.1,0.1,1.5,5,0.897694596806175,0.852343059239611,0.82135756887248,0.836563494359271,0.697962478028482,0.690548780487805,0.742622950819672,0.71563981042654,356,340,431,127,313.5
58,3,0.1,0.1,1.5,5,0.918124391688526,0.867990654205608,0.844078386821926,0.855867530597552,0.685636904975428,0.677745664739884,0.768852459016394,0.720430107526882,58,70,531,362,255.25
59,4,0.1,0.1,1.5,5,0.920306665727586,0.865451388888889,0.849474581084919,0.857388562419378,0.71060013631309,0.676557863501484,0.747540983606557,0.710280373831776,38,101,117,394.5,162.625
60,5,0.1,0.1,1.5,5,0.935493647108207,0.883829538820782,0.859982959386538,0.871743198502951,0.710801018760986,0.693215339233038,0.770491803278689,0.729813664596273,1,4,114,110,57.25
61,2,0.03,0.2,1.5,5,0.874989454392301,0.830850131463629,0.807725078102812,0.819124423963134,0.707626358646913,0.694277108433735,0.755737704918033,0.723704866562009,498,522,196,96,328
62,3,0.03,0.2,1.5,5,0.907826871111937,0.858274647887324,0.830729906276626,0.844277673545966,0.704487570398536,0.698776758409786,0.749180327868853,0.723101265822785,198,233.5,281.5,64,194.25
63,4,0.03,0.2,1.5,5,0.914946176851175,0.860965677719604,0.840670264129509,0.850696939215405,0.699526491372816,0.681887366818874,0.734426229508197,0.707182320441989,87,188,404,288,241.75
64,5,0.03,0.2,1.5,5,0.917296854039754,0.865693430656934,0.842090315251349,0.853728764756695,0.698116727050974,0.693251533742331,0.740983606557377,0.716323296354992,63,97,427,108,173.75
65,2,0.05,0.2,1.5,5,0.888796335495215,0.845111896348645,0.815109343936382,0.829839525805985,0.692553000681565,0.696107784431138,0.762295081967213,0.727699530516432,430,419,496,85,357.5
66,3,0.05,0.2,1.5,5,0.906120469321181,0.853729603729604,0.832149957398466,0.842801668344599,0.697991175521039,0.696124031007752,0.736065573770492,0.715537848605578,231,319,430,84,266
67,4,0.05,0.2,1.5,5,0.922547831882929,0.870327102803738,0.84635046861687,0.858171346292297,0.69924669082039,0.689922480620155,0.729508196721312,0.709163346613546,31,52,407,135,156.25
68,5,0.05,0.2,1.5,5,0.931395583134822,0.883435582822086,0.858846918489066,0.870967741935484,0.695759945474764,0.684532924961715,0.732786885245902,0.707838479809976,9,5,459,217.5,172.625
69,2,0.1,0.2,1.5,5,0.895287422374802,0.850472813238771,0.817381425731326,0.833598841419261,0.698435986655666,0.692660550458716,0.742622950819672,0.716772151898734,377,364.5,420,115,319.125
70,3,0.1,0.2,1.5,5,0.909862404720775,0.864172068355922,0.833001988071571,0.848300795372379,0.684639667109086,0.685496183206107,0.736065573770492,0.709881422924901,155,127.5,533,198,253.375
71,4,0.1,0.2,1.5,5,0.931846363640421,0.882387361029842,0.856574836694121,0.869289522986021,0.688251963984647,0.699376947040499,0.736065573770492,0.717252396166134,8,7,523,60.5,149.625
72,5,0.1,0.2,1.5,5,0.932068760301358,0.880631948507899,0.854870775347913,0.867560167171062,0.705151199913908,0.69701726844584,0.727868852459016,0.712109061748196,6,9,264.5,77,89.125
73,2,0.03,0,2,5,0.874096710869863,0.832990901085999,0.806021016756603,0.819284064665127,0.711335509559852,0.70679012345679,0.750819672131148,0.728139904610493,502,503,102.5,11.5,279.75
74,3,0.03,0,2,5,0.90761274765033,0.860088365243005,0.829309855154786,0.844418739155582,0.711062883380565,0.712933753943218,0.740983606557377,0.726688102893891,207,203,110,3,130.75
75,4,0.03,0,2,5,0.92045253529472,0.867578579743888,0.846634478841238,0.856978582722438,0.695889084191269,0.688622754491018,0.754098360655738,0.719874804381847,36,75,456,145,178
76,5,0.03,0,2,5,0.919483972254737,0.867775831873905,0.844362397046294,0.855909025478624,0.69739211536392,0.680597014925373,0.747540983606557,0.7125,48,72,441,307,217
77,2,0.05,0,2,5,0.889757986059441,0.843923865300146,0.818517466628799,0.831026528258362,0.706363668974423,0.688500727802038,0.775409836065574,0.729375481881265,421,441,235,146,310.75
78,3,0.05,0,2,5,0.905895949931469,0.856765482829469,0.829025844930418,0.842667436489607,0.706625533594002,0.692647058823529,0.772131147540984,0.730232558139535,239,261,226,117,210.75
79,4,0.05,0,2,5,0.913398762002807,0.862624487404804,0.836410110763988,0.849315068493151,0.693116188972989,0.682819383259912,0.762295081967213,0.720371804802479,105,158,491,266,255
80,5,0.05,0,2,5,0.931899268572979,0.879079254079254,0.856858846918489,0.867826837336402,0.69386232377946,0.684133915574964,0.770491803278689,0.724749421742483,7,14,484,229,183.5
81,2,0.1,0,2,5,0.895908347756096,0.848751835535977,0.820789548423743,0.83453652902108,0.706941206012125,0.6953125,0.729508196721312,0.712,371,386,217,89,265.75
82,3,0.1,0,2,5,0.912711651026873,0.863343108504399,0.836126100539619,0.849516664262011,0.703996125838505,0.704718417047184,0.759016393442623,0.730860299921073,112,142,295,18,141.75
83,4,0.1,0,2,5,0.920149747085031,0.871983519717481,0.841522294802613,0.856482150599798,0.697327546005668,0.686746987951807,0.747540983606557,0.71585557299843,39,38,442,176,173.75
84,5,0.1,0,2,5,0.918233957150706,0.867930029154519,0.845498437943766,0.856567400374047,0.704161136420705,0.694063926940639,0.747540983606557,0.719810576164167,57,71,288,98,128.5
85,2,0.03,0.1,2,5,0.872896552677583,0.832014072119613,0.806021016756603,0.818811309867282,0.707798543602253,0.705343511450382,0.757377049180328,0.730434782608696,504,507,191,16,304.5
86,3,0.03,0.1,2,5,0.907949662807255,0.857435597189696,0.831865947174098,0.84445725818077,0.702206119740288,0.699544764795144,0.755737704918033,0.72655634357762,194,251,347,56,212
87,4,0.03,0.1,2,5,0.907317960495256,0.856602675974404,0.836410110763988,0.846385974996408,0.713738924561467,0.700468018720749,0.736065573770492,0.717825739408473,214,264,56,49,145.75
88,5,0.03,0.1,2,5,0.916701727977424,0.86333236405932,0.843226356148821,0.85316091954023,0.696333895325896,0.684931506849315,0.737704918032787,0.710339384372534,70,143,452,212,219.25
89,2,0.05,0.1,2,5,0.888885000243297,0.84338061465721,0.810565180346493,0.82664735698769,0.702769308031711,0.696374622356496,0.755737704918033,0.724842767295598,429,444,328,82,320.75
90,3,0.05,0.1,2,5,0.911675541668676,0.861470588235294,0.831865947174098,0.846409478399075,0.699989238440291,0.701219512195122,0.754098360655738,0.726698262243286,124,181,395,43.5,185.875
91,4,0.05,0.1,2,5,0.906489007693967,0.854239256678281,0.835558080090883,0.844795405599426,0.695946479176382,0.682706766917293,0.744262295081967,0.712156862745098,227,310,455,269,315.25
92,5,0.05,0.1,2,5,0.914905572859726,0.863001745200698,0.842658335700085,0.852708722517603,0.69747462065502,0.688087774294671,0.719672131147541,0.703525641025641,88,148,440,153,207.25
93,2,0.1,0.1,2,5,0.89022144850875,0.844817432273263,0.814825333712014,0.829550383114067,0.704003300211644,0.704160246533128,0.749180327868853,0.725972994440032,415,426,294,22,289.25
94,3,0.1,0.1,2,5,0.909164571243078,0.861520329994107,0.830445896052258,0.845697758496023,0.684919467661513,0.682352941176471,0.760655737704918,0.71937984496124,171,179,532,274,289
95,4,0.1,0.1,2,5,0.918797405568233,0.870348493797992,0.836978131212724,0.853337194150862,0.694177996197582,0.702060221870048,0.726229508196721,0.713940370668816,53,51,481,35,155
96,5,0.1,0.1,2,5,0.899895812117385,0.847546728971963,0.82419767111616,0.835709143268538,0.702417763747893,0.682098765432099,0.724590163934426,0.702702702702703,330,400,342,281,338.25
97,2,0.03,0.2,2,5,0.873382494280335,0.831723734269827,0.807157057654076,0.819256269818392,0.713868063277971,0.700152207001522,0.754098360655738,0.726124704025257,503,510,54,53,280
98,3,0.03,0.2,2,5,0.90700385106543,0.860287643087761,0.832433967622835,0.846131639722864,0.705893747533809,0.702453987730061,0.750819672131148,0.725832012678288,220,200,248,31,174.75
99,4,0.03,0.2,2,5,0.910606121797387,0.857516719976738,0.83754615166146,0.847413793103448,0.703153136994655,0.687869822485207,0.762295081967213,0.723172628304821,144,250,315,157,216.5
100,5,0.03,0.2,2,5,0.915428961575235,0.859216255442671,0.840670264129509,0.849842090152168,0.695211105929619,0.686821705426357,0.726229508196721,0.70597609561753,80,217,471,175,235.75
101,2,0.05,0.2,2,5,0.889768980705919,0.844751543663628,0.815961374609486,0.830106905518636,0.702661692434624,0.696048632218845,0.750819672131148,0.722397476340694,420,428,334,86,317
102,3,0.05,0.2,2,5,0.902818319780708,0.854422964264792,0.828457824481681,0.841240086517664,0.694838038526384,0.682962962962963,0.755737704918033,0.717509727626459,282,304,476,259.5,330.375
103,4,0.05,0.2,2,5,0.913054879941182,0.862470862470862,0.840670264129509,0.851431036962462,0.692018509882699,0.678955453149002,0.724590163934426,0.701030927835052,107,162,499,341,277.25
104,5,0.05,0.2,2,5,0.925552472821179,0.874344023323615,0.851746662879864,0.86289742483096,0.69848262008107,0.686363636363636,0.742622950819672,0.713385826771654,18,28,419,181.5,161.625
105,2,0.1,0.2,2,5,0.897482868218058,0.851578636766008,0.819653507526271,0.835311143270622,0.692994224629623,0.688172043010753,0.734426229508197,0.710547184773989,358,350,492,150,337.5
106,3,0.1,0.2,2,5,0.905938839938521,0.854919236417034,0.826753763135473,0.840600635287323,0.694490081429135,0.702290076335878,0.754098360655738,0.727272727272727,237,295,479,34,261.25
107,4,0.1,0.2,2,5,0.919050119150399,0.871953010279002,0.843226356148821,0.857349119260757,0.695218280302759,0.675477239353891,0.754098360655738,0.712625871417506,50,39,470,414.5,243.375
108,5,0.1,0.2,2,5,0.934091557537543,0.880501311570971,0.857994887815961,0.869102416570771,0.705420238906626,0.6875,0.739344262295082,0.712480252764613,2,10,257,161.5,107.625
109,2,0.03,0,1,10,0.872858234701739,0.831523334311711,0.804600965634763,0.81784064665127,0.705190658966173,0.694029850746269,0.762295081967213,0.7265625,505,514,262,99,345
110,3,0.03,0,1,10,0.901272211226971,0.850789935634874,0.825901732462369,0.83816111831676,0.707055995982351,0.697108066971081,0.750819672131148,0.722967640094712,304,361,213,76,238.5
111,4,0.03,0,1,10,0.910357163812286,0.86150234741784,0.833854018744675,0.847452734882378,0.704351257308893,0.685975609756098,0.737704918032787,0.710900473933649,150,180,284,188,200.5
112,5,0.03,0,1,10,0.917122463706509,0.867724867724868,0.838398182334564,0.852809475660841,0.698292499192883,0.685758513931889,0.726229508196721,0.705414012738854,67,73,423,194,189.25
113,2,0.05,0,1,10,0.887034035180039,0.845037037037037,0.809997159897756,0.827146171693735,0.707938443878466,0.687218045112782,0.749180327868853,0.716862745098039,439,420,189,168,304
114,3,0.05,0,1,10,0.905102920232533,0.855467604807974,0.82874183470605,0.841892671667628,0.695246977795315,0.680786686838124,0.737704918032787,0.708103855232101,255,285,469,304.5,328.375
115,4,0.05,0,1,10,0.915540214334646,0.867491166077739,0.836694120988356,0.851814370391788,0.697865623991104,0.685157421289355,0.749180327868853,0.715740015661707,79,78,432,207.5,199.125
116,5,0.05,0,1,10,0.907518150147464,0.857393850658858,0.83158193694973,0.844290657439446,0.714603436524734,0.705426356589147,0.745901639344262,0.725099601593626,210,252,46,15,130.75
117,2,0.1,0,1,10,0.889065867620755,0.844674556213018,0.810849190570861,0.827416316475873,0.690587222441439,0.676646706586826,0.740983606557377,0.70735524256651,426,429,508,393,439
118,3,0.1,0,1,10,0.920422163944548,0.872786304604487,0.839818233456404,0.855984947170358,0.692976288696775,0.686153846153846,0.731147540983607,0.707936507936508,37,35,493,184,187.25
119,4,0.1,0,1,10,0.911476440595326,0.864376665679597,0.829025844930418,0.846332270223253,0.69529361122072,0.683183183183183,0.745901639344262,0.713166144200627,129,121,468,254,243
120,5,0.1,0,1,10,0.911301778117366,0.864401772525849,0.831013916500994,0.847379090645815,0.713326398105966,0.675753228120517,0.772131147540984,0.720734506503443,133,120,69,409,182.75
121,2,0.03,0.1,1,10,0.871727745556448,0.831371394938199,0.802328883839818,0.816591993062581,0.706650643899989,0.704,0.721311475409836,0.712550607287449,506,518,224,23,317.75
122,3,0.03,0.1,1,10,0.900708436235786,0.853902798232695,0.823345640443056,0.838345864661654,0.706600423288015,0.701399688958009,0.739344262295082,0.719872306464485,320,316,230,40.5,226.625
123,4,0.03,0.1,1,10,0.910565626663825,0.860766961651917,0.82874183470605,0.844450875416004,0.702546902464397,0.676991150442478,0.752459016393443,0.712732919254658,145,190,338,386,264.75
124,5,0.03,0.1,1,10,0.917688198139641,0.87003822405175,0.840386253905141,0.854955215255706,0.70285898769595,0.683734939759036,0.744262295081967,0.712715855572998,62,54,323.5,245,171.125
125,2,0.05,0.1,1,10,0.886366300907799,0.842368886269888,0.811985231468333,0.826898047722343,0.701621408329447,0.688922610015175,0.744262295081967,0.715524034672971,448,455,362,144,352.25
126,3,0.05,0.1,1,10,0.904660630642036,0.860135733254647,0.827889804032945,0.84370477568741,0.695727660795638,0.683153013910355,0.724590163934426,0.703261734287987,264,202,460,256.5,295.625
127,4,0.05,0.1,1,10,0.909544648551771,0.862220916568743,0.833570008520307,0.847653429602888,0.699777594432686,0.682888540031397,0.713114754098361,0.697674418604651,162,167,398,265,248
128,5,0.05,0.1,1,10,0.903154091929832,0.851612903225806,0.824765691564896,0.837974318280191,0.700276213365857,0.687218045112782,0.749180327868853,0.716862745098039,276,349,389,168,295.5
129,2,0.1,0.1,1,10,0.892365567858795,0.846471803956304,0.814257313263278,0.830052113491604,0.701420525881551,0.685240963855422,0.745901639344262,0.714285714285714,400,406,369,206,345.25
130,3,0.1,0.1,1,10,0.910850779895995,0.865401719537504,0.829025844930418,0.846823324630113,0.690569286508591,0.6875,0.721311475409836,0.704,140,102,509,161.5,228.125
131,4,0.1,0.1,1,10,0.905810496491021,0.858487790526626,0.82874183470605,0.843352601156069,0.708820891774581,0.703076923076923,0.749180327868853,0.725396825396825,241,230,161,25,164.25
132,5,0.1,0.1,1,10,0.906664922037615,0.855673133450911,0.826753763135473,0.840964899609996,0.70748287118413,0.674961119751167,0.711475409836066,0.692737430167598,224,281,199,420,281
133,2,0.03,0.2,1,10,0.871479549576548,0.828739002932551,0.802612894064186,0.81546674361564,0.705954729705492,0.699537750385208,0.744262295081967,0.721207307386815,508,531,245,57.5,335.375
134,3,0.03,0.2,1,10,0.900950971605618,0.851699882766706,0.825333712013632,0.838309534112217,0.701564013344334,0.682748538011696,0.765573770491803,0.721792890262751,314,348,365,267,323.5
135,4,0.03,0.2,1,10,0.913461790718755,0.862773722627737,0.839250213007668,0.85084940973222,0.708426301251928,0.682299546142209,0.739344262295082,0.709677419354839,104,152,171,275,175.5
136,5,0.03,0.2,1,10,0.91965591328555,0.870626286386357,0.840954274353877,0.85553308292401,0.691634680919755,0.683899556868538,0.759016393442623,0.71950271950272,45,48,501,238.5,208.125
137,2,0.05,0.2,1,10,0.88720026117184,0.844063792085056,0.811701221243965,0.827566237150717,0.688284248663773,0.672489082969432,0.757377049180328,0.712413261372398,438,439,522,451,462.5
138,3,0.05,0.2,1,10,0.904940504266739,0.859213250517598,0.825049701789265,0.841784989858012,0.690673314919109,0.68895800933126,0.726229508196721,0.707102952913009,259,218,507,143,281.75
139,4,0.05,0.2,1,10,0.916714464350077,0.86588579795022,0.839818233456404,0.852652825836217,0.69537611651182,0.684684684684685,0.747540983606557,0.714733542319749,69,96,466,215,211.5
140,5,0.05,0.2,1,10,0.919666690216256,0.872096442222876,0.842374325475717,0.85697775209477,0.710363381999498,0.685325264750378,0.742622950819672,0.712824547600315,43,37,121,203.5,101.125
141,2,0.1,0.2,1,10,0.894393154841961,0.852410529429163,0.818517466628799,0.835120254998551,0.706614772034294,0.679710144927536,0.768852459016394,0.721538461538462,390,339,227.5,325,320.375
142,3,0.1,0.2,1,10,0.891075166479086,0.84788398934596,0.813689292814541,0.830434782608696,0.704824765936076,0.702302631578947,0.7,0.701149425287356,404,396,272,33,276.25
143,4,0.1,0.2,1,10,0.916512859545351,0.866764705882353,0.836978131212724,0.851611038867216,0.710001076155971,0.677083333333333,0.745901639344262,0.709828393135726,71,90,128,382.5,167.875
144,5,0.1,0.2,1,10,0.924910810012618,0.873015873015873,0.843510366373189,0.858009533439261,0.683240664346953,0.672333848531685,0.713114754098361,0.692124105011933,23,34,537,454.5,262.125
145,2,0.03,0,1.5,10,0.870934824715399,0.831424375917768,0.804032945186027,0.817499278082588,0.714115579151272,0.69969512195122,0.752459016393443,0.725118483412322,513,517,52,55,284.25
146,3,0.03,0,1.5,10,0.900339190286742,0.851138353765324,0.828173814257313,0.839499064344321,0.697779531513434,0.685294117647059,0.763934426229508,0.722480620155039,325,358,433,205,330.25
147,4,0.03,0,1.5,10,0.916269017880887,0.866803278688525,0.840954274353877,0.853683148335015,0.703041934210998,0.680534918276375,0.750819672131148,0.713951675759938,74,89,317.5,308,197.125
148,5,0.03,0,1.5,10,0.913705088093788,0.86174575278266,0.835558080090883,0.84844989185292,0.703443699106791,0.687125748502994,0.752459016393443,0.71830985915493,100,175,310,171,189
149,2,0.05,0,1.5,10,0.885560425978325,0.842785777255363,0.814541323487646,0.82842287694974,0.700100441223948,0.673381294964029,0.767213114754098,0.717241379310345,452,450,391,437.5,432.625
150,3,0.05,0,1.5,10,0.908414268264367,0.860259433962264,0.82874183470605,0.844206567336902,0.705904509093518,0.682962962962963,0.755737704918033,0.717509727626459,187,201,247,259.5,223.625
151,4,0.05,0,1.5,10,0.915111531979889,0.86652916912198,0.835274069866515,0.85061460592914,0.708347383147398,0.68421052631579,0.724590163934426,0.703821656050955,85,91,174.5,226,144.125
152,5,0.05,0,1.5,10,0.920715100515562,0.871637426900585,0.846634478841238,0.858954041204438,0.695447860243211,0.684049079754601,0.731147540983607,0.706814580031696,35,42,463,234,193.5
153,2,0.1,0,1.5,10,0.893319707228893,0.84792899408284,0.813973303038909,0.830604260252137,0.680830074972199,0.669683257918552,0.727868852459016,0.697564807541241,395,394.5,538,485.5,453.25
154,3,0.1,0,1.5,10,0.908614893348119,0.860041164363422,0.830729906276626,0.845131464894539,0.711722925709366,0.692653673163418,0.757377049180328,0.723570869224746,179,205,95,116,148.75
155,4,0.1,0,1.5,10,0.912937422282273,0.86137162954279,0.834706049417779,0.847829222558777,0.709140151379273,0.691717791411043,0.739344262295082,0.714738510301109,110,183,149,124,141.5
156,5,0.1,0,1.5,10,0.919725636761482,0.871742313323573,0.845498437943766,0.858419838523645,0.690461670911504,0.674735249621785,0.731147540983607,0.701809598741149,42,41,512,423.5,254.625
157,2,0.03,0.1,1.5,10,0.871497619985611,0.831275720164609,0.803180914512923,0.816986855409505,0.707597661154357,0.697965571205008,0.731147540983607,0.714171337069656,507,519,197,71,323.5
158,3,0.03,0.1,1.5,10,0.893854308306651,0.845454545454546,0.818801476853167,0.831914586639735,0.712669942963734,0.692073170731707,0.744262295081967,0.717219589257504,392,416,84,119,252.75
159,4,0.03,0.1,1.5,10,0.905607530962721,0.854748603351955,0.825617722238001,0.839930655879804,0.694988700362306,0.67981072555205,0.70655737704918,0.692926045016077,245,298,473,323,334.75
160,5,0.03,0.1,1.5,10,0.912605950019643,0.862658414382552,0.831297926725362,0.846687879664449,0.711220719589626,0.67741935483871,0.757377049180328,0.715170278637771,114,157,106,370,186.75
161,2,0.05,0.1,1.5,10,0.885772807713757,0.842445620223398,0.813973303038909,0.827964755163946,0.697216343222011,0.68421052631579,0.724590163934426,0.703821656050955,451,454,443,226,393.5
162,3,0.05,0.1,1.5,10,0.902342501961347,0.855127828386718,0.826469752911105,0.840554592720971,0.69764680561036,0.68452380952381,0.754098360655738,0.717628705148206,289,291,437,219,309
163,4,0.05,0.1,1.5,10,0.897988023237675,0.846917908267601,0.823345640443056,0.834965437788018,0.709563439394483,0.684615384615385,0.729508196721312,0.706349206349206,349,404,140,216,277.25
164,5,0.05,0.1,1.5,10,0.925475238151119,0.875476120714914,0.848622550411815,0.861840207672339,0.697008286400976,0.672333848531685,0.713114754098361,0.692124105011933,20,22,446.5,454.5,235.75
165,2,0.1,0.1,1.5,10,0.892567063805635,0.848655039905409,0.81539335416075,0.831691772885284,0.703823940883165,0.683823529411765,0.762295081967213,0.720930232558139,399,387,298,241,331.25
166,3,0.1,0.1,1.5,10,0.902676477955353,0.855247641509434,0.823913660891792,0.839288297410676,0.698245865767479,0.694656488549618,0.745901639344262,0.719367588932806,285,289,426,94,273.5
167,4,0.1,0.1,1.5,10,0.916226345589607,0.869308101714962,0.834990059642147,0.85180356366797,0.711719338522797,0.706924315619968,0.719672131147541,0.713241267262388,75,60,96,10,60.25
168,5,0.1,0.1,1.5,10,0.932759681303299,0.888921539817808,0.859130928713434,0.873772385904102,0.706959141944973,0.702746365105008,0.713114754098361,0.707892595606184,4,1,215,27,61.75
169,2,0.03,0.2,1.5,10,0.871381686337105,0.829562151043197,0.801760863391082,0.815424610051993,0.711425189224092,0.701863354037267,0.740983606557377,0.720893141945774,510,528,99,37.5,293.625
170,3,0.03,0.2,1.5,10,0.901653104969809,0.851319648093842,0.824481681340528,0.837685759630645,0.699594647917638,0.690119760479042,0.755737704918033,0.721439749608764,300,355,403,130.5,297.125
171,4,0.03,0.2,1.5,10,0.906811118178407,0.859917598587404,0.829877875603522,0.844630726983668,0.707633533020052,0.685887708649469,0.740983606557377,0.7123719464145,221,208,195,191.5,203.875
172,5,0.03,0.2,1.5,10,0.922287117246148,0.874816338524831,0.845498437943766,0.859907567879838,0.703515442838182,0.681887366818874,0.734426229508197,0.707182320441989,32,26,307,288,163.25
173,2,0.05,0.2,1.5,10,0.886172751586631,0.841686320754717,0.810849190570861,0.825980037610299,0.699648455716182,0.673381294964029,0.767213114754098,0.717241379310345,449,461,399.5,437.5,436.75
174,3,0.05,0.2,1.5,10,0.911229659767943,0.863757003833677,0.831865947174098,0.847511574074074,0.707791369229114,0.680365296803653,0.732786885245902,0.705603788476717,136,134,192,311,193.25
175,4,0.05,0.2,1.5,10,0.914345499036662,0.867019711679906,0.836978131212724,0.851734104046243,0.703490332532195,0.685157421289355,0.749180327868853,0.715740015661707,93,84,309,207.5,173.375
176,5,0.05,0.2,1.5,10,0.927703559075923,0.880141010575793,0.850894632206759,0.865270758122744,0.691412275352441,0.682089552238806,0.749180327868853,0.7140625,16,11,502,282,202.75
177,2,0.1,0.2,1.5,10,0.883296726240596,0.843925509902453,0.810849190570861,0.827056778679027,0.696703375542562,0.684287812041116,0.763934426229508,0.721920991479473,464,440,450,222.5,394.125
178,3,0.1,0.2,1.5,10,0.905509177862791,0.8582769773596,0.829025844930418,0.843397861889627,0.702722674606306,0.681885125184094,0.759016393442623,0.718386346004655,247,232,331,290,275
179,4,0.1,0.2,1.5,10,0.911354900765695,0.863005609684086,0.83016188582789,0.846265199768384,0.689360404634645,0.686453576864536,0.739344262295082,0.711917916337806,132,146.5,519,179,244.125
180,5,0.1,0.2,1.5,10,0.925131573805266,0.8752568241855,0.846918489065607,0.860854503464203,0.698084442371848,0.667634252539913,0.754098360655738,0.708237105465743,22,24,428,510,246
181,2,0.03,0,2,10,0.871230591591447,0.829949985289791,0.801192842942346,0.815317919075145,0.714366682211142,0.706624605678234,0.734426229508197,0.720257234726688,511,526,50,13,275
182,3,0.03,0,2,10,0.899697962909723,0.849443468072642,0.823629650667424,0.83633741888969,0.704648993794167,0.68685376661743,0.762295081967213,0.722610722610723,333,378,276,174,290.25
183,4,0.03,0,2,10,0.907236643654472,0.856597120188069,0.827889804032945,0.841998844598498,0.69999641281343,0.685714285714286,0.747540983606557,0.715294117647059,215,266,394,195.5,267.625
184,5,0.03,0,2,10,0.915671496945067,0.866157910184913,0.838114172110196,0.851905311778291,0.701565806937619,0.680916030534351,0.731147540983607,0.705138339920949,78,93,364,302,209.25
185,2,0.05,0,2,10,0.88551013363503,0.838928150765607,0.809145129224652,0.823767529275698,0.699383003910033,0.685325264750378,0.742622950819672,0.712824547600315,453,481,406,203.5,385.875
186,3,0.05,0,2,10,0.90342395062903,0.853965466783729,0.82874183470605,0.841164600749496,0.707221006564551,0.687964338781575,0.759016393442623,0.721745908028059,274,314,204,155.5,236.875
187,4,0.05,0,2,10,0.90678194426498,0.860376249265138,0.831297926725362,0.845587173190813,0.705309036122969,0.681747269890796,0.716393442622951,0.698641087130296,222,198,260,292,243
188,5,0.05,0,2,10,0.915263933020178,0.864060676779463,0.841238284578245,0.852496762124047,0.706489220504358,0.689910979228487,0.762295081967213,0.724299065420561,82,129,233,136.5,145.125
189,2,0.1,0,2,10,0.89897574526558,0.85256032960565,0.82277761999432,0.837404249168955,0.680187968576246,0.666178623718887,0.745901639344262,0.703789636504254,341,337,540,519,434.25
190,3,0.1,0,2,10,0.905272194245141,0.856429829712272,0.828457824481681,0.842211635628699,0.706184309645945,0.685925925925926,0.759016393442623,0.720622568093385,252,269,239,190,237.5
191,4,0.1,0,2,10,0.919258636430881,0.870862884160757,0.836978131212724,0.853584359160029,0.6962155181691,0.678843226788432,0.731147540983607,0.704025256511444,49,47,453,343,223
192,5,0.1,0,2,10,0.914870520620459,0.866980576809888,0.836694120988356,0.851568145685793,0.695064031280267,0.679012345679012,0.721311475409836,0.699523052464229,89,86,472,339,246.5
193,2,0.03,0.1,2,10,0.871457233709934,0.832204886664704,0.802896904288554,0.817288233593524,0.716881299996413,0.701399688958009,0.739344262295082,0.719872306464485,509,505,27,40.5,270.375
194,3,0.03,0.1,2,10,0.899737097319712,0.852915323762086,0.826753763135473,0.839630804730314,0.706040822183162,0.689863842662632,0.747540983606557,0.717545239968529,332,331,244,139,261.5
195,4,0.03,0.1,2,10,0.913543760706854,0.864237437555098,0.835274069866515,0.849508954361641,0.702927144240772,0.68018018018018,0.742622950819672,0.710031347962383,102,125,319.5,314,215.125
196,5,0.03,0.1,2,10,0.911373896466789,0.862422997946612,0.834990059642147,0.848484848484848,0.711378555798687,0.699376947040499,0.736065573770492,0.717252396166134,131,164,100,60.5,113.875
197,2,0.05,0.1,2,10,0.886705719796101,0.843189173286261,0.813973303038909,0.828323699421965,0.696753596154536,0.675477239353891,0.754098360655738,0.712625871417506,441,447,449,414.5,437.875
198,3,0.05,0.1,2,10,0.896826455165954,0.850456284957315,0.820505538199375,0.835212489158716,0.713053771926678,0.698461538461539,0.744262295081967,0.720634920634921,360,366,76,66.5,217.125
199,4,0.05,0.1,2,10,0.914424312146069,0.864035087719298,0.839250213007668,0.851462325313355,0.687457402159486,0.676204819277108,0.736065573770492,0.704866562009419,92,130,526,399.5,286.875
200,5,0.05,0.1,2,10,0.93343590649064,0.885404454865182,0.857994887815961,0.871484205971441,0.704075043943035,0.686915887850467,0.722950819672131,0.704472843450479,3,3,291,173,117.5
201,2,0.1,0.1,2,10,0.892884275685209,0.849541826780964,0.816245384833854,0.832560834298957,0.704598773182193,0.678041543026706,0.749180327868853,0.71183800623053,397,377,278,358,352.5
202,3,0.1,0.1,2,10,0.907727266146319,0.862599940775837,0.827321783584209,0.844592635546535,0.704211357032679,0.696261682242991,0.732786885245902,0.714057507987221,203,159,287,83,183
203,4,0.1,0.1,2,10,0.904437798549556,0.857734398107069,0.823629650667424,0.840336134453782,0.708272052229436,0.685887708649469,0.740983606557377,0.7123719464145,266,242,180,191.5,219.875
204,5,0.1,0.1,2,10,0.907822407938614,0.855432242990654,0.831865947174098,0.843484521238301,0.687269074864584,0.662807525325615,0.750819672131148,0.704073789392775,199,286,527,533,386.25
205,2,0.03,0.2,2,10,0.871214589482216,0.83098177542622,0.802896904288554,0.816697963310704,0.714416902823116,0.697852760736196,0.745901639344262,0.72107765451664,512,521,48,72,288.25
206,3,0.03,0.2,2,10,0.89999922710901,0.853958944281525,0.827037773359841,0.840282787476555,0.710671880044481,0.702619414483821,0.747540983606557,0.724384432088959,328,315,116,30,197.25
207,4,0.03,0.2,2,10,0.915346991587136,0.865627756542193,0.836126100539619,0.850621207743427,0.701926319187861,0.679160419790105,0.742622950819672,0.709475332811276,81,98,355,336,217.5
208,5,0.03,0.2,2,10,0.919518915636118,0.870929891463772,0.843226356148821,0.856854256854257,0.701531728665208,0.683153013910355,0.724590163934426,0.703261734287987,47,46,366,256.5,178.875
209,2,0.05,0.2,2,10,0.882939781232661,0.839575346505456,0.808577108775916,0.823784722222222,0.706751085123937,0.683976261127596,0.755737704918033,0.718068535825545,467,475,222,235.5,349.875
210,3,0.05,0.2,2,10,0.903558771120743,0.856343832793641,0.826185742686737,0.840994507082972,0.701058220038024,0.687964338781575,0.759016393442623,0.721745908028059,273,271.5,380,155.5,270
211,4,0.05,0.2,2,10,0.914336354974245,0.864516129032258,0.837262141437092,0.850670898860193,0.708476521863902,0.685015290519878,0.734426229508197,0.708860759493671,94,118,170,211,148.25
212,5,0.05,0.2,2,10,0.907817835907405,0.860396332446022,0.826185742686737,0.842944074181397,0.695802991713599,0.66824644549763,0.69344262295082,0.680611423974256,200,197,457,504,339.5
213,2,0.1,0.2,2,10,0.889788792841157,0.847813238770686,0.814825333712014,0.830992034757422,0.70278006959142,0.678466076696165,0.754098360655738,0.714285714285714,419,399,327,350.5,373.875
214,3,0.1,0.2,2,10,0.909487280445891,0.861438679245283,0.829877875603522,0.845363807319543,0.707041647236073,0.693474962063733,0.749180327868853,0.720252167060678,163,182,214,103,165.5
215,4,0.1,0.2,2,10,0.907856698172679,0.859167404782994,0.826469752911105,0.842501447596989,0.698073680812139,0.67603550295858,0.749180327868853,0.710730948678072,197,220,429,402.5,312.125
216,5,0.1,0.2,2,10,0.923687846093237,0.875736160188457,0.844646407270662,0.859910365765505,0.688937116619435,0.678233438485805,0.704918032786885,0.691318327974277,25,21,520,355,230.25
217,2,0.03,0,1,15,0.869245785757448,0.832049763033175,0.797784720249929,0.814557053791503,0.711371381425548,0.690058479532164,0.773770491803279,0.72952086553323,516,506,101,132.5,313.875
218,3,0.03,0,1,15,0.89524932211473,0.848324514991182,0.819653507526271,0.833742597139968,0.712357857732181,0.68029197080292,0.763934426229508,0.71969111969112,379,391,87,313,292.5
219,4,0.03,0,1,15,0.910492419735543,0.864321608040201,0.830445896052258,0.847045191193511,0.711828747713169,0.685376661742984,0.760655737704918,0.721056721056721,146,122,93,200.5,140.375
220,5,0.03,0,1,15,0.908253975027348,0.859352203093084,0.836410110763988,0.847725964306275,0.708142913512932,0.683823529411765,0.762295081967213,0.720930232558139,190,215,184,241,207.5
221,2,0.05,0,1,15,0.882907232724771,0.840059347181009,0.804032945186027,0.821651429400668,0.716809556265021,0.690014903129657,0.759016393442623,0.722872755659641,468,474,28,134,276
222,3,0.05,0,1,15,0.901213536826459,0.854705882352941,0.825333712013632,0.839763040023118,0.708824478961151,0.685376661742984,0.760655737704918,0.721056721056721,306,299,160,200.5,241.375
223,4,0.05,0,1,15,0.907908079094834,0.860082304526749,0.831013916500994,0.845298281092012,0.7020159988521,0.677514792899408,0.750819672131148,0.712286158631415,195,204,351,367.5,279.375
224,5,0.05,0,1,15,0.910039516501168,0.864666078258311,0.834706049417779,0.849421965317919,0.706352907414715,0.68421052631579,0.745901639344262,0.713725490196079,153,115,236,226,182.5
225,2,0.1,0,1,15,0.889252994326654,0.849107142857143,0.810281170122124,0.829239936055806,0.695325895899846,0.665123456790123,0.70655737704918,0.685214626391097,424,381,467,526,449.5
226,3,0.1,0,1,15,0.896367945750455,0.851082764758232,0.814825333712014,0.832559489262913,0.707170785952577,0.690225563909774,0.752459016393443,0.72,363,359,207,128,264.25
227,4,0.1,0,1,15,0.898193274781579,0.855111111111111,0.819653507526271,0.837006960556845,0.700136313089644,0.693023255813954,0.732786885245902,0.712350597609562,348,292,390,111,285.25
228,5,0.1,0,1,15,0.928578232189299,0.88098016336056,0.857710877591593,0.869189811483667,0.701940667934139,0.679300291545189,0.763934426229508,0.719135802469136,14,8,354,334,177.5
229,2,0.03,0.1,1,15,0.869753934368928,0.833677991137371,0.801476853166714,0.817260353315957,0.709613660006457,0.692063492063492,0.714754098360656,0.703225806451613,514,499,137,120,317.5
230,3,0.03,0.1,1,15,0.895730691686273,0.852488151658768,0.817381425731326,0.83456575322604,0.715600674391075,0.693233082706767,0.755737704918033,0.723137254901961,373,338,37,109,214.25
231,4,0.03,0.1,1,15,0.900814028385129,0.853529411764706,0.82419767111616,0.838607137696865,0.714757685547225,0.691265060240964,0.752459016393443,0.720565149136578,317,324,44,126,202.75
232,5,0.03,0.1,1,15,0.91808346112342,0.868953386103782,0.841806305026981,0.855164454702828,0.707952792624744,0.679049034175334,0.749180327868853,0.712392829306313,60,62,188,337.5,161.875
233,2,0.05,0.1,1,15,0.882415957085609,0.840815121086828,0.808577108775916,0.824381062690025,0.70807475696811,0.683823529411765,0.762295081967213,0.720930232558139,472,468,186,241,341.75
234,3,0.05,0.1,1,15,0.906778896244174,0.85756069026031,0.832717977847203,0.844956772334294,0.709272877282348,0.68,0.752459016393443,0.714396887159533,223,249,146,320,234.5
235,4,0.05,0.1,1,15,0.903853449417931,0.85450278674098,0.827321783584209,0.840692640692641,0.70429027513721,0.683183183183183,0.745901639344262,0.713166144200627,269,303,285,254,277.75
236,5,0.05,0.1,1,15,0.907533607967265,0.861674008810573,0.833285998295939,0.847242275483685,0.697592997811816,0.680786686838124,0.737704918032787,0.708103855232101,208,177,438,304.5,281.875
237,2,0.1,0.1,1,15,0.887523569093025,0.842756183745583,0.812837262141437,0.827526384270638,0.72068730494673,0.682014388489209,0.777049180327869,0.726436781609195,435,453,10,286,296
238,3,0.1,0.1,1,15,0.907716271499841,0.861333333333333,0.825617722238001,0.843097447795824,0.690404275926391,0.673976608187135,0.755737704918033,0.712519319938176,204,184,513,431,333
239,4,0.1,0.1,1,15,0.909665154231486,0.8639716730599,0.83158193694973,0.847467438494935,0.701144312515694,0.68693009118541,0.740983606557377,0.712933753943218,161,132,379,172,211
240,5,0.1,0.1,1,15,0.922589633311123,0.876291703572483,0.842942345924453,0.859293572669369,0.697022635147254,0.679626749611198,0.716393442622951,0.697525937749402,30,17,444.5,330,205.375
241,2,0.03,0.2,1,15,0.868831037212089,0.83170947741364,0.800056802044874,0.815576143601621,0.70908275639416,0.693452380952381,0.763934426229508,0.726989079563183,518,511.5,151,104,321.125
242,3,0.03,0.2,1,15,0.895519616245472,0.84851164161509,0.817665435955694,0.832803008388776,0.710237830469563,0.679049034175334,0.749180327868853,0.712392829306313,374,389,123,337.5,305.875
243,4,0.03,0.2,1,15,0.911261337412746,0.864441819255759,0.831297926725362,0.847545967858694,0.699192883021846,0.668109668109668,0.759016393442623,0.710667689946278,134,119,409,507,292.25
244,5,0.03,0.2,1,15,0.915097815886263,0.868112543962485,0.841238284578245,0.854464156930622,0.702460809986727,0.675477239353891,0.754098360655738,0.712625871417506,86,69,341,414.5,227.625
245,2,0.05,0.2,1,15,0.883553576422427,0.844418052256532,0.807725078102812,0.8256641021919,0.705481221078308,0.686046511627907,0.773770491803279,0.727272727272727,463,435,254.5,186.5,334.75
246,3,0.05,0.2,1,15,0.897016412176887,0.84982332155477,0.819653507526271,0.834465808876681,0.703902858987696,0.686131386861314,0.770491803278689,0.725868725868726,359,373,296,185,303.25
247,4,0.05,0.2,1,15,0.909397853692606,0.861886570672936,0.833001988071571,0.847198151357597,0.700559601104854,0.681008902077151,0.752459016393443,0.714953271028037,166,172,388,299.5,256.375
248,5,0.05,0.2,1,15,0.91772956413629,0.87333923826395,0.840102243680773,0.856398378691372,0.708802955841733,0.683183183183183,0.745901639344262,0.713166144200627,61,31,162,254,127
249,2,0.1,0.2,1,15,0.892810470038554,0.850981558596074,0.812553251917069,0.831323550777278,0.69747820784159,0.665217391304348,0.752459016393443,0.706153846153846,398,360,439,524.5,430.375
250,3,0.1,0.2,1,15,0.903250485587815,0.857944477259303,0.825049701789265,0.84117561893731,0.703310973203716,0.688473520249221,0.724590163934426,0.706070287539936,275,240,313,147,243.75
251,4,0.1,0.2,1,15,0.908561117552474,0.86712044983723,0.832149957398466,0.849275362318841,0.706123327474262,0.682027649769585,0.727868852459016,0.704203013481364,180,83,242,283,197
252,5,0.1,0.2,1,15,0.919950156151194,0.875772740653518,0.84493041749503,0.860075166233015,0.704096567062453,0.6859375,0.719672131147541,0.7024,41,20,289,189,134.75
253,2,0.03,0,1.5,15,0.868573479453999,0.833432128037937,0.798636750923033,0.815663524292966,0.709947268357427,0.694227769110765,0.729508196721312,0.711430855315748,520,501,131,97,312.25
254,3,0.03,0,1.5,15,0.895116515493906,0.849178403755868,0.821925589321216,0.835329773416077,0.701409764321842,0.679411764705882,0.757377049180328,0.716279069767442,381,380,371,332,366
255,4,0.03,0,1.5,15,0.894268893565182,0.847169257846876,0.820221527975007,0.833477633477634,0.713505757434444,0.68815592203898,0.752459016393443,0.718872357086923,391,402,62,151.5,251.625
256,5,0.03,0,1.5,15,0.907761012090954,0.858028335301063,0.825617722238001,0.841511072514112,0.706944793198694,0.683431952662722,0.757377049180328,0.71850699844479,202,239,216,249,226.5
257,2,0.05,0,1.5,15,0.882853783502783,0.841918294849023,0.807725078102812,0.824467314103493,0.707515155863256,0.693353474320242,0.752459016393443,0.721698113207547,469,459.5,198,106,308.125
258,3,0.05,0,1.5,15,0.898216026079737,0.85194957490472,0.825333712013632,0.838430467397576,0.704275926390932,0.672438672438672,0.763934426229508,0.71527244819647,347,346,286,453,358
259,4,0.05,0,1.5,15,0.905082128376323,0.856764705882353,0.827321783584209,0.841785869094062,0.71833769774366,0.687224669603524,0.767213114754098,0.725019364833463,256,262,20,166,176
260,5,0.05,0,1.5,15,0.905897800515529,0.85823754789272,0.827037773359841,0.842348857390801,0.716587150697708,0.688059701492537,0.755737704918033,0.7203125,238,235,31,154,164.5
261,2,0.1,0,1.5,15,0.896210918250014,0.853427895981088,0.820221527975007,0.83649529326575,0.693345768913441,0.672992700729927,0.755737704918033,0.711969111969112,364,326,487,443.5,405.125
262,3,0.1,0,1.5,15,0.902308375014111,0.857269766064554,0.822209599545584,0.839373731516382,0.68402267101912,0.670087976539589,0.749180327868853,0.707430340557276,290,254,535,480,389.75
263,4,0.1,0,1.5,15,0.913793480697156,0.865491923641703,0.836978131212724,0.850996246029454,0.712820604799656,0.687311178247734,0.745901639344262,0.715408805031447,99,100,82,165,111.5
264,5,0.1,0,1.5,15,0.916506436930081,0.869846878680801,0.8389662027833,0.854127511927136,0.698751659073789,0.678071539657854,0.714754098360656,0.695929768555467,72,56,416,357,225.25
265,2,0.03,0.1,1.5,15,0.868579248921953,0.830233244759374,0.798636750923033,0.814128546612623,0.709387667252574,0.689450222882615,0.760655737704918,0.723304754481683,519,523,144,141,331.75
266,3,0.03,0.1,1.5,15,0.89536808606827,0.852222549308213,0.822209599545584,0.836947094535993,0.713279764680561,0.698365527488856,0.770491803278689,0.73265783320343,375,342,70,68,213.75
267,4,0.03,0.1,1.5,15,0.90074142017522,0.852820211515864,0.824481681340528,0.83841155234657,0.709645944685583,0.691842900302115,0.750819672131148,0.720125786163522,319,333,136,122,227.5
268,5,0.03,0.1,1.5,15,0.903786937249634,0.853009935710111,0.829025844930418,0.8408468961544,0.70807116978154,0.682890855457227,0.759016393442623,0.718944099378882,270,330,187,263.5,262.625
269,2,0.05,0.1,1.5,15,0.882251744964697,0.841354723707665,0.804316955410395,0.822419050384783,0.701947842307278,0.676767676767677,0.768852459016394,0.719877206446662,474,465,353,391,420.75
270,3,0.05,0.1,1.5,15,0.907673381492788,0.862150220913108,0.831297926725362,0.846443030653557,0.697008286400976,0.678994082840237,0.752459016393443,0.713841368584759,205,169,446.5,340,290.125
271,4,0.05,0.1,1.5,15,0.906371822179772,0.860964138741917,0.831865947174098,0.846164957388415,0.713225956882017,0.691285081240768,0.767213114754098,0.727272727272727,228,189,71,125,153.25
272,5,0.05,0.1,1.5,15,0.910879463948935,0.863463228830941,0.836978131212724,0.850014421690222,0.693367292032859,0.675226586102719,0.732786885245902,0.702830188679245,139,140,486,418,295.75
273,2,0.1,0.1,1.5,15,0.88914261243033,0.845651528643515,0.809145129224652,0.82699564586357,0.71051045664885,0.680173661360347,0.770491803278689,0.722521137586472,425,412,120,315.5,318.125
274,3,0.1,0.1,1.5,15,0.917259624642769,0.869590815425375,0.8389662027833,0.854004047412547,0.700789181045306,0.672256097560976,0.722950819672131,0.696682464454976,64,57,384,456,240.25
275,4,0.1,0.1,1.5,15,0.903121652279827,0.855220824802574,0.830445896052258,0.842651296829971,0.703536965957599,0.67203513909224,0.752459016393443,0.709976798143852,277,290,305.5,458.5,332.75
276,5,0.1,0.1,1.5,15,0.917191261890411,0.871915393654524,0.842942345924453,0.857184115523466,0.708333034401119,0.690058479532164,0.773770491803279,0.72952086553323,65,40,178.5,132.5,104
277,2,0.03,0.2,1.5,15,0.868893739354379,0.833826138379657,0.800908832717978,0.817036071273359,0.715693941241884,0.699537750385208,0.744262295081967,0.721207307386815,517,497,34,57.5,276.375
278,3,0.03,0.2,1.5,15,0.894541745856243,0.847978910369069,0.822209599545584,0.834895457822639,0.711468235462927,0.696696696696697,0.760655737704918,0.727272727272727,388,393,98,78,239.25
279,4,0.03,0.2,1.5,15,0.900832969657279,0.852329329036039,0.826185742686737,0.839053937121431,0.717903648168741,0.700301204819277,0.762295081967213,0.729984301412873,316,341,21,52,182.5
280,5,0.03,0.2,1.5,15,0.9082214809484,0.862860506180106,0.832717977847203,0.847521318109554,0.710162499551602,0.683812405446294,0.740983606557377,0.711250983477577,191,150,125,243.5,177.375
281,2,0.05,0.2,1.5,15,0.882656424155609,0.838200934579439,0.815109343936382,0.826493880489561,0.713003551314704,0.680115273775216,0.773770491803279,0.723926380368098,471,484,77,319,337.75
282,3,0.05,0.2,1.5,15,0.896181907623416,0.849062133645955,0.82277761999432,0.835713255444973,0.701492269612943,0.675912408759124,0.759016393442623,0.715057915057915,365,382,367,406.5,380.125
283,4,0.05,0.2,1.5,15,0.907521415884042,0.859320046893318,0.832717977847203,0.845809894706476,0.708515980916167,0.680119581464873,0.745901639344262,0.711493354182955,209,216,168,317.5,227.625
284,5,0.05,0.2,1.5,15,0.932232809135441,0.886920578683201,0.853166714001704,0.869716270990156,0.698981239014241,0.680428134556575,0.729508196721312,0.704113924050633,5,2,411,309,181.75
285,2,0.1,0.2,1.5,15,0.883666407621184,0.843055966834469,0.808577108775916,0.825456654102638,0.720163575707573,0.692753623188406,0.783606557377049,0.735384615384615,462,449,13,114,259.5
286,3,0.1,0.2,1.5,15,0.89598324198161,0.848939929328622,0.818801476853167,0.833598380800925,0.705940380959214,0.684532924961715,0.732786885245902,0.707838479809976,368,383,246,217.5,303.625
287,4,0.1,0.2,1.5,15,0.912689988307575,0.86700088469478,0.834990059642147,0.850694444444445,0.705334146428956,0.677321156773212,0.729508196721312,0.702446724546172,113,85,259,379,209
288,5,0.1,0.2,1.5,15,0.915988817682527,0.871176470588235,0.841238284578245,0.855945672590666,0.694970764429458,0.677661169415292,0.740983606557377,0.707909162098669,77,44,474,363.5,239.625
289,2,0.03,0,2,15,0.868154757595804,0.832592592592593,0.798068730474297,0.814965197215777,0.710560677260824,0.693846153846154,0.739344262295082,0.715873015873016,521,504,118,100,310.75
290,3,0.03,0,2,15,0.895948461887058,0.849985263778367,0.819085487077535,0.834249349146659,0.708505219356459,0.68475073313783,0.765573770491803,0.722910216718266,370,370,169,214,280.75
291,4,0.03,0,2,15,0.90635467706274,0.857605177993528,0.827889804032945,0.842485549132948,0.706604010474585,0.68215892053973,0.745901639344262,0.712607674236492,229,246,229,279,245.75
292,5,0.03,0,2,15,0.907454685999972,0.863005609684086,0.83016188582789,0.846265199768384,0.710305987014385,0.702743902439024,0.755737704918033,0.72827804107425,211,146.5,122,28.5,127
293,2,0.05,0,2,15,0.882393858934767,0.839469808541974,0.80942913944902,0.824175824175824,0.709610072819887,0.681159420289855,0.770491803278689,0.723076923076923,473,478,138,296,346.25
294,3,0.05,0,2,15,0.908057540972203,0.862681266646937,0.827889804032945,0.844927536231884,0.708347383147398,0.682634730538922,0.747540983606557,0.713615023474179,192,156,174.5,270,198.125
295,4,0.05,0,2,15,0.905784588314171,0.862211709047901,0.828173814257313,0.844850065189048,0.704006887398214,0.677514792899408,0.750819672131148,0.712286158631415,243,168,293,367.5,267.875
296,5,0.05,0,2,15,0.913051940778262,0.863716295427902,0.836978131212724,0.850137025818549,0.690339706568139,0.679640718562874,0.744262295081967,0.710485133020344,108,136,514,328.5,271.625
297,2,0.1,0,2,15,0.883908942991016,0.844801906464105,0.805452996307867,0.824658330910148,0.708397603759372,0.698461538461539,0.744262295081967,0.720634920634921,460,427,172,66.5,281.375
298,3,0.1,0,2,15,0.905860897692202,0.856343832793641,0.826185742686737,0.840994507082972,0.706801305735911,0.678733031674208,0.737704918032787,0.706991358994501,240,271.5,219,347,269.375
299,4,0.1,0,2,15,0.908439632151786,0.861774241084586,0.830445896052258,0.845820075209719,0.690511891523478,0.68215892053973,0.745901639344262,0.712607674236492,186,173,510,279,287
300,5,0.1,0,2,15,0.919023829970949,0.873094958968347,0.846066458392502,0.859368238857637,0.706639882340281,0.672155688622755,0.736065573770492,0.702660406885759,51,33,225,457,191.5
301,2,0.03,0.1,2,15,0.867941668284114,0.831952662721893,0.798636750923033,0.814954354441385,0.71488682426373,0.686544342507645,0.736065573770492,0.710443037974684,522,509,43,177,312.75
302,3,0.03,0.1,2,15,0.894690228012639,0.849985350131849,0.823913660891792,0.836746466685896,0.709132977006134,0.676724137931035,0.772131147540984,0.721286370597244,386,369,150,392,324.25
303,4,0.03,0.1,2,15,0.910423893696356,0.863743378457916,0.833570008520307,0.848388495447319,0.710029773648528,0.697428139183056,0.755737704918033,0.725413060582219,148,135,127,74,121
304,5,0.03,0.1,2,15,0.905536827765815,0.856100408639813,0.833001988071571,0.844393263279113,0.711902285037845,0.697466467958271,0.767213114754098,0.730679156908665,246,279,91,73,172.25
305,2,0.05,0.1,2,15,0.882731971528438,0.841637010676157,0.806021016756603,0.823444073697954,0.705409477346917,0.686478454680535,0.757377049180328,0.720187061574435,470,462,258,178,342
306,3,0.05,0.1,2,15,0.902601148298295,0.856259204712813,0.825617722238001,0.840659340659341,0.711877174731858,0.687591240875912,0.772131147540984,0.727413127413127,286,275,92,159,203
307,4,0.05,0.1,2,15,0.905051865884037,0.855509964830012,0.829025844930418,0.842059714409347,0.708099867274097,0.679468242245199,0.754098360655738,0.714840714840715,257,284,185,331,264.25
308,5,0.05,0.1,2,15,0.909422074572224,0.860696517412935,0.835274069866515,0.847794753531277,0.715876887756932,0.684053651266766,0.752459016393443,0.716627634660422,164,192,33,232.5,155.375
309,2,0.1,0.1,2,15,0.895318991161719,0.851447135262847,0.818801476853167,0.834805270015926,0.695397639631237,0.681008902077151,0.752459016393443,0.714953271028037,376,354,464.5,299.5,373.5
310,3,0.1,0.1,2,15,0.909356433267013,0.865191740412979,0.833001988071571,0.848791781218348,0.702658105248054,0.668055555555556,0.788524590163934,0.723308270676692,167,107,335,508,279.25
311,4,0.1,0.1,2,15,0.911242015137995,0.866844602609727,0.83016188582789,0.848106774989119,0.69074864583707,0.682170542635659,0.721311475409836,0.701195219123506,135,87,505,277,251
312,5,0.1,0.1,2,15,0.912147114030486,0.865158636897767,0.836410110763988,0.850541516245487,0.713688703949492,0.698027314112291,0.754098360655738,0.724980299448384,120,108,59,69.5,89.125
313,2,0.03,0.2,2,15,0.869464481250263,0.831023296962548,0.800340812269242,0.815393518518519,0.705183484593034,0.689497716894977,0.742622950819672,0.715074980268351,515,520,263,140,359.5
314,3,0.03,0.2,2,15,0.894956167827944,0.848857644991213,0.823061630218688,0.835760634462869,0.70261147182265,0.6875,0.757377049180328,0.720748829953198,383,384,336,161.5,316.125
315,4,0.03,0.2,2,15,0.90512730439898,0.860506180105945,0.830445896052258,0.845208845208845,0.711278114574739,0.689910979228487,0.762295081967213,0.724299065420561,254,195,105,136.5,172.625
316,5,0.03,0.2,2,15,0.905800590423402,0.858490566037736,0.827037773359841,0.842470707362939,0.710166086738171,0.682890855457227,0.759016393442623,0.718944099378882,242,229,124,263.5,214.625
317,2,0.05,0.2,2,15,0.882163678934987,0.841918294849023,0.807725078102812,0.824467314103493,0.703723499659217,0.686046511627907,0.773770491803279,0.727272727272727,475,459.5,301,186.5,355.5
318,3,0.05,0.2,2,15,0.89787633504672,0.852665495020504,0.826753763135473,0.839509733237203,0.708168023818919,0.677053824362606,0.783606557377049,0.726443768996961,353,335,183,384,313.75
319,4,0.05,0.2,2,15,0.899855534699594,0.85173223722842,0.823913660891792,0.83759203118233,0.715349571331205,0.683381088825215,0.781967213114754,0.729357798165138,331,347,38,250,241.5
320,5,0.05,0.2,2,15,0.910140101187759,0.863609641387419,0.834422039193411,0.848764986277625,0.695397639631237,0.684830633284242,0.762295081967213,0.721489526764934,151,138,464.5,213,241.625
321,2,0.1,0.2,2,15,0.883247631334046,0.841590032631267,0.805737006532235,0.823273360417876,0.702672453994332,0.670977011494253,0.765573770491803,0.715160796324655,465,463,333,472,433.25
322,3,0.1,0.2,2,15,0.912136010526122,0.865039694207586,0.835558080090883,0.850043340075123,0.688553287656491,0.666666666666667,0.734426229508197,0.698907956318253,121,110,521,516.5,317.125
323,4,0.1,0.2,2,15,0.911376726771823,0.865032486709982,0.831865947174098,0.848125090487911,0.688190981812964,0.695439739413681,0.7,0.697712418300654,130,111,524,88,213.25
324,5,0.1,0.2,2,15,0.912387853245201,0.863569103284996,0.82874183470605,0.845797101449275,0.702876923628798,0.688427299703264,0.760655737704918,0.722741433021807,119,139,322,149,182.25
325,2,0.03,0,1,20,0.866438449737429,0.829831311038769,0.796364669128089,0.812753623188406,0.722509595724074,0.700920245398773,0.749180327868853,0.724247226624406,524,527,5,47.5,275.875
326,3,0.03,0,1,20,0.891045502705173,0.846221959858324,0.814257313263278,0.829931972789116,0.705488395451448,0.67741935483871,0.757377049180328,0.715170278637771,405,408,253,370,359
327,4,0.03,0,1,20,0.901143541205812,0.856594865742107,0.824481681340528,0.840231548480463,0.701675216127991,0.67687595712098,0.724590163934426,0.699920823436263,307,267,359,389,330.5
328,5,0.03,0,1,20,0.91260257542518,0.866804489072652,0.833570008520307,0.849862458375561,0.705086630555655,0.67737003058104,0.726229508196721,0.700949367088608,115,88,266,374,210.75
329,2,0.05,0,1,20,0.880163034278586,0.839517078916372,0.809713149673388,0.824345814659534,0.712311224306776,0.677372262773723,0.760655737704918,0.716602316602317,479,477,88,372.5,354.125
330,3,0.05,0,1,20,0.892165051632928,0.845161290322581,0.818517466628799,0.831626027990189,0.713577501165836,0.673323823109843,0.773770491803279,0.720061022120519,401,417,61,439,329.5
331,4,0.05,0,1,20,0.911552749973357,0.867157584683358,0.836126100539619,0.851359167148641,0.708964379237364,0.676427525622255,0.757377049180328,0.71461716937355,127,82,156,396,190.25
332,5,0.05,0,1,20,0.909143071810608,0.862710363153233,0.829877875603522,0.845975680370585,0.702726261792876,0.678466076696165,0.754098360655738,0.714285714285714,172,154,330,350.5,251.625
333,2,0.1,0,1,20,0.880839586039586,0.840794544915506,0.805452996307867,0.822744415433711,0.707167198766008,0.666666666666667,0.773770491803279,0.716236722306525,476,469,208,516.5,417.375
334,3,0.1,0,1,20,0.910733158950257,0.863810930576071,0.830445896052258,0.846799884158703,0.707192309071995,0.669603524229075,0.747540983606557,0.706429124709528,143,133,205,488,242.25
335,4,0.1,0,1,20,0.904902730580325,0.859732540861813,0.821641579096848,0.840255591054313,0.709990314596262,0.6759941089838,0.752459016393443,0.712179984484096,260,211,129,404,251
336,5,0.1,0,1,20,0.922173796186904,0.874339401056958,0.845782448168134,0.859823877580482,0.702231230046275,0.681335356600911,0.736065573770492,0.707643814026793,33,29,346,295,175.75
337,2,0.03,0.1,1,20,0.865746440156629,0.829044661342798,0.796080658903721,0.812228339611707,0.720027262617929,0.694736842105263,0.757377049180328,0.724705882352941,528,530,14,93,291.25
338,3,0.03,0.1,1,20,0.890343532627811,0.844954398352457,0.815677364385118,0.830057803468208,0.709595724073609,0.679767103347889,0.765573770491803,0.720123361603701,414,422,139,324,324.75
339,4,0.03,0.1,1,20,0.900563056529138,0.854117647058824,0.824765691564896,0.839185088859991,0.713853714531693,0.675477239353891,0.754098360655738,0.712625871417506,322,312,55,414.5,275.875
340,5,0.03,0.1,1,20,0.910841744691463,0.864626250735727,0.834422039193411,0.849255672785085,0.711281701761309,0.681481481481482,0.754098360655738,0.715953307392996,142,116,104,293.5,163.875
341,2,0.05,0.1,1,20,0.880518564134005,0.837393601408864,0.810281170122124,0.823614318706697,0.710872762492377,0.66965620328849,0.734426229508197,0.700547302580141,477,490,112,487,391.5
342,3,0.05,0.1,1,20,0.901654955553869,0.856426886792453,0.825049701789265,0.840445537393317,0.704785306883811,0.678518518518519,0.750819672131148,0.71284046692607,299,270,273,349,297.75
343,4,0.05,0.1,1,20,0.90601547589021,0.861680023745919,0.824481681340528,0.84267053701016,0.709775083402088,0.687211093990755,0.731147540983607,0.708498808578237,235,176,133.5,170,178.625
344,5,0.05,0.1,1,20,0.902183134016359,0.857609018095521,0.821073558648111,0.838943702843877,0.709559852207913,0.683582089552239,0.750819672131148,0.715625,291,245,141,248,231.25
345,2,0.1,0.1,1,20,0.884921103614311,0.844213649851632,0.80800908832718,0.825714700333769,0.705222943645299,0.672883787661406,0.768852459016394,0.717674062739097,457,437,261,446,400.25
346,3,0.1,0.1,1,20,0.899979850405316,0.85574644549763,0.820505538199375,0.837755545889517,0.702360368762779,0.686244204018547,0.727868852459016,0.706443914081146,329,280,344,183,284
347,4,0.1,0.1,1,20,0.911168917067599,0.863997644980866,0.833570008520307,0.848511130384504,0.694694551063601,0.675912408759124,0.759016393442623,0.715057915057915,137,131,477,406.5,287.875
348,5,0.1,0.1,1,20,0.91633046815749,0.86939858490566,0.83754615166146,0.853175177202372,0.701187358754529,0.675324675324675,0.767213114754098,0.718342287029931,73,59,377,417,231.5
349,2,0.03,0.2,1,20,0.866133702085793,0.826945754716981,0.796648679352457,0.811514537827282,0.717458837034114,0.701357466063348,0.762295081967213,0.730557737627651,526,537,24,42,282.25
350,3,0.03,0.2,1,20,0.891100639224392,0.847838957963292,0.813405282590173,0.830265255834179,0.711131039925387,0.678832116788321,0.762295081967213,0.718146718146718,403,397.5,109,344,313.375
351,4,0.03,0.2,1,20,0.900967844577936,0.856127886323268,0.82135756887248,0.838382374257139,0.703260752591742,0.671554252199413,0.750819672131148,0.708978328173375,312,278,314,462,341.5
352,5,0.03,0.2,1,20,0.909995211341598,0.860737273259216,0.835558080090883,0.847960801268194,0.702837464576533,0.676204819277108,0.736065573770492,0.704866562009419,154,191,325,399.5,267.375
353,2,0.05,0.2,1,20,0.880505718903466,0.843305687203791,0.808577108775916,0.82557633753806,0.709079169207591,0.673105497771174,0.742622950819672,0.706157443491816,478,446,152,440.5,379.125
354,3,0.05,0.2,1,20,0.897940615628357,0.856845856845857,0.819369497301903,0.837688734030198,0.715650895003049,0.682492581602374,0.754098360655738,0.716510903426791,350,259,35,272.5,229.125
355,4,0.05,0.2,1,20,0.905015725065911,0.859763313609468,0.825333712013632,0.842196783074917,0.700634932022815,0.664688427299703,0.734426229508197,0.697819314641745,258,209,387,528,345.5
356,5,0.05,0.2,1,20,0.914765255044774,0.867526377491208,0.840670264129509,0.853887206115679,0.700017935932848,0.673780487804878,0.724590163934426,0.69826224328594,90,76,393,433,248
357,2,0.1,0.2,1,20,0.890179483793728,0.844634433962264,0.813689292814541,0.828873137566903,0.706177135272806,0.684444444444444,0.757377049180328,0.719066147859922,416,431,240,220,326.75
358,3,0.1,0.2,1,20,0.91039896524048,0.865384615384615,0.830729906276626,0.847703231415737,0.698669153782688,0.664244186046512,0.749180327868853,0.704160246533128,149,105,417,530,300.25
359,4,0.1,0.2,1,20,0.912555984250006,0.866431303324507,0.836410110763988,0.851156069364162,0.703813179323457,0.682020802377415,0.752459016393443,0.715510522213562,116,92,299,284.5,197.875
360,5,0.1,0.2,1,20,0.905698536155351,0.860361695819745,0.82419767111616,0.841891499854946,0.689869785127525,0.66820987654321,0.709836065573771,0.688394276629571,244,199,516,505,366
361,2,0.03,0,1.5,20,0.865200300142963,0.828327444051826,0.798920761147401,0.813358392366633,0.715073357965348,0.698940998487141,0.757377049180328,0.726986624704957,531,532,40,63,291.5
362,3,0.03,0,1.5,20,0.889869293247796,0.846975088967972,0.811133200795229,0.828666763383142,0.726512895935718,0.6875,0.757377049180328,0.720748829953198,418,403,1,161.5,245.875
363,4,0.03,0,1.5,20,0.896609283683542,0.851307669703203,0.82277761999432,0.836799537839399,0.714696703375543,0.685376661742984,0.760655737704918,0.721056721056721,362,356,45,200.5,240.875
364,5,0.03,0,1.5,20,0.894878225581625,0.849617422012949,0.819937517750639,0.83451365804307,0.711195609283639,0.690119760479042,0.755737704918033,0.721439749608764,385,375,107,130.5,249.375
365,2,0.05,0,1.5,20,0.879215426381643,0.839216849599525,0.803464924737291,0.820951828206616,0.711769559134771,0.685074626865672,0.752459016393443,0.7171875,483,479,94,210,316.5
366,3,0.05,0,1.5,20,0.902075473567183,0.857691172128727,0.825049701789265,0.841053850607991,0.708924920185099,0.662393162393162,0.762295081967213,0.708841463414634,292,243,157,535,306.75
367,4,0.05,0,1.5,20,0.904889449918242,0.859940652818991,0.823061630218688,0.841097083151937,0.708584137460989,0.675595238095238,0.744262295081967,0.708268330733229,261,207,165,411.5,261.125
368,5,0.05,0,1.5,20,0.907787029125689,0.860547219770521,0.830729906276626,0.845375722543352,0.701194533127668,0.67603550295858,0.749180327868853,0.710730948678072,201,193.5,376,402.5,293.25
369,2,0.1,0,1.5,20,0.886597732773267,0.840694935217903,0.810849190570861,0.825502385427208,0.69680381676651,0.668604651162791,0.754098360655738,0.708782742681048,444,470,448,501,465.75
370,3,0.1,0,1.5,20,0.910469831724214,0.864266745352611,0.831865947174098,0.847756874095514,0.702683215554041,0.683658170914543,0.747540983606557,0.714173844949099,147,124,332,247,212.5
371,4,0.1,0,1.5,20,0.90838161089859,0.862577410793276,0.830729906276626,0.846354166666667,0.690472432471213,0.670788253477589,0.711475409836066,0.690533015115354,188,160,511,473,333
372,5,0.1,0,1.5,20,0.916972457539709,0.868731563421829,0.836410110763988,0.852264505860223,0.703398859274671,0.680851063829787,0.734426229508197,0.706624605678233,68,64,312,303,186.75
373,2,0.03,0.1,1.5,20,0.866144424587557,0.830026650873556,0.796080658903721,0.812699333140041,0.723072784015497,0.693815987933635,0.754098360655738,0.722702278083268,525,524,3,101,288.25
374,3,0.03,0.1,1.5,20,0.890712288716369,0.844888366627497,0.81681340528259,0.830613718411552,0.713649244897227,0.679355783308931,0.760655737704918,0.717710750193349,411,425,60,333,307.25
375,4,0.03,0.1,1.5,20,0.899597650367847,0.853565114908662,0.82277761999432,0.837888647866956,0.706837177601607,0.680119581464873,0.745901639344262,0.711493354182955,336,323,218,317.5,298.625
376,5,0.03,0.1,1.5,20,0.911558846014969,0.86828115770821,0.834990059642147,0.851310264948603,0.706614772034294,0.68815592203898,0.752459016393443,0.718872357086923,126,67,227.5,151.5,143
377,2,0.05,0.1,1.5,20,0.879757212079873,0.836272780717225,0.80800908832718,0.821898021089123,0.71454962872619,0.683673469387755,0.768852459016394,0.723765432098765,480,492,47,246,316.25
378,3,0.05,0.1,1.5,20,0.906235586535542,0.857310628302995,0.829309855154786,0.843077811462394,0.704057108010188,0.681481481481482,0.754098360655738,0.715953307392996,230,253,292,293.5,267.125
379,4,0.05,0.1,1.5,20,0.909022566130894,0.860547219770521,0.830729906276626,0.845375722543352,0.706535853929763,0.685376661742984,0.760655737704918,0.721056721056721,174,193.5,232,200.5,200
380,5,0.05,0.1,1.5,20,0.909784135900797,0.861290322580645,0.834138028969043,0.847496753715193,0.706277576496754,0.682492581602374,0.754098360655738,0.716510903426791,158,185,237,272.5,213.125
381,2,0.1,0.1,1.5,20,0.888970453683746,0.848539057841384,0.808293098551548,0.827927272727273,0.71228252681422,0.685714285714286,0.747540983606557,0.715294117647059,428,388,89,195.5,275.125
382,3,0.1,0.1,1.5,20,0.901947946553826,0.856172474896633,0.823345640443056,0.83943825104966,0.709068407647882,0.693270735524257,0.726229508196721,0.709367493995196,293,277,154,107,207.75
383,4,0.1,0.1,1.5,20,0.908558722678984,0.86420488385944,0.82419767111616,0.843727285942724,0.701463572120386,0.683257918552036,0.742622950819672,0.711704634721131,181,126,368,251.5,231.625
384,5,0.1,0.1,1.5,20,0.914295206693367,0.867508813160987,0.838682192558932,0.852851985559567,0.686752519998565,0.670694864048338,0.727868852459016,0.69811320754717,95,77,528,474,293.5
385,2,0.03,0.2,1.5,20,0.8667162550623,0.83170947741364,0.800056802044874,0.815576143601621,0.720741112745274,0.704545454545455,0.762295081967213,0.732283464566929,523,511.5,9,19,265.625
386,3,0.03,0.2,1.5,20,0.890928970338294,0.845609899823218,0.815109343936382,0.830079537237889,0.717225669907092,0.686390532544379,0.760655737704918,0.721617418351478,407,413,25,180,256.25
387,4,0.03,0.2,1.5,20,0.903690815736365,0.857857563272513,0.827889804032945,0.842607313195549,0.709315923521182,0.672992700729927,0.755737704918033,0.711969111969112,272,241,145,443.5,275.375
388,5,0.03,0.2,1.5,20,0.897887329693198,0.849632892804699,0.821641579096848,0.835402829916258,0.717526993578936,0.685672514619883,0.768852459016394,0.724884080370943,351,374,23,197,236.25
389,2,0.05,0.2,1.5,20,0.879014365866347,0.837415166715845,0.806021016756603,0.821418234442836,0.71404742260645,0.680173661360347,0.770491803278689,0.722521137586472,484,489,53,315.5,335.375
390,3,0.05,0.2,1.5,20,0.899304713796834,0.855029585798817,0.820789548423743,0.837559773945805,0.697697026222334,0.668621700879765,0.747540983606557,0.705882352941177,338,293,435,497.5,390.875
391,4,0.05,0.2,1.5,20,0.912438744306869,0.866039952996475,0.837262141437092,0.851407942238267,0.706715213258242,0.678311499272198,0.763934426229508,0.71858134155744,118,95,223,353,197.25
392,5,0.05,0.2,1.5,20,0.905309750215783,0.858523725834798,0.832433967622835,0.845277577505407,0.698296086379453,0.666666666666667,0.731147540983607,0.697419859265051,249,227,422,516.5,353.625
393,2,0.1,0.2,1.5,20,0.883186562060044,0.842776624147138,0.806873047429708,0.824434126523505,0.715930695555476,0.684365781710914,0.760655737704918,0.720496894409938,466,451.5,32,221,292.625
394,3,0.1,0.2,1.5,20,0.908789392539251,0.863366923532899,0.827321783584209,0.844960116026106,0.703422175987373,0.67741935483871,0.757377049180328,0.715170278637771,177,141,311,370,249.75
395,4,0.1,0.2,1.5,20,0.92285377697131,0.876631079478054,0.839534223232036,0.85768170607863,0.700878860709546,0.690184049079755,0.737704918032787,0.713153724247227,29,16,381,129,138.75
396,5,0.1,0.2,1.5,20,0.913901903151534,0.867473435655254,0.834706049417779,0.850774352294109,0.701610646769739,0.678674351585014,0.772131147540984,0.72239263803681,98,79,363,348,222
397,2,0.03,0,2,20,0.865559531166503,0.826974267968057,0.794092587333144,0.810199942045784,0.715607848764214,0.678260869565217,0.767213114754098,0.72,530,536,36,354,364
398,3,0.03,0,2,20,0.890801280038109,0.845,0.815961374609486,0.830226845831527,0.7148904114503,0.683139534883721,0.770491803278689,0.724191063174114,410,421,42,258,282.75
399,4,0.03,0,2,20,0.904331335537125,0.85936582501468,0.831297926725362,0.84509888840768,0.705674929153065,0.674556213017752,0.747540983606557,0.709175738724728,267,214,251,425,289.25
400,5,0.03,0,2,20,0.909232879566493,0.861004995592125,0.832149957398466,0.84633160023108,0.715130752950461,0.677325581395349,0.763934426229508,0.718027734976888,169,187,39,376.5,192.875
401,2,0.05,0,2,20,0.878783696006081,0.840579710144928,0.807157057654076,0.823529411764706,0.70891774581196,0.670537010159652,0.757377049180328,0.711316397228637,485,471,158,478,398
402,3,0.05,0,2,20,0.905128392977839,0.859171597633136,0.824765691564896,0.841617156933778,0.701721849553395,0.667638483965015,0.750819672131148,0.70679012345679,253,219,358,509,334.75
403,4,0.05,0,2,20,0.899624320549898,0.851534828807556,0.819369497301903,0.835142567665364,0.708670229938659,0.676945668135096,0.755737704918033,0.7141750580945,335,353,164,387,309.75
404,5,0.05,0,2,20,0.907321988237035,0.858526562958615,0.830729906276626,0.844399538106236,0.702927144240772,0.671150971599402,0.736065573770492,0.702111024237686,213,226,319.5,467.5,306.5
405,2,0.1,0,2,20,0.884744318407575,0.842776624147138,0.806873047429708,0.824434126523505,0.697022635147254,0.669096209912537,0.752459016393443,0.708333333333333,459,451.5,444.5,493.5,462.125
406,3,0.1,0,2,20,0.902870462708064,0.855670103092784,0.825049701789265,0.840080971659919,0.701273451232199,0.672699849170438,0.731147540983607,0.700706991358995,281,282,373,448,346
407,4,0.1,0,2,20,0.904848301637364,0.85625554569654,0.822209599545584,0.838887279049551,0.700685152634789,0.672619047619048,0.740983606557377,0.705148205928237,262,276,385,449.5,343.125
408,5,0.1,0,2,20,0.919665928211055,0.87599645704163,0.842658335700085,0.859004053271569,0.70311367794239,0.67814371257485,0.742622950819672,0.708920187793427,44,19,316,356,183.75
409,2,0.03,0.1,2,20,0.865581738175231,0.831457345971564,0.797216699801193,0.813977091489053,0.716605086630556,0.715421303656598,0.737704918032787,0.726392251815981,529,516,29,2,269
410,3,0.03,0.1,2,20,0.8916615294816,0.848269742679681,0.814541323487646,0.831063459866705,0.70714567564659,0.674927113702624,0.759016393442623,0.714506172839506,402,392,210,421,356.25
411,4,0.03,0.1,2,20,0.902694548364416,0.854652880354505,0.821641579096848,0.837822183608456,0.718413028661621,0.683908045977011,0.780327868852459,0.728943338437979,283,302,19,237,210.25
412,5,0.03,0.1,2,20,0.907232779199522,0.858151854031783,0.828173814257313,0.842896372308137,0.711177673350791,0.678779069767442,0.765573770491803,0.719568567026194,216,237,108,346,226.75
413,2,0.05,0.1,2,20,0.878707822059593,0.838652482269504,0.806021016756603,0.822013034033309,0.710700577537038,0.679640718562874,0.744262295081967,0.710485133020344,486,483,115,328.5,353.125
414,3,0.05,0.1,2,20,0.898994577679844,0.854302670623145,0.817665435955694,0.835582644028443,0.703041934210998,0.673881673881674,0.765573770491803,0.7168073676132,340,306,317.5,432,348.875
415,4,0.05,0.1,2,20,0.91526121157303,0.871053408084981,0.838398182334564,0.854413892908828,0.694325070846935,0.67420814479638,0.732786885245902,0.702278083267871,83,45,480,427,258.75
416,5,0.05,0.1,2,20,0.908489325776709,0.862739322533137,0.831865947174098,0.847021399652979,0.702285037844818,0.671150971599402,0.736065573770492,0.702111024237686,182,153,345,467.5,286.875
417,2,0.1,0.1,2,20,0.894426465355053,0.85362962962963,0.818233456404431,0.835556844547564,0.7073214477885,0.676384839650146,0.760655737704918,0.716049382716049,389,321,203,397,327.5
418,3,0.1,0.1,2,20,0.907222492129303,0.862396204033215,0.825901732462369,0.843754533584796,0.708175198192058,0.688449848024316,0.742622950819672,0.714511041009464,217,165,182,148,178
419,4,0.1,0.1,2,20,0.908481324722094,0.864697193500739,0.831297926725362,0.847668693889372,0.695605696452272,0.675595238095238,0.744262295081967,0.708268330733229,183,114,461,411.5,292.375
420,5,0.1,0.1,2,20,0.913923130439288,0.868823529411765,0.8389662027833,0.853633867938159,0.693295548301467,0.682737169517885,0.719672131147541,0.700718276137271,97,63,488,268,229
421,2,0.03,0.2,2,20,0.866097561267667,0.831510493644694,0.798920761147401,0.814889918887601,0.713355095598522,0.699395770392749,0.759016393442623,0.727987421383648,527,515,68,59,292.25
422,3,0.03,0.2,2,20,0.890916995970843,0.845157491904622,0.81539335416075,0.830008673026886,0.714406141263407,0.678939617083947,0.755737704918033,0.715283165244376,408,418,49,342,304.25
423,4,0.03,0.2,2,20,0.902346747418898,0.856974343851371,0.825333712013632,0.840856481481482,0.70773756143057,0.677991137370753,0.752459016393443,0.713286713286713,288,257,194,359,274.5
424,5,0.03,0.2,2,20,0.906074150290721,0.859711170055998,0.828457824481681,0.843795198148684,0.707084693474908,0.677279305354559,0.767213114754098,0.719446579554189,232,212,212,380,259
425,2,0.05,0.2,2,20,0.87934828743141,0.840983121113414,0.806589037205339,0.823427080313134,0.708985902356782,0.677372262773723,0.760655737704918,0.716602316602317,482,467,155,372.5,369.125
426,3,0.05,0.2,2,20,0.896043004960981,0.852048334806956,0.821073558648111,0.836274226207695,0.709556265021344,0.681073025335321,0.749180327868853,0.713505074160812,367,344,142,297.5,287.625
427,4,0.05,0.2,2,20,0.902958202164117,0.854283191050927,0.82419767111616,0.838970800809483,0.713371237938085,0.668613138686131,0.750819672131148,0.707335907335907,280,308,67,499.5,288.625
428,5,0.05,0.2,2,20,0.914682468622531,0.86605828672358,0.835558080090883,0.850534836657994,0.70285898769595,0.68030303030303,0.736065573770492,0.707086614173228,91,94,323.5,312,205.125
429,2,0.1,0.2,2,20,0.889347918403177,0.846153846153846,0.812269241692701,0.828865381828721,0.708878286759694,0.673559822747415,0.747540983606557,0.708624708624709,422,409,159,434.5,356.125
430,3,0.1,0.2,2,20,0.898346818829671,0.854259424161472,0.817381425731326,0.835413642960813,0.701671628941421,0.673559822747415,0.747540983606557,0.708624708624709,345,309,360,434.5,362.125
431,4,0.1,0.2,2,20,0.913595685918438,0.87005316007088,0.836694120988356,0.853047632836253,0.694848800086093,0.674750356633381,0.775409836065574,0.721586575133486,101,53,475,422,262.75
432,5,0.1,0.2,2,20,0.909825937328991,0.862038664323374,0.835842090315251,0.84873828406633,0.696082792266026,0.677661169415292,0.740983606557377,0.707909162098669,156,171,454,363.5,286.125
433,2,0.03,0,1,25,0.864536811328274,0.830020765351528,0.79466060778188,0.811955890887986,0.72287548875417,0.710691823899371,0.740983606557377,0.725521669341894,532,525,4,6,266.75
434,3,0.03,0,1,25,0.88847819832361,0.845788849347568,0.809997159897756,0.827506165675323,0.706159199339958,0.673105497771174,0.742622950819672,0.706157443491816,431,411,241,440.5,380.875
435,4,0.03,0,1,25,0.901465161829766,0.853062426383981,0.82277761999432,0.837646378487784,0.711335509559852,0.664275466284075,0.759016393442623,0.70849273144606,302,329,102.5,529,315.625
436,5,0.03,0,1,25,0.89776252412699,0.852114758947057,0.818233456404431,0.834830483917705,0.707407540266169,0.677563150074294,0.747540983606557,0.710833982852689,354,343,200,366,315.75
437,2,0.05,0,1,25,0.877722113902578,0.83624002364765,0.803464924737291,0.819524913093859,0.712967679449008,0.669467787114846,0.783606557377049,0.722054380664653,490,493,78,489,387.5
438,3,0.05,0,1,25,0.903083987451298,0.857647058823529,0.828173814257313,0.842652795838752,0.714893998636869,0.671511627906977,0.757377049180328,0.711864406779661,278,244,41,463,256.5
439,4,0.05,0,1,25,0.893596315117019,0.847402597402597,0.81539335416075,0.831089882761615,0.710560677260824,0.672463768115942,0.760655737704918,0.713846153846154,393,401,119,452,341.25
440,5,0.05,0,1,25,0.904490921197885,0.854658018867925,0.823345640443056,0.838709677419355,0.710919395917782,0.68215892053973,0.745901639344262,0.712607674236492,265,301,111,279,239
441,2,0.1,0,1,25,0.884865313947776,0.843387815750372,0.806021016756603,0.824281150159744,0.708569788714711,0.671212121212121,0.726229508196721,0.697637795275591,458,443,167,466,383.5
442,3,0.1,0,1,25,0.89002583088775,0.850178359096314,0.812269241692701,0.830791575889615,0.700828640097572,0.67007299270073,0.752459016393443,0.708880308880309,417,368,383,481,412.25
443,4,0.1,0,1,25,0.899374001841222,0.855657855657856,0.818233456404431,0.836527293844367,0.702475158733006,0.669075144508671,0.759016393442623,0.711213517665131,337,283,340,495,363.75
444,5,0.1,0,1,25,0.907142917014694,0.858861502347418,0.831297926725362,0.844854957425314,0.704570075689637,0.669985775248933,0.772131147540984,0.717440974866717,218,223,279,483.5,300.875
445,2,0.03,0.1,1,25,0.864506494407045,0.826125592417062,0.792104515762568,0.808757430767,0.718513469885569,0.683976261127596,0.755737704918033,0.718068535825545,533,539,18,235.5,331.375
446,3,0.03,0.1,1,25,0.887516928761984,0.845513963161022,0.808293098551548,0.826484681283578,0.708731212110342,0.665242165242165,0.765573770491803,0.711890243902439,436,415,163,523,384.25
447,4,0.03,0.1,1,25,0.895882548437133,0.849588719153937,0.82135756887248,0.835234657039711,0.70488216092119,0.671619613670134,0.740983606557377,0.704598597038192,372,376,270,461,369.75
448,5,0.03,0.1,1,25,0.909029043175106,0.863021751910641,0.833854018744675,0.848187202080023,0.713168561896904,0.687405159332322,0.742622950819672,0.713947990543735,173,145,73,164,138.75
449,2,0.05,0.1,1,25,0.87846691955805,0.837725792123186,0.803464924737291,0.820237750072485,0.713466298382179,0.681751824817518,0.765573770491803,0.721235521235521,487,487,65,291,332.5
450,3,0.05,0.1,1,25,0.895146451412535,0.848816568047337,0.814825333712014,0.831473699463846,0.702503856225562,0.670503597122302,0.763934426229508,0.714176245210728,380,385,339,479,395.75
451,4,0.05,0.1,1,25,0.896056938770378,0.85349940688019,0.817381425731326,0.83505005077615,0.704616709115041,0.683257918552036,0.742622950819672,0.711704634721131,366,325,277,251.5,304.875
452,5,0.05,0.1,1,25,0.906065768233505,0.861611094718206,0.829309855154786,0.845151953690304,0.706761846683646,0.66812865497076,0.749180327868853,0.706336939721793,233,178,221,506,284.5
453,2,0.1,0.1,1,25,0.883826918573975,0.841434499110848,0.806305026980971,0.823495286439449,0.709775083402088,0.682926829268293,0.734426229508197,0.707740916271722,461,464,133.5,261.5,330
454,3,0.1,0.1,1,25,0.910090461991779,0.86474435196195,0.826185742686737,0.845025417574437,0.698880797790293,0.673529411764706,0.750819672131148,0.710077519379845,152,113,414,436,278.75
455,4,0.1,0.1,1,25,0.90480758878803,0.857564140371572,0.825901732462369,0.841435185185185,0.698260214513757,0.661698956780924,0.727868852459016,0.693208430913349,263,247,424,537,367.75
456,5,0.1,0.1,1,25,0.900263207482369,0.854700854700855,0.823629650667424,0.838877639571883,0.703881335868279,0.673076923076923,0.745901639344262,0.707620528771384,326,300,297,442,341.25
457,2,0.03,0.2,1,25,0.862717796054533,0.824244220509781,0.789832433967623,0.806671501087745,0.71900850163217,0.698484848484848,0.755737704918033,0.725984251968504,540,540,16,65,290.25
458,3,0.03,0.2,1,25,0.887888678442405,0.844945152683071,0.80942913944902,0.82680591818973,0.712913871650465,0.665217391304348,0.752459016393443,0.706153846153846,433,423,79,524.5,364.875
459,4,0.03,0.2,1,25,0.901865377847355,0.855336665686563,0.826185742686737,0.840508523548107,0.704851669835348,0.669117647058824,0.745901639344262,0.705426356589147,296,288,271,491.5,336.625
460,5,0.03,0.2,1,25,0.900541012807239,0.851982378854626,0.823913660891792,0.837712965636731,0.705491982638017,0.670571010248902,0.750819672131148,0.708430007733952,323,345,252,476,349
461,2,0.05,0.2,1,25,0.877299201015775,0.838126297064927,0.802896904288554,0.820133449376269,0.710112278939628,0.675792507204611,0.768852459016394,0.719325153374233,493,486,126,408,378.25
462,3,0.05,0.2,1,25,0.900803578028081,0.858837485172005,0.822493609769952,0.840272740461338,0.712824191986225,0.678362573099415,0.760655737704918,0.717156105100464,318,224,81,352,243.75
463,4,0.05,0.2,1,25,0.910848983740877,0.865509123013537,0.835274069866515,0.85012285012285,0.708336621587689,0.67921686746988,0.739344262295082,0.708006279434851,141,99,177,335,188
464,5,0.05,0.2,1,25,0.900204696368686,0.855025200118589,0.819085487077535,0.836669567740064,0.704975427771998,0.6796875,0.713114754098361,0.696,327,294,267,327,303.75
465,2,0.1,0.2,1,25,0.885411127387784,0.842291789722386,0.809997159897756,0.825828869263066,0.702407002188184,0.671052631578947,0.752459016393443,0.709428129829985,454,456,343,469,430.5
466,3,0.1,0.2,1,25,0.886431724497237,0.840390879478827,0.806021016756603,0.822847202087562,0.705481221078308,0.665689149560117,0.744262295081967,0.702786377708978,446,472,254.5,521,423.375
467,4,0.1,0.2,1,25,0.901226436485941,0.856676557863502,0.819937517750639,0.837904513133072,0.707360906840765,0.676923076923077,0.721311475409836,0.698412698412698,305,263,202,388,289.5
468,5,0.1,0.2,1,25,0.905308335063267,0.858274647887324,0.830729906276626,0.844277673545966,0.690282311583025,0.655807365439094,0.759016393442623,0.703647416413374,250,233.5,515,540,384.625
469,2,0.03,0,1.5,25,0.863482631561015,0.827014218009479,0.792956546435672,0.809627374220676,0.717534167952075,0.677325581395349,0.763934426229508,0.718027734976888,538,535,22,376.5,367.875
470,3,0.03,0,1.5,25,0.887798652970748,0.843131462333826,0.810565180346493,0.826527657109759,0.722473723858378,0.684287812041116,0.763934426229508,0.721920991479473,434,448,6,222.5,277.625
471,4,0.03,0,1.5,25,0.895036287231982,0.84792899408284,0.813973303038909,0.830604260252137,0.713179323456613,0.674486803519062,0.754098360655738,0.712074303405573,382,394.5,72,426,318.625
472,5,0.03,0,1.5,25,0.909794803973618,0.865072335400059,0.832149957398466,0.848291835552982,0.701994475732683,0.671641791044776,0.737704918032787,0.703125,157,109,352,460,269.5
473,2,0.05,0,1.5,25,0.877634156730754,0.837685459940653,0.801760863391082,0.819329560296038,0.70647845894465,0.675953079178886,0.755737704918033,0.713622291021672,492,488,234,405,404.75
474,3,0.05,0,1.5,25,0.897882050085731,0.85368016553355,0.820221527975007,0.836616454229432,0.698256627327187,0.662721893491124,0.734426229508197,0.696734059097978,352,320,425,534,407.75
475,4,0.05,0,1.5,25,0.906627583782744,0.862426035502959,0.827889804032945,0.844805100710042,0.704781719697242,0.684053651266766,0.752459016393443,0.716627634660422,226,163,274,232.5,223.875
476,5,0.05,0,1.5,25,0.909343805752247,0.862953138815208,0.83158193694973,0.846977147816025,0.703759371524913,0.674107142857143,0.742622950819672,0.706708268330733,168,149,300,428,261.25
477,2,0.1,0,1.5,25,0.886570790446501,0.843583678296866,0.810281170122124,0.826597131681877,0.702765720845141,0.660944206008584,0.757377049180328,0.705882352941177,445,442,329,538,438.5
478,3,0.1,0,1.5,25,0.902684315723139,0.858924858924859,0.82135756887248,0.839721254355401,0.685877246475589,0.671014492753623,0.759016393442623,0.712307692307692,284,222,530,471,376.75
479,4,0.1,0,1.5,25,0.892937180617766,0.845904537418975,0.81539335416075,0.830368763557484,0.699845750977508,0.667161961367013,0.736065573770492,0.699922057677319,396,410,397,511,428.5
480,5,0.1,0,1.5,25,0.908632419467752,0.863033873343152,0.832149957398466,0.84731058415269,0.709678229364709,0.691851851851852,0.765573770491803,0.726848249027237,178,144,135,121,144.5
481,2,0.03,0.1,1.5,25,0.864098658337442,0.829369797859691,0.792388525986936,0.810457516339869,0.720536643110808,0.677325581395349,0.763934426229508,0.718027734976888,534,529,12,376.5,362.875
482,3,0.03,0.1,1.5,25,0.886807828493095,0.840353460972018,0.810281170122124,0.825043377674957,0.713469885568749,0.671428571428571,0.770491803278689,0.717557251908397,440,473,63.5,465,360.375
483,4,0.03,0.1,1.5,25,0.901914690469677,0.852724594992636,0.822209599545584,0.837189126662811,0.70546687233203,0.669117647058824,0.745901639344262,0.705426356589147,294,334,256,491.5,343.875
484,5,0.03,0.1,1.5,25,0.90189487833444,0.856553755522828,0.825901732462369,0.840948525159052,0.705822003802418,0.67203513909224,0.752459016393443,0.709976798143852,295,268,249,458.5,317.625
485,2,0.05,0.1,1.5,25,0.877678516319267,0.838862559241706,0.804316955410395,0.821226620269682,0.711633246045127,0.669985775248933,0.772131147540984,0.717440974866717,491,482,97,483.5,388.375
486,3,0.05,0.1,1.5,25,0.900538944507407,0.854824431985837,0.82277761999432,0.83849493487699,0.71370663988234,0.671490593342981,0.760655737704918,0.713297463489623,324,296,57,464,285.25
487,4,0.05,0.1,1.5,25,0.908446762343314,0.864567864567865,0.826753763135473,0.845238095238095,0.695770707034473,0.669683257918552,0.727868852459016,0.697564807541241,185,117,458,485.5,311.375
488,5,0.05,0.1,1.5,25,0.907416803455672,0.8597578978447,0.827037773359841,0.843080486392588,0.703691214980091,0.675036927621861,0.749180327868853,0.71017871017871,212,210,303,419,286
489,2,0.1,0.1,1.5,25,0.885778413894882,0.843352087651762,0.808861119000284,0.825746593215425,0.706593248914876,0.667132867132867,0.781967213114754,0.72,450,445,231,514,410
490,3,0.1,0.1,1.5,25,0.908876587705873,0.861143867924528,0.829593865379154,0.845074497323883,0.699612583850486,0.677650429799427,0.775409836065574,0.723241590214067,176,186,402,365,282.25
491,4,0.1,0.1,1.5,25,0.909703907638874,0.862503664614483,0.835558080090883,0.848817080207732,0.699895971589482,0.677083333333333,0.745901639344262,0.709828393135726,160,161,396,382.5,274.875
492,5,0.1,0.1,1.5,25,0.911997761011002,0.865384615384615,0.830729906276626,0.847703231415737,0.70185457545647,0.681887366818874,0.734426229508197,0.707182320441989,123,105,356,288,218
493,2,0.03,0.2,1.5,25,0.863833045095795,0.827871272512548,0.796364669128089,0.811812391430226,0.719334935610001,0.68421052631579,0.767213114754098,0.723338485316847,535,533,15,226,327.25
494,3,0.03,0.2,1.5,25,0.887925254692074,0.842260153031195,0.812837262141437,0.827287180228357,0.712745273881695,0.681073025335321,0.749180327868853,0.713505074160812,432,457,83,297.5,317.375
495,4,0.03,0.2,1.5,25,0.90113265541722,0.853286384976526,0.825901732462369,0.839370760571511,0.707188721885425,0.668596237337192,0.757377049180328,0.710222905457341,308,328,206,502.5,336.125
496,5,0.03,0.2,1.5,25,0.908264262097567,0.864172068355922,0.833001988071571,0.848300795372379,0.703493919718765,0.676204819277108,0.736065573770492,0.704866562009419,189,127.5,308,399.5,256
497,2,0.05,0.2,1.5,25,0.877725923928585,0.839535576064305,0.800908832717978,0.819767441860465,0.717103705563726,0.680412371134021,0.757377049180328,0.716834755624515,489,476,26,310,325.25
498,3,0.05,0.2,1.5,25,0.901855580637622,0.85360824742268,0.823061630218688,0.838056680161943,0.707895397639631,0.668613138686131,0.750819672131148,0.707335907335907,297,322,190,499.5,327.125
499,4,0.05,0.2,1.5,25,0.896644989070124,0.850500294290759,0.820789548423743,0.835380835380835,0.712063708433476,0.669139465875371,0.739344262295082,0.702492211838006,361,363,90,490,326
500,5,0.05,0.2,1.5,25,0.910905208838956,0.862342236571764,0.834422039193411,0.848152424942263,0.701804354844495,0.676557863501484,0.747540983606557,0.710280373831776,138,166,357,394.5,263.875
501,2,0.1,0.2,1.5,25,0.88666342850742,0.844919786096257,0.807725078102812,0.825903876869464,0.707364494027334,0.67,0.768852459016394,0.716030534351145,442,424,201,482,387.25
502,3,0.1,0.2,1.5,25,0.894557584678644,0.849970466627289,0.817381425731326,0.833357463442884,0.699483445133981,0.667151162790698,0.752459016393443,0.707241910631741,387,371,405,512.5,418.875
503,4,0.1,0.2,1.5,25,0.914151949715495,0.868716735659373,0.834422039193411,0.851224105461393,0.709972378663414,0.687218045112782,0.749180327868853,0.716862745098039,96,65,130,168,114.75
504,5,0.1,0.2,1.5,25,0.918252626278141,0.874004131012098,0.841238284578245,0.857308248914617,0.695602109265703,0.676204819277108,0.736065573770492,0.704866562009419,56,30,462,399.5,236.875
505,2,0.03,0,2,25,0.863758368586053,0.826189772391369,0.793808577108776,0.809675550405562,0.723485310470998,0.699846860643185,0.749180327868853,0.723673792557403,536,538,2,54,282.5
506,3,0.03,0,2,25,0.886417464114181,0.838140082401413,0.808861119000284,0.823240352652117,0.709509631595939,0.663780663780664,0.754098360655738,0.706062931696086,447,485,143,531,401.5
507,4,0.03,0,2,25,0.901670467802613,0.855375552282769,0.824765691564896,0.839791787160208,0.702177422247731,0.660349854227405,0.742622950819672,0.699074074074074,298,287,348,539,368
508,5,0.03,0,2,25,0.905419370106906,0.857562408223201,0.829309855154786,0.843199537972856,0.702572012770384,0.674008810572687,0.752459016393443,0.711076684740511,248,248,337,430,315.75
509,2,0.05,0,2,25,0.87693583339257,0.834661942722173,0.802896904288554,0.818471337579618,0.707106216594325,0.666666666666667,0.754098360655738,0.707692307692308,494,495,211,516.5,429.125
510,3,0.05,0,2,25,0.899630525449395,0.854062038404727,0.821073558648111,0.837242977121344,0.71337661871794,0.667151162790698,0.752459016393443,0.707241910631741,334,313,66,512.5,306.375
511,4,0.05,0,2,25,0.901035717469808,0.852897911150338,0.823345640443056,0.837861271676301,0.712461886142698,0.674041297935103,0.749180327868853,0.709627329192547,309,332,85.5,429,288.875
512,5,0.05,0,2,25,0.893400044348703,0.846448570586502,0.815677364385118,0.830778131327741,0.713692291136062,0.682215743440233,0.767213114754098,0.722222222222222,394,407,58,276,283.75
513,2,0.1,0,2,25,0.88902972680263,0.848349687778769,0.810281170122124,0.828878558977339,0.702120027262618,0.664731494920174,0.750819672131148,0.705157813702848,427,390,350,527,423.5
514,3,0.1,0,2,25,0.894898146574749,0.850472813238771,0.817381425731326,0.833598841419261,0.694167234637874,0.66904422253923,0.768852459016394,0.715484363081617,384,364.5,482,496,431.625
515,4,0.1,0,2,25,0.912112714938535,0.869435315207649,0.826469752911105,0.847408270238789,0.709197546364386,0.66566265060241,0.724590163934426,0.693877551020408,122,58,148,522,212.5
516,5,0.1,0,2,25,0.903023516895669,0.858493353028065,0.825333712013632,0.841587025774689,0.702891272375076,0.677177177177177,0.739344262295082,0.706896551724138,279,228,321,381,302.25
517,2,0.03,0.1,2,25,0.86374655750543,0.827361563517915,0.793524566884408,0.810089881124964,0.722323062022456,0.698027314112291,0.754098360655738,0.724980299448384,537,534,7,69.5,286.875
518,3,0.03,0.1,2,25,0.886601216225616,0.845562130177515,0.811701221243965,0.828285755687582,0.713469885568749,0.677037037037037,0.749180327868853,0.711284046692607,443,414,63.5,385,326.375
519,4,0.03,0.1,2,25,0.898858505322443,0.853896103896104,0.821641579096848,0.837458387610363,0.705151199913908,0.666174298375185,0.739344262295082,0.700854700854701,342,317,264.5,520,360.875
520,5,0.03,0.1,2,25,0.909409229341685,0.864880777156314,0.834422039193411,0.849378433073142,0.704362018868601,0.674735249621785,0.731147540983607,0.701809598741149,165,112,283,423.5,245.875
521,2,0.05,0.1,2,25,0.876637508356204,0.837078651685393,0.804032945186027,0.820223091409532,0.720550991857087,0.682020802377415,0.752459016393443,0.715510522213562,495,491,11,284.5,320.375
522,3,0.05,0.1,2,25,0.897725131443176,0.854135784168396,0.818233456404431,0.835799245720917,0.713075295046095,0.67296511627907,0.759016393442623,0.713405238828968,355,311,75,445,296.5
523,4,0.05,0.1,2,25,0.911500280472343,0.868498817966903,0.834706049417779,0.851267197682839,0.703666104674104,0.676811594202899,0.765573770491803,0.718461538461539,128,66,304,390,222
524,5,0.05,0.1,2,25,0.90528503947568,0.858788774002954,0.825617722238001,0.841876629018245,0.708340208774258,0.668621700879765,0.747540983606557,0.705882352941177,251,225,176,497.5,287.375
525,2,0.1,0.1,2,25,0.885409657806324,0.842042755344418,0.805452996307867,0.823341559007113,0.706786956989633,0.670553935860058,0.754098360655738,0.709876543209877,455,458,220,477,402.5
526,3,0.1,0.1,2,25,0.900841678288153,0.857185185185185,0.821641579096848,0.839037122969838,0.703536965957599,0.661764705882353,0.737704918032787,0.697674418604651,315,255,305.5,536,352.875
527,4,0.1,0.1,2,25,0.901343404284363,0.857100679067021,0.824481681340528,0.840474811812391,0.708333034401119,0.669096209912537,0.752459016393443,0.708333333333333,303,256,178.5,493.5,307.75
528,5,0.1,0.1,2,25,0.912508522211744,0.867222387615362,0.827321783584209,0.846802325581395,0.699131900850163,0.684129429892142,0.727868852459016,0.705321683876092,117,81,410,231,209.75
529,2,0.03,0.2,2,25,0.863461839704804,0.831694965743223,0.792956546435672,0.811863913928468,0.721584101589124,0.701219512195122,0.754098360655738,0.726698262243286,539,513,8,43.5,275.875
530,3,0.03,0.2,2,25,0.887468813576407,0.844398340248963,0.809145129224652,0.826395939086295,0.712461886142698,0.671033478893741,0.755737704918033,0.710871241326137,437,436,85.5,470,357.125
531,4,0.03,0.2,2,25,0.898672793769062,0.852584933530281,0.819653507526271,0.835794960903562,0.712899522904186,0.670623145400593,0.740983606557377,0.70404984423676,343,336,80,475,308.5
532,5,0.03,0.2,2,25,0.889317764768777,0.844209288653733,0.815677364385118,0.829698107756753,0.718811206370843,0.685800604229607,0.744262295081967,0.713836477987421,423,438,17,193,267.75
533,2,0.05,0.2,2,25,0.878228792932598,0.839148432879953,0.806021016756603,0.822251195132551,0.716601499443986,0.677325581395349,0.763934426229508,0.718027734976888,488,480,30,376.5,343.625
534,3,0.05,0.2,2,25,0.895273815139062,0.847838957963292,0.813405282590173,0.830265255834179,0.713100405352082,0.679941002949852,0.755737704918033,0.71583850931677,378,397.5,74,321,292.625
535,4,0.05,0.2,2,25,0.905948201716711,0.859540636042403,0.829025844930418,0.84400751770999,0.70496107902572,0.672619047619048,0.740983606557377,0.705148205928237,236,213,268,449.5,291.625
536,5,0.05,0.2,2,25,0.912898342301227,0.86539027982327,0.834422039193411,0.849624060150376,0.703709150912939,0.677760968229955,0.734426229508197,0.704956726986625,111,103,302,361,219.25
537,2,0.1,0.2,2,25,0.884950712959281,0.841232227488152,0.806589037205339,0.823546469479484,0.714355920651433,0.675675675675676,0.778688524590164,0.723533891850724,456,466,51,410,345.75
538,3,0.1,0.2,2,25,0.90156928439765,0.856294536817102,0.819085487077535,0.837276818115837,0.699648455716182,0.668596237337192,0.757377049180328,0.710222905457341,301,274,399.5,502.5,369.25
539,4,0.1,0.2,2,25,0.90249773330667,0.856973645247261,0.821925589321216,0.839083792403595,0.704082218316175,0.662840746054519,0.757377049180328,0.706962509563887,287,258,290,532,341.75
540,5,0.1,0.2,2,25,0.913481221851392,0.862796833773087,0.835842090315251,0.849105597230236,0.698841338738028,0.678787878787879,0.734426229508197,0.705511811023622,103,151,415,345,253.5
