symbol,date,entry_price,return_90d,return_180d,sp500_90d,sp500_180d,msci_90d,msci_180d,rsi,adx
AZN.L,2017-07-12,5192,-0.0348613251155624,-0.062788906009245,0.0582788877839456,0.0808841163153586,0.0620059823274347,0.0762104525533358,48.849928119627,26.66955069821
AZN.L,2017-11-01,5155,-0.0688651794374394,0.0841901066925315,0.0659542932983148,0.0882466439610039,0.0431947736737298,0.042845503915783,63.2177710220922,40.2942284462773
AZN.L,2018-06-14,5448,0.0892070484581498,0.153267254038179,-0.00956341532773441,0.00257320318653578,-0.0444051330749132,-0.0313707762751025,62.0944091575754,22.2710817111123
AZN.L,2019-09-20,7167,0.0735314636528534,0.150272080368355,0.0974542163412255,0.0718933241423721,0.0764235267145677,0.0391860018857935,54.0573220214523,26.7810349931719
AZN.L,2019-09-26,7379,0.0211410760265619,0.122238785743326,0.11991785727053,0.0298795572308133,0.097412467465378,-0.00695811041188361,62.1185183754521,25.0893675224977
AZN.L,2020-08-12,8699,-0.133003793539487,-0.149557420393149,0.0973448917854033,0.236904403710727,0.112617136378055,0.231911551940865,52.6658887904456,31.0684717123845
AZN.L,2022-04-27,10512,0.000190258751902588,0.110730593607306,-0.0659112472647702,-0.0441853829321663,-0.083917223031716,-0.030814639008216,61.3482726379168,26.7036386808507
AZN.L,2022-11-14,10868,0.0119617224880383,0.00294442399705558,0.00512477839329711,0.131601436643187,0.0185003101806767,0.119134881613807,61.4244842380348,28.8851910023501
AZN.L,2024-05-31,12190,-0.0311730926989336,-0.0185397867104184,0.0974948974588142,0.159167920328191,0.0767962848604566,0.12353303939754,58.5928860703997,33.622344008792
OR.PA,2017-10-26,187.899993896484,-0.0729111090646955,0.121873389564287,0.0697430382636379,0.0973090751395151,0.045571688868717,0.0481490227385629,59.871763678472,27.0053600141012
OR.PA,2020-07-15,291.100006103516,0.0807282703788174,0.11164548031113,0.110120392040248,0.245868678774727,0.114027866843235,0.242788983115986,63.2109704887482,25.801713870818
OR.PA,2021-05-05,346,0.138872797089505,0.156213837551933,0.0722576232328525,0.0756168789477581,0.0646700933793407,0.0397410242074415,60.2368516740409,29.4108188859927
OR.PA,2021-12-07,424.799987792969,-0.148658181994255,-0.143596990943722,-0.0629562188283459,-0.104044355430202,-0.0766542569412175,-0.133457226380983,62.4105530658612,27.9986246701755
OR.PA,2023-02-03,384.399993896484,0.0723205482621136,-0.00338186215819459,0.0570798999139587,0.0194755103310378,0.042396566081585,-0.00566978234177028,61.8388513847713,30.4795782750621
UCB.BR,2017-03-23,70.7600021362305,-0.1384963645548,-0.094262374179956,0.0555807170155807,0.124051571372493,0.0693888459611529,0.126502144886137,58.7644537794333,32.5111150250968
UCB.BR,2018-02-22,68.4800033569336,-0.0219042045337185,0.0806074236634439,0.00841358612133897,0.0406551625130243,-0.0157853364228266,-0.00620140981641281,54.8012276208422,23.1533248607306
UCB.BR,2019-02-14,79.3399963378906,-0.0904965087873628,-0.125535663526569,0.0625152158314001,0.106285060876663,0.0513566541476602,0.0960754598360413,63.9740975324338,23.4855339671655
UCB.BR,2020-05-12,85.9400024414063,0.12566901460966,0.0127996095284157,0.15656134069955,0.319589330123174,0.164813318281138,0.328221945632236,58.0736694852891,22.4195424654708
LDO.MI,2017-10-06,15.6199998855591,-0.436491670277543,-0.45403329446795,0.0713402609601021,0.0681473073885066,0.0561783821344133,0.032219941217737,60.9897326393952,30.9755732968594
LDO.MI,2019-07-23,11.6350002288818,-0.076923114753534,-0.395272914781107,0.0492967534374377,-0.0850083323822409,0.0498220095970918,-0.12078080634297,61.2261130311823,32.2948311467064
LDO.MI,2020-02-04,11.5,-0.461217382679815,-0.585739135742188,-0.0777173700994504,0.0441322376093041,-0.0847915526027327,0.0183981231735626,61.6763230483078,20.8287945353752
PRY.MI,2017-01-10,23.6671733856201,-0.00163397178447046,0.160539279190775,0.0497289801143046,0.10495841463643,0.0746008003442799,0.125184516085708,55.8792819548734,35.6910883030765
PRY.MI,2017-01-12,23.6478385925293,0.0192150071163108,0.165576380849018,0.056367921535719,0.109635212751521,0.077077401954934,0.125250803699965,55.1125162715122,33.779738017924
PRY.MI,2017-01-13,24.1505718231201,0.00880708237458098,0.135308294084871,0.0570419961521639,0.111877148308052,0.0788630349636794,0.126501139827841,61.1602192145316,33.3217186958515
PRY.MI,2017-04-21,24.7016468048096,0.0156555857613794,0.113111514467433,0.0415593841064573,0.169890462123894,0.052204116096606,0.162670724662652,59.4735826660996,20.7960219002378
PRY.MI,2017-07-12,25.9198093414307,0.0604252050028533,-0.0443864337358884,0.0582788877839456,0.0808841163153586,0.0620059823274347,0.0762104525533358,59.2921833332563,20.4365167586415
PRY.MI,2017-07-31,26.1518402099609,-0.00258775811940927,-0.0850277031099483,0.0643524946609373,0.096482143480127,0.057000516662457,0.0864122595507448,56.43027054079,25.709241978655
PRY.MI,2019-08-01,19.3299999237061,0.109156783170179,-0.215985525463696,0.0617559483217668,-0.0441501590952788,0.0650594881149751,-0.0790399930122672,58.2942740891554,33.2317581588215
PRY.MI,2019-08-21,19.4050006866455,0.107446483416388,-0.0693120934352119,0.101510418905928,0.00183629538509317,0.0960874243066848,-0.030096945444173,59.0091055276923,20.0067264338852
PRY.MI,2020-09-10,24.0499992370606,0.168399221325887,0.177962612158844,0.153528300350025,0.259020881426934,0.168364802822899,0.267023120691052,60.9451932737488,20.8293394739213
PRY.MI,2020-11-09,26.1399993896484,-0.021805650655445,0.151109443579546,0.109869057285065,0.244655654793339,0.119537405116229,0.229690054484828,63.0744057620826,22.7030485064766
PRY.MI,2022-09-16,31.8799991607666,0.165934728589607,0.122647486125803,0.048304649937347,0.105986324751846,0.0811961528526313,0.129339884681079,53.1939800125858,21.3362436007935
PRY.MI,2023-02-06,37.75,-0.0198675496688742,-0.0855629017810948,0.0765637641795966,0.033227301599669,0.0630860503321486,0.00852514896831466,63.3003739594516,27.8611023974566
PRY.MI,2023-03-03,37.9500007629395,-0.00579713349882116,-0.075098873030895,0.114790282579607,0.115774052903815,0.0921132452316611,0.0862647862585066,59.6381526110787,26.1671867096898
PRY.MI,2023-03-08,38.5099983215332,-0.0418072413873374,-0.071669655721328,0.141024188147308,0.141435043008578,0.11583077717011,0.109725265273678,63.0935462716967,24.4820158611317
AM.PA,2017-06-16,132.205001831055,0.0058243202737891,0.0793842515171937,0.0558863966160762,0.121229774852597,0.0514235964578562,0.091065265871935,54.6254164599852,39.4878266714209
AM.PA,2018-01-09,136.5,0.229304051661229,0.175091530377175,-0.0139280365993084,0.0562208743696583,-0.0103971065516083,0.0184713870291016,64.8769437737716,20.184560254333
AM.PA,2021-06-10,103.599998474121,-0.100868697897255,0.128378409726329,0.0583319828133227,0.0343155328460864,0.0405298265873987,-0.0063452017777554,64.5362667456057,27.912643059401
AM.PA,2025-02-10,217.399993896484,0.396504207116379,0.305427763388535,-0.0162533707757096,0.135903462867117,0.00828804835095971,0.154379068806119,63.2371715565908,32.9257160006518
KOG.OL,2019-12-02,28.1000003814697,-0.0747331086463099,-0.0633452193053816,-0.113119758088417,0.0838120957673313,-0.143837770271198,0.0432656886811923,63.4436516344718,29.0806496140349
KOG.OL,2020-02-04,29.9400005340576,-0.0487642273139072,-0.0300601069631411,-0.0777173700994504,0.0441322376093041,-0.0847915526027327,0.0183981231735626,62.1998957715045,21.5598807402285
KOG.OL,2020-11-05,30.8799991607666,0.190414485769715,0.652849815500457,0.115372677405762,0.253816468589214,0.132684567685772,0.241279715161426,58.2393333484116,23.5097262460978
KOG.OL,2020-12-22,34.2000007629395,0.221052555261522,0.411695839247322,0.129472872870368,0.209185158170715,0.110649766869672,0.183122678044104,59.5039571265624,28.6541437403233
KOG.OL,2021-01-05,34.7200012207031,0.216589867320615,0.355990788473286,0.119937421140175,0.179448653831956,0.103653692626345,0.149524402295696,58.8039895470417,30.3672295019326
KOG.OL,2023-06-16,96.4000015258789,-0.0302904369577362,0.401452323289098,-0.0505307368971214,0.157649565267461,-0.0605036947225694,0.137018314291153,63.0439813910586,20.0358519944865
VWS.CO,2018-12-21,100.199996948242,0.166866284729926,0.109381307861002,0.218908951236534,0.241788028783421,0.203998971447498,0.20334560730013,54.8574036882412,28.1540361454227
VWS.CO,2019-01-09,102.279998779297,0.0965976241760806,0.0398905150542546,0.0987520206845564,0.151901832981425,0.0885595714231512,0.126653650717643,59.154079190852,26.0124690911484
VWS.CO,2019-01-29,107.279998779297,0.0607755811581831,-0.0175242102424481,0.088386396928267,0.13472724683357,0.0822936727462031,0.112164088359664,64.4162629041539,34.7589735950932
VWS.CO,2019-02-11,107.680000305176,0.0664932764898097,0.0156017858508033,0.090183732529706,0.121639924388304,0.0774406519831517,0.110848772177234,58.4367077462238,32.6609752583948
ALFA.ST,2017-01-24,155.899993896484,0.107761409297506,0.289929531601159,0.0697346990368627,0.118667328681455,0.0900133458532615,0.132090524241005,60.8983693473867,40.078941247908
ALFA.ST,2018-02-01,212,0.0533019011875369,0.0839622785460274,-0.012448664787007,-0.0188519945357791,-0.0213660922268431,-0.0655012389636405,64.4228654689643,21.0940739542695
ALFA.ST,2018-06-08,224.100006103516,-0.0133868804921596,-0.0700580623803247,0.0111153504109275,0.0048037816701832,-0.0267432669474538,-0.0308321469929486,54.5294968720083,21.9080117767483
ALFA.ST,2019-12-04,233.199996948242,-0.25428818107969,-0.0523155965175674,-0.105822453806374,0.0913658301480055,-0.143153942172107,0.0449822782627015,57.9587132677821,40.9437845186821
ALFA.ST,2019-12-12,235,-0.231063842773438,-0.126808523624501,-0.117014934665222,0.104697066208842,-0.151611250074928,0.0532992233705643,59.9699250806933,29.5030701252147
ALFA.ST,2021-02-03,233.100006103516,0.282711249124633,0.445302381274383,0.11095590773704,0.184331252642084,0.10379088158701,0.154858425032339,56.4968298871686,28.5117734138472
ALFA.ST,2021-02-04,236.199996948242,0.257832387561877,0.436071196399546,0.0968168974314139,0.175125343290635,0.0920950640355022,0.146004266924271,59.7238828995492,28.310957006375
ALFA.ST,2021-04-13,275.299987792969,0.272430088360198,0.309117362429789,0.0637943328299915,0.155679407722917,0.0459751736987114,0.103241058003849,60.6225825715835,24.4577195779491
ALFA.ST,2023-05-04,380.100006103516,-0.0220994311012895,-0.0236779790988716,0.100024124187687,0.197817437309123,0.0616420468164727,0.14340523116662,60.554255353899,24.4806664827779
ALFA.ST,2023-05-26,394.399993896484,-0.0720080992291758,-0.0638944778890316,0.0125408086279407,0.189080808223889,-0.00858982884859072,0.145692608516061,61.6206015533127,32.3424538594657
ALFA.ST,2024-10-11,485.600006103516,-0.0345964128900064,-0.145799047406631,0.0289285216170617,0.0798483119871971,0.0196141407157955,0.0846134467382134,60.4657230946573,21.6970754234689
WRT1V.HE,2017-01-20,14.493332862854,0.240800425810771,0.356945722352716,0.0618541663665935,0.122405137281601,0.082931437460123,0.135182262189092,62.6794578044008,21.9995310208332
WRT1V.HE,2017-06-01,17.9833335876465,0.0936051391713969,0.083966647313884,0.0471881019851659,0.12434256965823,0.0386693047051524,0.101031223292787,55.8889252258466,21.5380578658123
WRT1V.HE,2021-01-27,8.71199989318848,0.376262616863966,0.217286463757639,0.126840621398445,0.163441048628426,0.125121999899259,0.136036928733102,55.4143438743516,24.6007162297296
WRT1V.HE,2024-02-01,13.6999998092651,0.434671602940686,0.464963501769623,0.0956200001253996,0.195361368376623,0.0752854601893416,0.166850783767841,62.3634435509471,20.8317165064633
TRN.MI,2019-01-04,5.20800018310547,0.0660521986513786,0.0856374052734818,0.125998257033721,0.181615717012319,0.116741767327518,0.15390394561517,64.4482814183384,29.7978806562908
TRN.MI,2019-02-22,5.43800020217896,0.0794409097680851,0.075395335080684,0.0645762273865665,0.104742063311669,0.0491841301275423,0.0916353607254986,63.4956593520152,20.7013508701778
TRN.MI,2019-02-28,5.46799993515015,0.063277285781471,0.0947330160988354,0.0700810178030842,0.111169388259165,0.049262833389245,0.0949823453068061,62.6598851382247,22.902547438369
TRN.MI,2019-03-07,5.48600006103516,0.045935080612076,0.0619759658777211,0.0928034230649231,0.130789084566553,0.0698158919479194,0.111612817912408,61.0220283036721,20.745170249505
TRN.MI,2023-05-03,7.90000009536743,-0.025063285042204,-0.00658228419602932,0.0907290600363625,0.185706820456212,0.0561683583259765,0.136433070997646,61.3342081738673,27.1140946970644
BOL.ST,2020-08-11,250,0.132,0.326800048828125,0.116624534943552,0.263305912926991,0.134204391263899,0.264559852416466,61.9044104878679,38.3679983584774
BOL.ST,2020-09-04,263.799987792969,0.120925041282025,0.240333689718815,0.107553073956595,0.222112289186702,0.133564032945407,0.236381568680427,61.8809853883377,43.9101332114495
BOL.ST,2020-09-16,271.899993896484,0.0268481738669184,0.270687781374265,0.137093929768492,0.249417410454644,0.143394684553106,0.253515524094735,62.6712661768727,41.8219622873877
BOL.ST,2022-02-14,400.799987792969,-0.148702538426033,-0.197604750752546,-0.111305468228278,-0.123946100889444,-0.127269867370379,-0.148045341991798,61.9584350040629,41.697385184531
BOL.ST,2023-03-01,446.850006103516,-0.249636380859097,-0.360076069595512,0.123467915419645,0.139568608825526,0.0909250488239687,0.10392692296195,54.3621168489199,20.0099544392536
BOL.ST,2024-10-24,338.600006103516,0.129060782344148,-0.0694034246201864,-0.00682626929083128,0.0839090806786987,0.00792842417874248,0.0930307136801293,56.8717539817484,22.6596234467455
BOL.ST,2024-11-07,346.200012207031,0.034662043838473,-0.12622764490516,-0.0511526734973668,0.0613232715129329,-0.0292665113338325,0.0699768756496984,58.5745762795929,25.8037678566714
BOL.ST,2025-03-06,376.600006103516,-0.206054181746842,0.0889537956905712,0.0915184009106497,0.139450545327037,0.08633135684455,0.132979722845641,55.4323328217001,25.7372922184209
AMUN.PA,2016-10-24,44.1894226074219,0.20276956337677,0.431564265583056,0.104112326948899,0.137821714582458,0.0776834426954205,0.131142947637692,56.3030528075364,24.5482229427155
AMUN.PA,2017-02-01,50.5563125610352,0.218047731560939,0.382616689883992,0.065732201768077,0.123581388828169,0.0794790474045608,0.137294020791419,62.4138824987977,28.4383196114777
AMUN.PA,2017-02-07,50.9934005737305,0.24682804276066,0.388415015574208,0.0610837037724744,0.120383848484358,0.0807799975671754,0.136357592021793,62.2047056098171,31.2119004540143
AMUN.PA,2017-02-27,52.275520324707,0.214526441517971,0.36163159855788,0.0168794176600907,0.089693026196065,0.0344337043638754,0.112750797210002,54.6801086601579,35.9062256501192
AMUN.PA,2017-02-28,53.1496925354004,0.190223222446655,0.340553380483695,0.026036131500292,0.0935845582937879,0.0412558410694613,0.112999466496685,59.5915345353307,34.7743497305668
AMUN.PA,2017-03-17,53.7999992370606,0.220074355399467,0.371561374757354,0.0418711565752129,0.110993365164775,0.0547874888481636,0.118919618393559,55.2237055350767,24.2600880218669
AMUN.PA,2017-10-26,70.4199981689453,-0.0948593675684636,-0.161317766132291,0.0697430382636379,0.0973090751395151,0.045571688868717,0.0481490227385629,59.2117543703878,28.1138658295206
AMUN.PA,2019-05-08,63.3499984741211,-0.0355169700741057,0.108918732313744,0.0411680276856979,0.144490925296233,0.025900420795545,0.112272105123491,60.0362851447126,33.3710019409112
AMUN.PA,2019-10-11,63.1500015258789,0.216943731072246,0.0981788883362327,0.123719385124031,0.0437738046293074,0.0972267834488183,0.00206636702242851,60.3070017078667,21.8192119214611
AMUN.PA,2019-10-22,64.5500030517578,0.0340820580051433,0.113090551157836,0.00246333498348826,0.0631010281891281,-0.0178898981111185,0.0230628232410151,62.6283415870998,25.8752065872024
AMUN.PA,2019-11-26,69.4000015258789,-0.254322782965607,-0.0518731757200131,-0.153194408706137,0.073978219110247,-0.177461013722035,0.0326412947195541,61.2770264068998,37.2872756329927
AMUN.PA,2025-03-05,70.5500030517578,0.0127568229277625,-0.0559887229875648,0.06865570656675,0.136844244710676,0.0642426235534024,0.130745989369634,62.7171116723127,27.3622472092978
AMUN.PA,2025-03-14,72.1500015258789,-0.0138600135668926,-0.0519750508758471,0.128465662655975,0.208140174146553,0.122297025563657,0.19662044410918,62.3188578918438,27.9148667529951
NHY.OL,2017-04-21,50.5,0.108910891089109,0.224950507135675,0.0415593841064573,0.169890462123894,0.052204116096606,0.162670724662652,52.2481651160284,27.2983142600081
NHY.OL,2017-08-08,51.75,0.0821256038647343,-0.0114009691321332,0.0715538657737506,0.0775863565661452,0.065283303171258,0.0703797496010793,59.5718651520653,23.9728906170956
NHY.OL,2017-10-24,61.4500007629395,-0.150854358709047,-0.215622454605258,0.0618848565962531,0.0903730781906113,0.0377028531104188,0.0434224501016926,64.3239403456316,32.3038507295079
NHY.OL,2022-02-07,72.9599990844727,-0.133497779413246,-0.114035084967468,-0.182230991599011,-0.139334992637455,-0.185928455509298,-0.163985634861436,58.4214922220195,22.6425144806195
NHY.OL,2023-02-07,82.2600021362305,-0.213712635236023,-0.259178251347642,0.0589793092579251,0.00546830440231748,0.0475347603633894,-0.015844962988917,63.6646394748953,21.43894651857
NHY.OL,2024-11-15,70.6399993896484,-0.12712343742676,-0.0988108664007035,-0.0440788220606619,0.0883773890608274,-0.0222137808309641,0.108323763717667,57.4275019344663,23.1025586215784
KRX.IR,2016-12-16,25.6000003814697,0.247460898049758,0.28320304627414,0.0558573821866126,0.091879332537216,0.0710131202262751,0.112133110798147,59.7712128475183,30.1316356100819
KRX.IR,2017-02-21,29.1700000762939,0.045594786432206,0.217003767814535,0.0229646276921857,0.0954392153414179,0.0401555210629605,0.118911925752153,64.5653187776697,26.1387032582515
KRX.IR,2017-10-26,35.75,-0.0517482090663243,0.161958067567198,0.0697430382636379,0.0973090751395151,0.045571688868717,0.0481490227385629,56.4718584957861,42.0765738429614
KRX.IR,2018-01-19,38,0.0421052230031867,0.081052679764597,-0.0307049203157088,0.0267836238919175,-0.0357568861092362,-0.0192870165959376,58.7553504532704,40.8044792902954
KRX.IR,2018-06-12,40.0999984741211,-0.0229425986023177,-0.0174562836628021,-0.00648404748234287,0.00604260837860004,-0.0450987303691789,-0.0288896535014958,61.6919233251706,28.4046324902506
KRX.IR,2020-01-09,55.5,-0.0954954817488387,0.309009036502323,-0.107417477940153,0.00725562955993031,-0.131911044190885,-0.0188301013859762,64.4982322821935,40.5994634347676
KRX.IR,2021-05-21,77.4599990844727,0.219209960723293,0.113348810780671,0.0489910883317172,0.0789271690329015,0.0268964110942381,0.0312449447888772,60.6762962005488,23.2850660864201
KRX.IR,2021-11-18,100.800003051758,-0.0871032355443792,-0.360119066991683,-0.0217002816220784,-0.123725129212577,-0.0443401005050343,-0.155630629772852,56.6466448215716,25.6084431949269
ORNAV.HE,2016-12-05,39.5200004577637,0.261892670906785,0.021761148795296,0.0654508082173153,0.108553996836496,0.0700979956600779,0.125293247938579,57.2343864559789,21.1163163859511
ORNAV.HE,2017-03-01,46.9700012207031,0.178411689070263,-0.290611053249501,0.0131345979132353,0.0763410738209625,0.0320924255588042,0.0988446315457927,61.406267884652,31.3736927198897
ORNAV.HE,2019-01-14,32,-0.0640624761581421,0.0625,0.0927859308394459,0.13848001738642,0.083711790752878,0.114766151147977,56.4001330252163,23.4722494255408
ORNAV.HE,2019-03-26,34.2999992370606,-0.0889212625335885,0.16763848769382,0.040302182562438,0.111429668310521,0.0191111889129705,0.0936333682090042,60.3991417516542,28.0446092673529
ORNAV.HE,2019-04-01,33.7999992370606,-0.0325443342884749,0.168639079633162,0.0247280954290741,0.113093313101743,0.00556668895233599,0.091739010151036,54.8210403925227,22.2999545524921
ORNAV.HE,2019-12-03,39.9500007629395,0.052565667935336,-0.0100125536480584,-0.0798978069569976,0.0945008609879897,-0.117351753468019,0.0513544190081644,59.6721176815932,42.8870166129231
ORNAV.HE,2019-12-09,39.7000007629395,0.129722861768538,-0.0226700631884892,-0.0997461870446244,0.109303059924521,-0.135297119771479,0.0629456985828488,56.2886106148157,41.4632858369654
ORNAV.HE,2020-01-28,43.1500015258789,-0.0162224968293369,-0.0648899873173476,-0.0251233300488044,0.0719391565052563,-0.0355631543756375,0.0434212922207925,60.0470195478969,35.2162597641668
ORNAV.HE,2020-05-29,47.4000015258789,-0.162447268250308,-0.209915621152608,0.104016971338211,0.2917836922653,0.102205122209109,0.307166499975186,61.0105678048693,36.0524409751716
ORNAV.HE,2022-02-25,42.3499984741211,0.0153483246587625,0.154663595932839,-0.109935752201923,-0.089338939123449,-0.128272668034858,-0.0978608098314932,64.8824519317912,28.7603039004851
ORNAV.HE,2022-12-12,51.0999984741211,-0.0949119103511776,-0.265166333496522,0.0367066222079035,0.129580833282452,0.0512594649277328,0.107098783993861,64.8042821923563,33.3144105863992
ORNAV.HE,2022-12-16,51.2000007629395,-0.146484372817213,-0.26953123108251,0.0823183358263727,0.155431998203719,0.0962753234707679,0.135627346482257,62.9269244752287,32.7549189441194
ORNAV.HE,2023-01-04,52.2000007629395,-0.211685806045155,-0.303639886152481,0.073530242022993,0.12122858248111,0.0843242359075032,0.0998456946793404,58.3209449224866,28.6742517614615
ORNAV.HE,2023-01-05,53,-0.228301858002285,-0.312264136548312,0.0792520671589612,0.139003658038241,0.0877112719752389,0.11489715697837,62.40636141889,28.5901358174797
ORNAV.HE,2024-07-24,40.4000015258789,0.115098948899866,0.177970256315543,0.11152303576091,-0.0117502291097191,0.0944780551909473,-0.00210553261963972,55.1164495010804,29.9196110545316
ORNAV.HE,2024-07-30,41.4500007629395,0.0711701015353673,0.181061542339596,0.117479440361443,-0.0282794894730286,0.101652405083121,-0.00670462866457388,63.761727267484,31.1591273706203
ORNAV.HE,2024-08-06,42.3499984741211,0.0129870855153372,0.273671796226161,0.154812138118326,0.0544233883152911,0.139531599504563,0.07964171121901,62.5679376267906,33.648353215767
ORNAV.HE,2025-03-28,54.2000007629395,0.199261975738666,0.101476013331733,0.136009358022672,0.22139099097838,0.127354791986222,0.21834110778326,51.3383949707988,37.3563345362014
LI.PA,2022-02-25,25.9899997711182,-0.313582135063622,-0.207387435056393,-0.109935752201923,-0.089338939123449,-0.128272668034858,-0.0978608098314932,64.8978844995168,24.8089247577511
LI.PA,2025-04-03,31.2600002288818,0.108125372233483,0.0678183244949141,0.198287054383372,0.266464309455792,0.185392539246515,0.248853481253444,63.3447102474124,25.5950425711195
CTPNV.AS,2023-12-11,15,0.0800000508626302,0.153333282470703,0.0839730015252319,0.20974204788398,0.0703190679793713,0.181979772701708,61.6334338412644,27.7273132148651
CTPNV.AS,2023-12-15,15.2399997711182,0.0643044328710266,0.0958005914533008,0.0806854617548592,0.166176870306276,0.0670709079818097,0.138234224441239,63.7870334695231,25.9294563722663
CTPNV.AS,2024-01-10,15.0200004577637,0.121171746961132,0.0838881618163038,0.109686453517203,0.199588098042302,0.105021431573757,0.179101053663999,52.0348431831279,20.6539144958072
CTPNV.AS,2024-01-18,15.6400003433228,0.0485933029747016,0.0664961597841038,0.10983197950439,0.202916140905788,0.106540615031309,0.182154981760988,64.4739335317717,20.5557883879714
CTPNV.AS,2024-04-04,16.4599990844727,-0.0121505994359068,-0.0692587760058773,0.0558011460623294,0.139856373190649,0.0359802881755754,0.0903724549160697,64.4429213533013,25.4540908203321
LPP.WA,2019-11-21,8600,-0.369767441860465,-0.202906976744186,-0.18580077249235,0.074157220286184,-0.20716296369764,0.0309074534574654,60.6195053200223,33.0901281013662
LPP.WA,2019-11-22,8725,-0.401719197707736,-0.209169054441261,-0.19986564883387,0.0868279341161222,-0.220902410211321,0.0455350115828152,64.4494017644295,33.5698379616719
LPP.WA,2019-12-02,8695,-0.407705577918344,-0.182288671650374,-0.113119758088417,0.0838120957673313,-0.143837770271198,0.0432656886811923,60.7214875931897,34.4513910919864
LPP.WA,2019-12-17,8885,-0.375914462577378,-0.190770962296005,-0.103094146611319,0.0822359883278189,-0.128976101195881,0.0416283096508918,62.9585208208011,31.8154404803793
LPP.WA,2020-11-25,7070,0.216407355021216,0.954738330975955,0.128805816569075,0.234198912144349,0.118822766303608,0.203997503361599,56.2491196575311,23.6628874951554
LPP.WA,2021-02-25,7955,0.722187303582652,0.759899434318039,0.134278998305194,0.213449276973757,0.104870916896795,0.167446699208964,51.9074581078409,22.0603243718098
LPP.WA,2021-03-09,7925,0.669400630914827,0.587381703470031,0.116559725263047,0.208363440592241,0.0904007768253831,0.160502285307457,51.7839905263537,21.9533692508343
LPP.WA,2021-04-08,8615,0.584445734184562,0.996517701683111,0.0933668962617584,0.146293697393065,0.0761288915664398,0.0941572204220444,58.3345473371172,36.3673914456976
LPP.WA,2023-11-30,14880,0.0611559139784946,-0.00268817204301075,0.138197881014498,0.225342693750218,0.120832701431422,0.189544541024266,58.5691310098313,22.4954241088391
LPP.WA,2024-01-10,15860,0.0970996216897856,-0.0126103404791929,0.109686453517203,0.199588098042302,0.105021431573757,0.179101053663999,52.9800215798496,23.5340210425733
LPP.WA,2024-03-12,18000,-0.095,-0.13,0.0751922383276914,0.163539266567179,0.0531573094138285,0.117979875367374,62.3650149875505,26.2345898338471
LPP.WA,2024-05-31,17340,-0.0818915801614764,0.041522491349481,0.0974948974588142,0.159167920328191,0.0767962848604566,0.12353303939754,58.3118528825622,22.7672103155343
LPP.WA,2024-06-12,17760,-0.100225225225225,-0.0230855855855856,0.0798649357171944,0.0658768041019363,0.0704541149379431,0.0653635020914162,60.9034501618572,21.4248406708261
BAB.L,2021-09-09,340.5,0.00910427636862151,-0.0243758819176762,0.0186567679141496,-0.0969090993852908,-0.00932945814399696,-0.118097695140404,51.7072253977731,27.7328376905163
BAB.L,2023-08-31,386.399993896484,0.132505209668165,0.367753644793234,0.061182526965816,0.17757987488312,0.0567223950351274,0.167700893737766,60.5111844849586,23.1360373165862
FHZN.SW,2017-02-01,196.199996948242,0.206931736671871,0.0932721882589294,0.065732201768077,0.123581388828169,0.0794790474045608,0.137294020791419,59.3907856408159,41.9388264295691
FHZN.SW,2017-05-19,228.5,-0.0595186262735914,-0.0284463894967177,0.0526130416215728,0.131589187136861,0.0470720994486717,0.105256594963628,62.7678564294228,41.0209731310179
FHZN.SW,2021-03-12,166.5,-0.132732769390484,-0.0198198381486956,0.105329452762925,0.165159487840487,0.0819574994086267,0.117602229429089,62.1209298387588,32.3254913051918
FHZN.SW,2021-05-12,165.399993896484,-0.0580410592441419,0.0374849603133089,0.0725294209687991,0.0648454664560216,0.0589209116381732,0.0241642327609393,58.6739281858155,25.1574199965089
FHZN.SW,2023-02-27,168.600006103516,0.0788848594987769,0.0688018411909457,0.104642162727515,0.107806113018281,0.0744141490976887,0.0745015442252035,56.8393537861309,23.383499893479
FHZN.SW,2023-02-28,170.5,0.0762463343108504,0.0703812316715543,0.110670854657935,0.132375428106252,0.0813300260576146,0.100719384009745,60.56976989911,22.9156152409058
FHZN.SW,2023-03-08,171.699996948242,0.0547467054300939,0.0710541477290754,0.141024188147308,0.141435043008578,0.11583077717011,0.109725265273678,61.4692168691136,20.5845037240029
ACKB.BR,2018-06-14,152.100006103516,-0.0775805560699781,-0.0887573928880202,-0.00956341532773441,0.00257320318653578,-0.0444051330749132,-0.0313707762751025,57.8433481138185,20.7004968709213
ACKB.BR,2021-02-05,129.800003051758,0.0477657688942421,0.155624009809826,0.0866696280558798,0.169307587672112,0.0820998379180393,0.14234086901301,58.2512567620955,23.49261650346
ACKB.BR,2021-03-05,132.899993896484,0.0820166264549526,0.151241587860203,0.138565378793088,0.224522015130855,0.116036423212616,0.18400693270231,61.1664652031556,21.3933192111108
ACKB.BR,2021-08-30,149.100006103516,0.135479517916438,0.109322515933716,0.0369325502357853,-0.0971429316907174,0.00983212100858956,-0.121691149740859,62.1243617962235,22.890759595387
ACKB.BR,2023-02-09,162,-0.0679012345679012,-0.145061728395062,0.0696287985804851,0.00878846433602842,0.0521315184317277,-0.0154939014151867,55.6132985326664,22.4057146253279
KCR.HE,2022-12-20,28.4500007629395,0.287170402455244,0.113532494046324,0.0779669228758357,0.174229730672451,0.0883596949392689,0.15014705664685,55.308598836551,32.9792898221998
KCR.HE,2022-12-21,28.7900009155273,0.284473718869938,0.0941298714239036,0.0547410974003043,0.150436765749155,0.0689279732167156,0.128967902641012,58.3968799911071,32.3039247486259
PSPN.SW,2017-06-14,92.3000030517578,-0.0433369433125259,-0.0276273344251991,0.0563144169874581,0.103912386888477,0.052786681808071,0.0772158235480057,58.1889135613061,21.0222294255469
PSPN.SW,2023-02-02,116.800003051758,-0.119863010566842,-0.0813356143132141,0.0452777218337814,0.010622713532523,0.0294733034754406,-0.0149041176818932,63.1241954739038,29.2588957560745
PSPN.SW,2024-04-18,116.800003051758,0.0684931488953382,0.1241438323728,0.122663131819915,0.192423997644302,0.112084538839534,0.142277849610056,56.2373326071907,23.7356693611348
PSPN.SW,2024-08-02,118.900001525879,0.0832632581903217,0.196804047313539,0.128746350945752,0.00548012261461558,0.115544235085383,0.0318075387831965,64.5054494509739,29.6090106149676
PSPN.SW,2024-09-05,124.400001525879,0.0610932345731529,0.161575548453186,0.081131514338056,0.0759765074637671,0.0460749587619523,0.0908182912838677,61.6321793545878,23.929953335261
PSPN.SW,2025-04-11,139.199996948242,-0.043821774270546,0.0229884843275681,0.187720027046217,0.285805989187522,0.184045799631907,0.272869567366796,58.6846833710305,23.807743520118
FRA.DE,2016-11-09,53.1199989318848,0.137989495076118,0.559111471388082,0.0856068806201036,0.141933950462,0.0827172562871998,0.147719291076131,52.947874830966,40.1041850385378
FRA.DE,2016-11-30,54.7999992370606,0.269343038814336,0.49434307536025,0.070479016637861,0.103119407403196,0.0761997278697962,0.119900512945176,62.248412045765,24.2570411780748
FRA.DE,2016-12-09,55.0800018310547,0.290849602587235,0.483660103559193,0.0394594942104487,0.0826587905934446,0.0455526283265241,0.100134779120793,59.4898189463976,24.1282065598817
FRA.DE,2017-02-28,59.1100006103516,0.304516999054941,0.392319441751877,0.026036131500292,0.0935845582937879,0.0412558410694613,0.112999466496685,60.7546865842173,26.3917071157091
FRA.DE,2017-12-05,84.9300003051758,-0.0709996321397564,-0.0721770544141208,0.0292138342853434,0.086481784549388,0.0252903164922711,0.0377054702821525,64.3330448626405,26.6070504012935
FRA.DE,2019-06-21,76.6999969482422,-0.0247717597403101,-0.390352018487207,0.0292937144665275,-0.0231252012811827,0.0352747152139852,-0.0489010653652988,62.5737353922061,21.6950189734254
FRA.DE,2021-11-01,63.5,-0.177637776051919,-0.348661407710999,-0.0887276008498861,-0.133238827465425,-0.115393212660129,-0.167770273323151,63.2935043972204,20.3212015405571
FRA.DE,2023-03-10,51.9599990844727,-0.0602385933134728,0.00692841833515625,0.174353055081683,0.178382498455941,0.144539342301615,0.144359528616573,56.7717851973764,20.450175500712
FRA.DE,2024-12-12,53.2000007629395,0.11842103659234,0.340225602053512,-0.0869308058768849,0.0745019753150176,-0.0525565840487367,0.0935991767016776,59.7603602300266,21.226599668623
ACLN.SW,2023-12-08,24.3999996185303,0.430327953750234,0.818032840322789,0.0788077096423553,0.214537500994194,0.0650791150233622,0.185696577578551,53.2835912667918,27.9339037418762
ACLN.SW,2024-01-17,26.8400001525879,0.333084894779593,0.63338300683135,0.119325849364644,0.202719438131562,0.11559286593696,0.1821578383641,62.4589045676281,39.9327824555269
BGN.MI,2017-01-11,23.5900001525879,0.181432838446844,0.206867279745704,0.0521684631637183,0.103167898661235,0.0812549934273453,0.123089301150342,59.3763470720142,29.1779375159497
BGN.MI,2019-08-06,26.420000076294,0.141559415606285,-0.219530629080685,0.0995221849364565,-0.029138331696845,0.103522216972121,-0.0637841658284783,53.5322802196253,31.9614189790838
BGN.MI,2019-08-08,27.0799999237061,0.0923190549129758,-0.169128505783218,0.086232843684908,-0.0202887269071697,0.0856952822179103,-0.0576837810238746,62.8808031692883,31.4416415336739
BGN.MI,2019-09-26,28.3600006103516,0.0733427319795911,-0.0655853515628153,0.11991785727053,0.0298795572308133,0.097412467465378,-0.00695811041188361,58.599666730813,27.3749499303179
BGN.MI,2021-03-01,29.1800003051758,0.242631869167651,0.448594928570514,0.107385719617654,0.200170693577185,0.0824777516784766,0.163843274947706,60.2321093052164,31.2782286432937
BGN.MI,2021-03-08,29.6399993896484,0.214574923796144,0.399122877012819,0.140965803638455,0.229397945982207,0.115478626866304,0.184660998780217,61.518271489215,28.6349680981462
BGN.MI,2021-10-18,38.8499984741211,-0.104761901021318,-0.308622865757803,-0.0226927375882511,-0.130133746613889,-0.0450491924089183,-0.167543280340669,59.2387905440913,20.1228573020086
BGN.MI,2022-12-14,33.4300003051758,-0.0858510563276618,0.000299082304574647,0.0151852469481659,0.125524363801863,0.0333539108640611,0.104826586618501,62.5362033084555,27.2520864600168
BGN.MI,2024-01-04,33.8199996948242,0.200473058559326,0.189828564209747,0.119010036743874,0.219654489072907,0.110482041152033,0.190359643946014,60.8500237804173,23.9983688820916
BGN.MI,2024-01-12,34.1500015258789,0.144948659650603,0.204685140598676,0.10936418705429,0.193342971378598,0.100654522079502,0.170616182834579,59.4709185551291,21.5707281076241
BGN.MI,2024-02-23,35.3400001525879,0.0639501503049005,0.190718778986005,0.0880797500485038,0.178183514615718,0.0659872756075652,0.139314492957068,58.2667222554053,24.3381933781184
BGN.MI,2024-08-16,39.7799987792969,0.139768766815163,0.392659709047335,0.0874627607800333,0.0138686204539317,0.0534801751677723,0.035299527758167,59.5660102823934,23.8983661450146
GTT.PA,2017-12-05,46.5050010681152,0.0730029110802742,0.271906250238393,0.0292138342853434,0.086481784549388,0.0252903164922711,0.0377054702821525,64.4929714121694,28.6114740643022
GTT.PA,2018-09-10,59,0.160169439800715,0.372033846580376,-0.0717450828716905,-0.0306798020895525,-0.0681716790285147,-0.0254670925507004,59.63080382904,21.5984161018463
GTT.PA,2018-09-19,64.5500030517578,0.116188995281477,0.293570814133775,-0.078027444128573,-0.00729722693286848,-0.079214424608389,-0.0105837556416104,62.909214670884,29.9266805740393
GTT.PA,2018-09-28,65.3000030517578,0.167687541140895,0.308575696091671,-0.0707280417290637,0.00428279554162978,-0.0771242003887833,-0.0150327324284994,61.5286702220516,25.2234282746402
GTT.PA,2019-07-26,92.0500030517578,-0.128734445525793,-0.222705044218991,0.0222547776035078,-0.0594211372783258,0.0275120631341601,-0.0930682791841755,64.7244986171903,25.3994956950591
GTT.PA,2022-01-12,82.1999969482422,0.50851587109033,0.358880791912619,-0.159234944958787,-0.241355370825032,-0.151251768204701,-0.257484611135527,64.6936551512245,24.8734641193999
GTT.PA,2024-01-29,129.699996948242,0.00771010041271673,0.00154199655318418,0.0862491492361431,0.18006131543921,0.0847843158796898,0.153258397743076,60.4200852576155,22.9084916997358
SUN.SW,2020-12-14,92,0.102173929629119,0.53913050112517,0.148082689301203,0.240329611832409,0.134859133422648,0.207714043581952,63.0011609462618,37.5751840286062
SUN.SW,2021-01-26,97.5999984741211,0.193647559645099,-0.111168018890881,0.0987811804685477,0.130150448590833,0.0963104350836382,0.102546371567375,56.4257832188187,31.5329635344324
SUN.SW,2023-01-20,78.1999969482422,-0.0562659088004387,0.0645780466602861,0.0521621717459722,0.0913882910758981,0.0352653718717218,0.0543820137020093,59.4984640375619,27.7474637023081
SUN.SW,2023-01-23,78.9000015258789,-0.0722434026286696,0.0735107136906823,0.0500545941237555,0.0841905888209163,0.0374243901924362,0.052549714705477,61.434059949629,27.767475463166
SUN.SW,2023-02-02,80.3000030517578,-0.0292653301893515,0.0242838963154871,0.0452777218337814,0.010622713532523,0.0294733034754406,-0.0149041176818932,64.7593119877196,28.4890145689851
SUN.SW,2023-02-24,80.75,-0.0167182473575368,-0.00371520807130418,0.111220491567579,0.112139976154405,0.0802463263945563,0.0808622497899315,57.9243026109225,26.6854274122896
SUN.SW,2023-02-27,82.0999984741211,-0.040194829277658,0.00304506704806825,0.104642162727515,0.107806113018281,0.0744141490976887,0.0745015442252035,62.1740591315352,27.4004784963259
SUN.SW,2023-12-19,86,0.304651127305142,0.458139552626499,0.0560610476219538,0.147362656469808,0.0426281287348911,0.118744430707571,60.8801453124479,25.7488006538776
SUN.SW,2023-12-22,86.9499969482422,0.338700467064618,0.469810322452708,0.0784835340388819,0.176907541395198,0.0706033876057561,0.150494669159754,64.6826215412887,26.3681290264997
SUN.SW,2024-10-08,138.199996948242,0.037626606823947,0.0274964047443573,0.0683378792584406,0.078909765862924,0.051002698029879,0.085282225501173,63.0005844792055,24.8230351801659
SUN.SW,2025-03-21,162.199996948242,-0.039457423038834,-0.119605390021523,0.118539560442117,0.208017152856387,0.102235462299643,0.197642264890737,59.757554602201,28.504834327975
NKT.CO,2019-11-11,105.05281829834,-0.158950630172534,0.400463038445234,-0.275221040662055,0.0515741641374165,-0.295820255604655,0.0113898014842641,61.4704572518476,24.0643661350768
NKT.CO,2019-11-15,104.161163330078,-0.101945473877087,0.523735531340084,-0.185546360947514,0.0664357374197702,-0.205845770308261,0.0235281567587474,57.7732274826273,25.0051120214114
NKT.CO,2019-11-19,105.458114624023,-0.066103019937051,0.549577264952788,-0.171653512132033,0.0740662726891955,-0.192184105741968,0.0246708533565065,58.4165072970511,25.2591169375503
NKT.CO,2020-05-05,121.994209289551,0.291694290659333,0.994469176877459,0.164734154784227,0.343263288430718,0.172604965605167,0.366210478211625,57.8703991256758,22.7527983722436
NKT.CO,2024-01-10,462.600006103516,0.307825317807323,0.361867686311758,0.109686453517203,0.199588098042302,0.105021431573757,0.179101053663999,62.4864963635171,35.7271173603331
TE.PA,2022-12-12,15.1400003433228,0.325627426664872,0.3705415805457,0.0367066222079035,0.129580833282452,0.0512594649277328,0.107098783993861,59.9600959158415,25.883891966817
TE.PA,2025-01-14,26.2999992370606,0.219011494422927,0.530798459674515,-0.00686136376551443,0.149315994611525,0.0422846231158957,0.182671812807068,58.6332226463854,24.9805609230804
TE.PA,2025-01-17,27.2199993133545,0.20867018206491,0.492285082900647,-0.0140895485442743,0.119721589817249,0.0312500782687285,0.152904054002244,63.4008036463316,23.3813955948648
ELIS.PA,2017-02-01,16.9799995422363,0.158421708278994,0.361601970702315,0.065732201768077,0.123581388828169,0.0794790474045608,0.137294020791419,60.1857970055258,32.0655387667083
ELIS.PA,2017-04-24,18.875,0.0381456589856685,0.250331146038131,0.0351452894631898,0.158852706118699,0.0357505044753539,0.146171485930063,61.4803425478175,27.3095990003402
ELIS.PA,2017-07-27,20.8250007629395,0.0525809975144478,-0.0924370263570384,0.0662594730218595,0.0817720517746752,0.0616097084768586,0.0759771788852017,63.0141120587076,26.5185228674584
ELIS.PA,2017-10-05,22.5,-0.0773333231608073,-0.112000020345052,0.0574278176254551,0.0646533972737167,0.0440310543474434,0.028255166323311,63.0135504218791,30.7774365813412
ELIS.PA,2019-07-16,16.5100002288818,0.0539066854821427,-0.384009695014842,0.0347598302676376,-0.177607499275878,0.0390692700296168,-0.194805191588213,60.3463456015977,29.5671366292787
ELIS.PA,2019-07-29,17.0300006866455,0.0604814291114253,-0.474456873258761,0.030384293770764,-0.0786535005596056,0.0356106002868554,-0.112641139699431,60.9256790154822,36.3606203962872
DLG.MI,2017-01-26,23,0.267826080322266,0.208695619002632,0.0577573499279967,0.110703279328251,0.0768314909755324,0.127347221682734,55.6331414560436,33.5679000260634
DLG.MI,2017-01-30,23.2399997711182,0.256454434187567,0.191910543706804,0.0670306209236306,0.121329300750993,0.0857866320445751,0.138936996770694,57.7466950663952,33.1926344255431
DLG.MI,2017-02-03,23.5,0.208510622065118,0.165957430575756,0.0611555591828129,0.120913915831193,0.0776558146708046,0.13454168925845,59.657040729588,34.3598524795913
DLG.MI,2017-02-14,23.7000007629395,0.223628652592634,0.197046410378037,0.0430872814350444,0.101677770898557,0.0514159282607897,0.120709909063548,59.887202027791,41.356774279569
DLG.MI,2017-03-01,24.7900009155273,0.0943928260919744,0.113352132398766,0.0131345979132353,0.0763410738209625,0.0320924255588042,0.0988446315457927,61.4220401723282,51.3447487641329
DLG.MI,2017-03-02,24.9599990844727,0.085336584384744,-0.0384615031925166,0.0183088050195852,0.0767029124844307,0.0392764968423277,0.101550393480594,63.1334985112542,51.3890822364367
DLG.MI,2017-03-09,24.2600002288818,0.157048616240594,0.00370981664215915,0.0404842488128849,0.098191422543604,0.0605115686722268,0.123100837093459,53.0724854676668,37.8319600579915
DLG.MI,2017-03-10,24.6800003051758,0.148298209163496,-0.0158022441177462,0.0426662632985428,0.0968641215372853,0.0595222826597696,0.121755980332415,57.9479444557748,37.2250807248184
DLG.MI,2017-04-27,27.8500003814697,-0.0718132844741618,-0.0477558314358582,0.0289186809781528,0.166391057930776,0.0346003002815525,0.157343082464128,63.0096200567587,42.4146427027696
DLG.MI,2017-05-16,28.9799995422363,-0.107660420330152,-0.0634920697602572,0.0423007127730459,0.175496870583813,0.0408441112537117,0.150465483029215,61.6937319152968,42.4282999286482
DLG.MI,2017-06-16,29.6900005340576,-0.0720781831762603,-0.24418995855805,0.0558863966160762,0.121229774852597,0.0514235964578562,0.091065265871935,59.5918151543064,25.8562784289767
DLG.MI,2017-11-09,28.1000003814697,-0.120996426063125,-0.143772272622156,0.0228543544275388,0.0896340318387275,0.00744358414353128,0.0478017308733403,56.4379983047258,24.2863988630489
DLG.MI,2018-09-19,28.1599998474121,-0.223721565028329,-0.348721581961467,-0.078027444128573,-0.00729722693286848,-0.079214424608389,-0.0105837556416104,60.8947226569959,23.0917009904979
DLG.MI,2018-09-21,28.3400001525879,-0.222300607026823,-0.362032469076925,-0.0761655403265753,-0.0170086853854456,-0.0818378345386402,-0.0231351285367399,59.9624618302823,22.6495376970801
DLG.MI,2021-03-16,33.6800003051758,0.114014255278904,-0.0896674712113816,0.113326506999457,0.152494137854979,0.0875494691954287,0.103628294411261,61.0063057883242,24.6884566430308
DLG.MI,2021-03-19,33.7000007629395,0.0813055727518784,-0.122255215013652,0.124591762770012,0.15980426324886,0.0974573269050649,0.108937817480534,60.2383571562824,28.4284327723378
DLG.MI,2021-05-07,37.4199981689453,0.0619990278740004,-0.251737002402179,0.0586164749638484,0.0419434345461918,0.0474826487863875,0.00294277505216575,62.666851173983,38.1827580681708
DLG.MI,2024-04-23,31.4599990844727,-0.0902733098501889,-0.0572154891749171,0.113962019882351,0.149192940315005,0.100813903779203,0.101313741887436,55.8267785668189,21.5593996942718
DLG.MI,2024-05-14,32.7200012207031,-0.154645512974167,0.0391197656339626,0.0899406162807006,0.14254530929668,0.071930566937503,0.0980432395437502,56.7347820437789,26.5993167806741
DLG.MI,2024-06-05,32.6399993896484,-0.172181343044605,0.0410539270111893,0.0944746915495985,0.1122930276762,0.0744103816020943,0.0870832631886775,55.5018357392485,21.47647901082
NEX.PA,2017-11-16,52.75,-0.194502337848971,-0.463507123468047,0.0213603699292809,0.105509688095713,0.0133751320258775,0.0553616459756986,49.2123901338972,27.9405952866935
NEX.PA,2017-11-17,53.3499984741211,-0.2140580786424,-0.472352381937083,0.00117485896485553,0.108129531751013,-0.00571226242413742,0.0584052483973646,52.6994896817477,26.9562797436731
NEX.PA,2019-11-08,36.2099990844727,-0.241369787133356,0.251587982344304,-0.2548140159138,0.0534612292939696,-0.283312492456054,0.0168128714957748,60.0191394471224,31.131713613621
NEX.PA,2020-07-31,44.2000007629395,0.195701302304828,0.692307732140939,0.131798854021657,0.264074626816658,0.152302131280999,0.269632665775137,54.9010753881683,38.7851137176458
NEX.PA,2020-08-03,46.7799987792969,0.1596836557424,0.600042762447591,0.114796576409905,0.266741673763885,0.132971619808904,0.266966870200487,64.7808527969171,38.8541079030717
NEX.PA,2021-07-09,78,0.133974319849259,0.0916666862292167,0.0716893075950196,0.0397089543916205,0.0600530094753961,0.00171581047113266,61.3209582260657,26.3746758046215
WDP.BR,2017-03-17,12.5714282989502,0.07465913240821,0.0293181707494513,0.0418711565752129,0.110993365164775,0.0547874888481636,0.118919618393559,62.2715678120627,26.821543070307
WDP.BR,2017-06-16,13.5057144165039,-0.0148086029936375,0.0344827001826326,0.0558863966160762,0.121229774852597,0.0514235964578562,0.091065265871935,64.8562934758251,33.2926351599313
WDP.BR,2018-11-27,16.8857135772705,0.204737796110845,0.333333295681216,0.0730863573176744,0.0769936341770852,0.0682140495061313,0.0480814476694387,61.3181653104015,25.7468528194747
WDP.BR,2019-04-05,20.3428573608398,0.106741483487531,0.112359495780607,-0.0180243965078592,0.113553233812119,-0.0355330073174664,0.0870668632808669,60.1056389155842,44.1024418326843
WDP.BR,2019-04-10,20.3142852783203,0.149085830046488,0.136427593878843,0.0122705557717647,0.121770908600327,-0.0123729027698024,0.0925762836233422,58.1986342479607,41.3639545117389
WDP.BR,2019-06-21,20.5714282989502,0.119444398342827,0.29305559122636,0.0292937144665275,-0.0231252012811827,0.0352747152139852,-0.0489010653652988,61.1756612161879,27.6993778113774
WDP.BR,2019-09-17,23.857141494751,0.0500000279820624,0.0447605067247692,0.0791595753088594,0.0354826324040741,0.062095033420621,0.01069112181515,56.9375910116574,27.0380853915835
WDP.BR,2019-09-18,24.3142852783203,0.00578732394454587,0.0312867713737581,0.0896355880030199,0.062260313492697,0.0712281266271952,0.0331318753884272,62.7576164496836,27.02743004496
WDP.BR,2019-09-30,24.0571422576904,0.128562957632723,0.0256828917064164,0.11790414072258,0.045939517878158,0.0964262213099682,0.0107866406290784,55.0805959201293,22.2797635857339
WDP.BR,2020-09-30,31.0599994659424,-0.0637475716767934,0.0431423722787198,0.163018132759069,0.23890877053598,0.179963869234688,0.24206194513536,64.7841587657486,26.6944031079322
WDP.BR,2021-11-24,41.4000015258789,-0.0579710492130943,-0.221256026806817,-0.0375074647482134,-0.0859987807145179,-0.0519884791225908,-0.11604827305492,64.8007324568631,24.6105279365852
