time,open,close,high,low,volume
2021-11-08 01:00:00,1815.77,1824.42,1826.38,1812.32,344934
2021-11-09 01:00:00,1824.44,1829.73,1832.61,1819.06,382073
2021-11-10 01:00:00,1829.73,1848.26,1868.43,1822.26,460432
2021-11-11 01:00:00,1848.26,1862.27,1865.9,1842.8,337108
2021-11-12 01:00:00,1862.27,1864.35,1868.56,1845.18,343067
2021-11-14 01:00:00,1866.78,1865.44,1867.71,1865.16,8074
2021-11-15 01:00:00,1865.44,1862.31,1870.36,1856.29,303812
2021-11-16 01:00:00,1862.31,1850.24,1876.99,1849.57,385597
2021-11-17 01:00:00,1850.24,1866.44,1867.99,1849.46,297203
2021-11-18 01:00:00,1866.47,1859.71,1870.84,1855.06,322210
2021-11-18 01:00:00,1866.47,1859.71,1870.84,1855.06,322210
2021-11-19 01:00:00,1859.72,1846.1,1865.85,1843.14,329902
2021-11-21 01:00:00,1841.97,1844.89,1847.27,1841.48,10889
2021-11-22 01:00:00,1844.89,1808.92,1849.07,1802.16,417950
2021-11-23 01:00:00,1808.91,1790.78,1812.23,1781.89,410931
2021-11-23 01:00:00,1808.91,1790.78,1812.23,1781.89,410931
2021-11-24 01:00:00,1790.77,1789.52,1796.27,1778.4,334078
2021-11-25 01:00:00,1789.54,1792.52,1795.01,1787.79,133286
2021-11-26 01:00:00,1792.52,1790.19,1815.35,1780.11,387521
2021-11-28 01:00:00,1788.25,1795.2,1795.37,1777.06,14909
2021-11-28 01:00:00,1788.25,1795.2,1795.37,1777.06,14909
2021-11-29 01:00:00,1795.18,1786.74,1799.27,1781.01,363055
2021-11-30 01:00:00,1786.75,1773.3,1808.58,1769.89,459337
2021-12-01 01:00:00,1773.32,1781.71,1794.33,1772.57,401404
2021-12-02 01:00:00,1781.74,1768.94,1781.91,1761.7,350545
2021-12-03 01:00:00,1768.92,1783.31,1786.04,1766.19,358342
2021-12-03 01:00:00,1768.92,1783.31,1786.04,1766.19,358342
2021-12-05 01:00:00,1782.26,1782.9,1784.04,1780.7,7265
2021-12-06 01:00:00,1782.9,1780.88,1787.6,1775.65,275675
2021-12-07 01:00:00,1780.83,1784.65,1787.69,1772.25,256697
2021-12-08 01:00:00,1784.63,1783.51,1792.99,1779.61,287136
2021-12-08 01:00:00,1784.63,1783.51,1792.99,1779.61,287136
2021-12-09 01:00:00,1783.51,1776.33,1787.52,1773.24,276565
2021-12-10 01:00:00,1776.33,1782.72,1789.34,1770.02,276845
2021-12-12 01:00:00,1782.79,1783.15,1784.34,1782.65,5197
2021-12-13 01:00:00,1783.15,1785.66,1791.45,1781.72,233283
2021-12-13 01:00:00,1783.15,1785.66,1791.45,1781.72,233283
2021-12-14 01:00:00,1785.65,1772.41,1789.37,1766.35,283524
2021-12-15 01:00:00,1772.43,1779.52,1781.42,1752.94,341978
2021-12-16 01:00:00,1779.52,1798.69,1799.45,1775.56,318476
2021-12-17 01:00:00,1798.7,1797.9,1814.16,1795.67,275420
2021-12-19 01:00:00,1800.45,1799.95,1801.52,1799.23,8167
2021-12-20 01:00:00,1799.95,1791.55,1804.05,1788.26,278669
2021-12-21 01:00:00,1791.56,1790.45,1800.38,1784.77,265988
2021-12-22 01:00:00,1790.44,1803.59,1804.91,1785.75,252311
2021-12-23 01:00:00,1803.58,1808.26,1810.53,1798.77,233750
2021-12-23 01:00:00,1803.58,1808.26,1810.53,1798.77,233750
2021-12-26 01:00:00,1806.35,1807.12,1808.47,1806.35,4139
2021-12-27 01:00:00,1807.13,1812.23,1813.36,1802.93,196620
2021-12-28 01:00:00,1812.23,1806.51,1820.11,1804.96,227781
2021-12-28 01:00:00,1812.23,1806.51,1820.11,1804.96,227781
2021-12-29 01:00:00,1806.51,1804.45,1807.67,1789.34,290729
2021-12-30 01:00:00,1804.45,1815.72,1817.22,1796.27,262031
2021-12-31 01:00:00,1815.73,1829.09,1830.15,1814.72,249650
2022-01-02 01:00:00,1830.48,1828.34,1831.54,1827.9,5788
2022-01-02 01:00:00,1830.48,1828.34,1831.54,1827.9,5788
2022-01-03 01:00:00,1828.32,1804.18,1831.45,1798.33,339382
2022-01-04 01:00:00,1804.17,1813.83,1816.58,1798.42,361996
2022-01-05 01:00:00,1813.83,1810.17,1829.53,1808.2,317693
2022-01-06 01:00:00,1810.17,1791.48,1811.42,1786.32,405962
2022-01-07 01:00:00,1791.49,1797.0,1798.73,1782.68,319078
2022-01-07 01:00:00,1791.49,1797.0,1798.73,1782.68,319078
2022-01-09 01:00:00,1795.01,1795.1,1796.02,1794.42,6981
2022-01-10 01:00:00,1795.09,1801.13,1802.83,1790.21,304900
2022-01-11 01:00:00,1801.12,1820.64,1823.22,1801.08,316065
2022-01-12 01:00:00,1820.63,1825.19,1827.95,1814.63,302852
2022-01-12 01:00:00,1820.63,1825.19,1827.95,1814.63,302852
2022-01-13 01:00:00,1825.19,1820.74,1828.04,1812.24,294220
2022-01-14 01:00:00,1820.74,1817.53,1829.05,1814.59,335613
2022-01-16 01:00:00,1817.47,1816.33,1818.11,1815.85,6379
2022-01-17 01:00:00,1816.34,1818.99,1823.11,1813.06,151535
2022-01-17 01:00:00,1816.34,1818.99,1823.11,1813.06,151535
2022-01-18 01:00:00,1818.7,1814.21,1822.66,1805.66,390148
2022-01-19 01:00:00,1814.23,1838.5,1843.19,1810.15,363582
2022-01-20 01:00:00,1838.51,1838.87,1847.81,1835.86,353036
2022-01-21 01:00:00,1838.88,1834.39,1843.1,1828.36,357566
2022-01-23 01:00:00,1832.87,1834.58,1836.93,1832.87,9733
2022-01-24 01:00:00,1834.59,1843.41,1844.2,1829.6,353010
2022-01-25 01:00:00,1843.42,1849.48,1853.73,1834.76,327945
2022-01-26 01:00:00,1849.49,1821.87,1849.49,1814.88,347668
2022-01-27 01:00:00,1821.86,1797.23,1821.88,1791.71,425602
2022-01-27 01:00:00,1821.86,1797.23,1821.88,1791.71,425602
2022-01-28 01:00:00,1797.23,1791.56,1799.35,1780.22,399706
2022-01-30 01:00:00,1789.29,1789.38,1790.52,1788.34,9764
2022-01-31 01:00:00,1789.39,1797.64,1799.76,1785.5,298519
2022-02-01 01:00:00,1797.63,1800.63,1808.69,1795.67,336161
2022-02-01 01:00:00,1797.63,1800.63,1808.69,1795.67,336161
2022-02-02 01:00:00,1800.64,1807.7,1810.68,1794.33,302697
2022-02-03 01:00:00,1807.7,1805.64,1808.89,1788.54,357172
2022-02-04 01:00:00,1805.61,1807.6,1814.8,1792.07,353585
2022-02-06 01:00:00,1808.25,1809.95,1811.33,1807.68,9951
2022-02-06 01:00:00,1808.25,1809.95,1811.33,1807.68,9951
2022-02-07 01:00:00,1809.96,1821.9,1823.48,1808.67,314479
2022-02-08 01:00:00,1821.89,1825.8,1828.67,1815.25,263212
2022-02-09 01:00:00,1825.8,1832.47,1835.72,1824.6,253413
2022-02-10 01:00:00,1832.47,1826.82,1841.84,1821.49,405118
2022-02-11 01:00:00,1826.82,1858.76,1865.22,1820.78,418325
2022-02-11 01:00:00,1826.82,1858.76,1865.22,1820.78,418325
2022-02-13 01:00:00,1855.65,1859.44,1861.47,1855.19,16617
2022-02-14 01:00:00,1859.46,1870.94,1874.02,1850.73,458939
2022-02-15 01:00:00,1870.96,1852.85,1879.41,1844.45,401016
2022-02-16 01:00:00,1852.87,1869.83,1872.49,1850.23,342536
2022-02-16 01:00:00,1852.87,1869.83,1872.49,1850.23,342536
2022-02-17 01:00:00,1869.84,1899.92,1901.03,1867.71,520455
2022-02-18 01:00:00,1899.94,1897.72,1902.44,1886.56,397924
2022-02-20 01:00:00,1902.77,1904.81,1906.45,1898.76,12496
2022-02-21 01:00:00,1904.81,1909.35,1913.79,1887.54,320499
2022-02-21 01:00:00,1904.81,1909.35,1913.79,1887.54,320499
2022-02-22 01:00:00,1909.33,1898.11,1913.81,1891.3,537930
2022-02-23 01:00:00,1898.09,1910.64,1911.5,1889.53,372234
2022-02-24 01:00:00,1910.62,1906.57,1974.53,1877.91,896881
2022-02-25 01:00:00,1906.57,1888.85,1921.56,1882.82,608219
2022-02-27 01:00:00,1922.42,1910.36,1927.55,1904.41,31480
2022-02-28 01:00:00,1910.34,1906.13,1919.47,1890.95,651874
2022-03-01 01:00:00,1906.12,1942.22,1950.04,1901.31,643153
2022-03-02 01:00:00,1942.24,1928.68,1947.77,1913.43,614416
2022-03-03 01:00:00,1928.68,1934.78,1941.08,1921.91,504020
2022-03-03 01:00:00,1928.68,1934.78,1941.08,1921.91,504020
2022-03-04 01:00:00,1934.79,1970.02,1970.56,1929.45,614438
2022-03-06 01:00:00,1981.06,1988.51,1991.47,1981.05,31875
2022-03-07 01:00:00,1988.58,1998.71,2002.56,1960.9,892328
2022-03-08 01:00:00,1998.71,2043.7,2070.28,1980.91,1138750
2022-03-08 01:00:00,1998.71,2043.7,2070.28,1980.91,1138750
2022-03-09 01:00:00,2043.72,1989.85,2058.97,1975.67,940015
2022-03-10 01:00:00,1989.85,1995.26,2009.03,1970.55,773679
2022-03-11 01:00:00,1995.25,1987.85,1997.01,1958.47,541343
2022-03-13 01:00:00,1980.11,1974.05,1983.48,1970.37,25810
2022-03-13 01:00:00,1980.11,1974.05,1983.48,1970.37,25810
2022-03-14 01:00:00,1974.1,1952.03,1978.5,1949.55,578654
2022-03-15 01:00:00,1952.03,1917.93,1952.07,1906.93,608026
2022-03-16 01:00:00,1917.92,1926.99,1929.42,1894.87,593154
2022-03-17 01:00:00,1927.02,1944.16,1949.69,1925.6,497381
2022-03-18 01:00:00,1944.16,1921.0,1945.52,1917.78,401368
2022-03-18 01:00:00,1944.16,1921.0,1945.52,1917.78,401368
2022-03-20 01:00:00,1924.93,1919.06,1926.36,1918.22,17936
2022-03-21 01:00:00,1919.05,1935.56,1941.13,1917.7,398261
2022-03-22 01:00:00,1935.59,1919.56,1938.14,1910.41,432323
2022-03-23 01:00:00,1919.59,1945.98,1948.34,1915.4,387413
2022-03-23 01:00:00,1919.59,1945.98,1948.34,1915.4,387413
2022-03-24 01:00:00,1945.96,1959.23,1966.12,1937.44,452949
2022-03-25 01:00:00,1959.15,1957.9,1964.21,1943.06,415044
2022-03-27 01:00:00,1955.47,1957.17,1957.76,1954.61,15834
2022-03-28 02:00:00,1957.18,1923.97,1958.29,1916.9,529187
2022-03-28 02:00:00,1957.18,1923.97,1958.29,1916.9,529187
2022-03-29 02:00:00,1923.99,1916.4,1929.27,1889.99,504879
2022-03-30 02:00:00,1916.42,1934.07,1938.54,1915.91,419719
2022-03-31 02:00:00,1934.06,1936.71,1949.84,1919.15,426260
2022-04-01 02:00:00,1936.72,1924.77,1939.58,1917.93,401331
2022-04-03 02:00:00,1924.52,1924.52,1924.9,1921.32,13052
2022-04-04 02:00:00,1924.52,1931.58,1936.93,1915.41,346651
2022-04-05 02:00:00,1931.59,1920.46,1944.67,1917.86,376915
2022-04-06 02:00:00,1920.45,1923.74,1933.47,1914.81,438932
2022-04-07 02:00:00,1923.73,1932.9,1937.76,1920.52,370595
2022-04-07 02:00:00,1923.73,1932.9,1937.76,1920.52,370595
2022-04-08 02:00:00,1932.91,1947.12,1948.16,1927.69,339784
2022-04-10 02:00:00,1948.0,1944.67,1949.9,1943.23,16309
2022-04-11 02:00:00,1944.65,1952.72,1969.78,1939.94,431052
2022-04-12 02:00:00,1952.71,1965.89,1978.62,1949.68,448903
2022-04-12 02:00:00,1952.71,1965.89,1978.62,1949.68,448903
2022-04-13 02:00:00,1965.9,1977.1,1981.51,1962.85,391196
2022-04-14 02:00:00,1977.11,1972.33,1980.28,1960.32,398805
2022-04-17 02:00:00,1972.55,1986.86,1988.2,1971.92,24307
2022-04-17 02:00:00,1972.55,1986.86,1988.2,1971.92,24307
2022-04-18 02:00:00,1986.85,1977.15,1998.28,1976.07,365926
2022-04-19 02:00:00,1977.14,1949.78,1981.96,1943.69,448964
2022-04-20 02:00:00,1949.77,1956.82,1958.06,1939.4,432387
2022-04-21 02:00:00,1956.81,1950.88,1957.37,1936.69,432746
2022-04-22 02:00:00,1950.86,1931.53,1955.62,1926.57,477299
2022-04-22 02:00:00,1950.86,1931.53,1955.62,1926.57,477299
2022-04-24 02:00:00,1932.76,1932.76,1934.51,1929.6,17280
2022-04-25 02:00:00,1932.77,1899.28,1932.84,1891.41,568361
2022-04-26 02:00:00,1899.26,1906.5,1911.22,1895.67,483665
2022-04-27 02:00:00,1906.51,1885.72,1906.95,1881.36,485937
2022-04-27 02:00:00,1906.51,1885.72,1906.95,1881.36,485937
2022-04-28 02:00:00,1885.69,1895.57,1896.73,1872.0,485833
2022-04-29 02:00:00,1895.56,1896.96,1919.81,1894.44,462506
2022-05-01 02:00:00,1899.36,1897.2,1899.87,1896.08,19768
2022-05-02 02:00:00,1897.18,1863.09,1898.39,1854.45,420619
2022-05-02 02:00:00,1897.18,1863.09,1898.39,1854.45,420619
2022-05-03 02:00:00,1863.08,1868.39,1878.14,1850.44,415934
2022-05-04 02:00:00,1868.4,1893.99,1894.2,1861.52,412209
2022-05-05 02:00:00,1894.0,1874.39,1909.81,1872.57,521744
2022-05-06 02:00:00,1874.38,1882.96,1892.38,1866.13,434469
2022-05-08 02:00:00,1883.44,1881.17,1885.6,1879.63,17857
2022-05-09 02:00:00,1881.18,1854.46,1882.04,1851.72,443853
2022-05-10 02:00:00,1854.47,1833.69,1865.45,1833.29,482845
2022-05-11 02:00:00,1833.7,1854.11,1858.16,1832.12,505054
2022-05-12 02:00:00,1854.12,1821.45,1858.87,1809.99,495092
2022-05-12 02:00:00,1854.12,1821.45,1858.87,1809.99,495092
2022-05-13 02:00:00,1821.43,1811.45,1828.85,1799.03,382347
2022-05-15 02:00:00,1814.35,1813.15,1815.3,1809.52,19035
2022-05-16 02:00:00,1812.89,1826.34,1829.15,1786.4,404213
2022-05-17 02:00:00,1826.36,1814.51,1836.12,1812.9,371214
2022-05-17 02:00:00,1826.36,1814.51,1836.12,1812.9,371214
2022-05-18 02:00:00,1814.49,1816.1,1824.7,1807.34,363651
2022-05-19 02:00:00,1816.09,1841.98,1849.02,1810.91,418058
2022-05-20 02:00:00,1841.97,1846.32,1849.49,1832.35,335875
2022-05-22 02:00:00,1848.19,1846.14,1849.24,1842.71,11405
2022-05-22 02:00:00,1848.19,1846.14,1849.24,1842.71,11405
2022-05-23 02:00:00,1846.13,1853.8,1865.43,1845.73,231127
2022-05-24 02:00:00,1853.81,1867.44,1869.63,1849.23,220302
2022-05-25 02:00:00,1867.45,1854.13,1868.15,1840.71,215200
2022-05-26 02:00:00,1854.12,1852.83,1854.36,1840.51,223549
2022-05-27 02:00:00,1852.81,1853.35,1861.93,1847.84,197225
2022-05-27 02:00:00,1852.81,1853.35,1861.93,1847.84,197225
2022-05-29 02:00:00,1852.43,1849.79,1853.77,1847.99,6819
2022-05-30 02:00:00,1849.78,1852.34,1864.07,1848.6,137321
2022-05-31 02:00:00,1852.34,1836.44,1857.18,1835.18,234506
2022-06-01 02:00:00,1836.47,1845.95,1849.77,1828.39,252332
2022-06-01 02:00:00,1836.47,1845.95,1849.77,1828.39,252332
2022-06-02 02:00:00,1845.96,1869.86,1870.59,1843.95,208731
2022-06-03 02:00:00,1869.87,1850.94,1874.16,1847.42,200535
2022-06-05 02:00:00,1850.81,1851.47,1853.23,1849.97,5585
2022-06-06 02:00:00,1851.48,1839.33,1857.73,1837.73,192288
2022-06-06 02:00:00,1851.48,1839.33,1857.73,1837.73,192288
2022-06-07 02:00:00,1839.32,1853.68,1855.48,1836.93,196800
2022-06-08 02:00:00,1853.72,1852.81,1859.63,1844.49,184087
2022-06-09 02:00:00,1852.82,1846.99,1855.43,1840.1,218492
2022-06-10 02:00:00,1847.0,1871.28,1875.9,1825.01,297589
2022-06-12 02:00:00,1878.18,1877.03,1879.05,1874.77,13383
2022-06-13 02:00:00,1877.11,1820.88,1877.46,1813.8,346013
2022-06-14 02:00:00,1820.87,1810.99,1831.53,1805.09,310399
2022-06-15 02:00:00,1811.0,1833.76,1841.86,1808.05,382837
2022-06-16 02:00:00,1833.74,1850.88,1857.35,1815.11,362334
2022-06-16 02:00:00,1833.74,1850.88,1857.35,1815.11,362334
2022-06-17 02:00:00,1850.89,1839.42,1852.93,1833.78,275172
2022-06-19 02:00:00,1836.01,1838.4,1840.28,1834.73,10940
2022-06-20 02:00:00,1838.41,1839.0,1846.16,1835.09,176098
2022-06-21 02:00:00,1838.99,1831.46,1843.56,1828.58,267368
2022-06-21 02:00:00,1838.99,1831.46,1843.56,1828.58,267368
2022-06-22 02:00:00,1831.47,1836.49,1847.78,1823.29,282865
2022-06-23 02:00:00,1836.49,1824.53,1846.11,1822.47,295518
2022-06-24 02:00:00,1824.52,1827.23,1831.75,1816.84,274596
2022-06-26 02:00:00,1835.92,1830.98,1836.23,1829.99,13095
2022-06-26 02:00:00,1835.92,1830.98,1836.23,1829.99,13095
2022-06-27 02:00:00,1830.98,1823.66,1841.16,1820.66,244810
2022-06-28 02:00:00,1823.65,1818.33,1829.45,1818.17,211323
2022-06-29 02:00:00,1818.32,1818.8,1833.02,1811.89,266279
2022-06-30 02:00:00,1818.79,1806.45,1825.07,1802.65,293719
2022-07-01 02:00:00,1806.48,1810.52,1811.65,1784.55,339140
2022-07-01 02:00:00,1806.48,1810.52,1811.65,1784.55,339140
2022-07-03 02:00:00,1810.01,1808.14,1810.41,1808.1,5676
2022-07-04 02:00:00,1808.15,1809.28,1814.26,1803.96,166941
2022-07-05 02:00:00,1809.26,1769.51,1812.13,1763.96,347597
2022-07-06 02:00:00,1769.53,1739.91,1772.78,1732.22,338186
2022-07-06 02:00:00,1769.53,1739.91,1772.78,1732.22,338186
2022-07-07 02:00:00,1739.93,1741.78,1749.04,1736.53,238112
2022-07-08 02:00:00,1741.77,1741.9,1752.37,1732.85,258253
2022-07-10 02:00:00,1741.04,1742.0,1744.52,1740.9,6955
2022-07-11 02:00:00,1742.05,1733.28,1743.51,1731.25,212813
2022-07-11 02:00:00,1742.05,1733.28,1743.51,1731.25,212813
2022-07-12 02:00:00,1733.28,1725.3,1744.23,1723.13,271284
2022-07-13 02:00:00,1725.29,1731.91,1745.35,1706.91,373074
2022-07-14 02:00:00,1731.91,1711.65,1733.53,1697.54,412251
2022-07-15 02:00:00,1711.64,1707.42,1716.53,1698.95,301966
2022-07-17 02:00:00,1706.8,1710.27,1710.64,1706.38,9181
2022-07-18 02:00:00,1710.28,1708.12,1723.84,1706.65,272090
2022-07-19 02:00:00,1708.1,1709.97,1718.4,1705.32,220745
2022-07-20 02:00:00,1709.97,1695.38,1714.47,1692.45,260642
2022-07-21 02:00:00,1695.37,1717.99,1720.21,1680.77,353151
2022-07-21 02:00:00,1695.37,1717.99,1720.21,1680.77,353151
2022-07-22 02:00:00,1717.97,1727.12,1739.25,1712.79,297743
2022-07-24 02:00:00,1725.99,1724.7,1727.03,1724.25,6563
2022-07-25 02:00:00,1724.71,1719.03,1736.23,1714.72,223506
2022-07-26 02:00:00,1719.04,1717.96,1728.16,1713.63,215299
2022-07-26 02:00:00,1719.04,1717.96,1728.16,1713.63,215299
2022-07-27 02:00:00,1717.94,1738.78,1740.11,1711.45,228455
2022-07-28 02:00:00,1738.8,1754.98,1757.0,1733.96,332446
2022-07-29 02:00:00,1754.99,1766.09,1768.0,1752.04,283049
2022-07-31 02:00:00,1765.25,1761.95,1765.37,1760.81,7625
2022-07-31 02:00:00,1765.25,1761.95,1765.37,1760.81,7625
2022-08-01 02:00:00,1761.96,1772.26,1775.34,1757.92,273944
2022-08-02 02:00:00,1772.27,1756.53,1788.05,1754.51,394844
2022-08-03 02:00:00,1756.52,1763.51,1772.72,1754.1,268777
2022-08-04 02:00:00,1763.54,1793.31,1794.86,1763.29,253537
2022-08-05 02:00:00,1793.26,1774.88,1794.81,1764.93,261155
2022-08-05 02:00:00,1793.26,1774.88,1794.81,1764.93,261155
2022-08-07 02:00:00,1773.33,1774.61,1775.09,1772.76,6566
2022-08-08 02:00:00,1774.6,1789.16,1790.67,1771.17,188949
2022-08-09 02:00:00,1789.14,1794.08,1800.42,1783.09,202388
2022-08-10 02:00:00,1794.07,1791.65,1807.81,1787.18,232379
2022-08-10 02:00:00,1794.07,1791.65,1807.81,1787.18,232379
2022-08-11 02:00:00,1791.66,1789.03,1799.26,1783.59,212919
2022-08-12 02:00:00,1789.01,1801.96,1802.59,1784.83,192338
2022-08-14 02:00:00,1801.69,1799.18,1801.74,1799.03,4721
2022-08-15 02:00:00,1799.17,1778.54,1801.73,1772.94,229863
2022-08-15 02:00:00,1799.17,1778.54,1801.73,1772.94,229863
2022-08-16 02:00:00,1778.57,1775.58,1783.1,1771.1,198420
2022-08-17 02:00:00,1775.57,1764.96,1782.3,1759.65,234859
2022-08-18 02:00:00,1764.98,1758.46,1772.39,1755.43,204707
2022-08-19 02:00:00,1758.46,1747.0,1758.65,1745.5,207057
2022-08-21 02:00:00,1745.64,1745.72,1748.12,1745.0,6928
2022-08-22 02:00:00,1745.71,1735.23,1749.16,1727.74,225708
2022-08-23 02:00:00,1735.24,1746.05,1754.06,1730.76,239033
2022-08-24 02:00:00,1746.05,1750.99,1755.83,1742.45,204817
2022-08-25 02:00:00,1751.0,1756.4,1765.45,1749.95,208179
2022-08-25 02:00:00,1751.0,1756.4,1765.45,1749.95,208179
2022-08-26 02:00:00,1756.41,1737.67,1758.78,1734.13,251750
2022-08-28 02:00:00,1734.8,1734.76,1738.52,1732.95,11461
2022-08-29 02:00:00,1734.77,1739.54,1745.47,1720.27,216755
2022-08-30 02:00:00,1739.53,1723.32,1740.49,1721.17,191349
2022-08-30 02:00:00,1739.53,1723.32,1740.49,1721.17,191349
2022-08-31 02:00:00,1723.32,1708.98,1726.47,1705.65,221027
2022-09-01 02:00:00,1708.98,1697.39,1708.98,1688.81,227237
2022-09-02 02:00:00,1697.34,1712.07,1717.98,1696.3,212671
2022-09-04 02:00:00,1711.32,1707.96,1711.62,1707.9,7375
2022-09-04 02:00:00,1711.32,1707.96,1711.62,1707.9,7375
2022-09-05 02:00:00,1707.95,1713.94,1715.77,1707.69,119844
2022-09-06 02:00:00,1713.93,1703.5,1726.68,1699.85,215996
2022-09-07 02:00:00,1703.5,1716.56,1719.45,1691.42,256247
2022-09-08 02:00:00,1716.57,1710.88,1728.17,1703.88,278502
2022-09-09 02:00:00,1710.88,1717.43,1729.44,1709.8,282167
2022-09-09 02:00:00,1710.88,1717.43,1729.44,1709.8,282167
2022-09-11 02:00:00,1718.31,1718.4,1720.17,1716.76,6738
2022-09-12 02:00:00,1718.39,1725.26,1735.1,1711.45,290197
2022-09-13 02:00:00,1725.25,1702.14,1731.77,1697.01,306994
2022-09-14 02:00:00,1702.16,1697.49,1707.04,1693.62,280498
2022-09-14 02:00:00,1702.16,1697.49,1707.04,1693.62,280498
2022-09-15 02:00:00,1697.5,1662.29,1697.77,1660.3,294726
2022-09-16 02:00:00,1662.3,1675.27,1680.31,1653.91,293896
2022-09-18 02:00:00,1674.41,1677.95,1679.91,1673.96,8871
2022-09-19 02:00:00,1677.93,1675.78,1678.73,1659.58,227985
2022-09-19 02:00:00,1677.93,1675.78,1678.73,1659.58,227985
2022-09-20 02:00:00,1675.77,1666.4,1679.46,1659.95,238479
2022-09-21 02:00:00,1666.4,1667.05,1687.97,1653.68,360474
2022-09-22 02:00:00,1667.04,1675.21,1684.82,1655.62,561598
2022-09-23 02:00:00,1672.72,1643.44,1675.95,1639.68,369269
2022-09-25 02:00:00,1643.03,1644.14,1645.67,1640.41,11792
2022-09-26 02:00:00,1644.15,1627.65,1649.71,1620.96,417470
2022-09-27 02:00:00,1627.63,1628.86,1642.36,1626.73,357464
2022-09-28 02:00:00,1628.85,1656.07,1662.66,1614.79,441180
2022-09-29 02:00:00,1656.09,1664.6,1665.26,1641.46,319294
2022-09-29 02:00:00,1656.09,1664.6,1665.26,1641.46,319294
2022-09-30 02:00:00,1664.59,1660.84,1675.41,1659.22,348807
2022-10-02 02:00:00,1664.19,1664.21,1665.34,1663.25,8895
2022-10-03 02:00:00,1664.2,1701.01,1702.51,1659.4,382082
2022-10-04 02:00:00,1701.01,1725.56,1729.47,1695.1,357741
2022-10-04 02:00:00,1701.01,1725.56,1729.47,1695.1,357741
2022-10-05 02:00:00,1725.57,1718.38,1727.78,1700.47,341985
2022-10-06 02:00:00,1718.39,1711.85,1725.49,1706.86,317011
2022-10-07 02:00:00,1711.87,1694.77,1714.8,1690.61,317239
2022-10-09 02:00:00,1696.23,1696.7,1699.92,1695.82,9352
2022-10-09 02:00:00,1696.23,1696.7,1699.92,1695.82,9352
2022-10-10 02:00:00,1696.7,1670.12,1697.23,1665.67,293553
2022-10-11 02:00:00,1670.11,1664.09,1683.91,1660.87,356840
2022-10-12 02:00:00,1664.08,1674.45,1678.27,1661.35,333730
2022-10-13 02:00:00,1674.46,1663.41,1682.38,1642.41,383399
2022-10-14 02:00:00,1663.39,1643.69,1671.72,1640.16,355701
2022-10-14 02:00:00,1663.39,1643.69,1671.72,1640.16,355701
2022-10-16 02:00:00,1646.19,1647.57,1647.73,1644.13,9878
2022-10-17 02:00:00,1647.56,1650.67,1668.39,1646.4,311167
2022-10-18 02:00:00,1650.68,1652.33,1660.91,1645.81,289625
2022-10-19 02:00:00,1652.31,1627.04,1653.42,1626.46,288109
2022-10-19 02:00:00,1652.31,1627.04,1653.42,1626.46,288109
2022-10-20 02:00:00,1627.05,1626.95,1645.6,1622.3,368289
2022-10-21 02:00:00,1626.96,1657.69,1657.93,1617.2,395801
2022-10-23 02:00:00,1659.73,1661.25,1670.65,1656.64,36549
2022-10-24 02:00:00,1661.24,1651.77,1663.24,1643.9,330902
2022-10-24 02:00:00,1661.24,1651.77,1663.24,1643.9,330902
2022-10-25 02:00:00,1651.78,1652.77,1662.4,1638.23,288750
2022-10-26 02:00:00,1652.78,1667.51,1674.9,1649.74,366819
2022-10-27 02:00:00,1667.52,1661.91,1670.75,1654.82,327549
2022-10-28 02:00:00,1661.92,1644.15,1667.01,1638.19,301175
2022-10-30 02:00:00,1643.56,1643.42,1645.38,1642.94,9604
2022-10-31 01:00:00,1643.43,1632.49,1645.64,1631.77,235582
2022-11-01 01:00:00,1632.48,1646.8,1657.0,1630.69,345405
2022-11-02 01:00:00,1646.81,1633.69,1669.28,1631.8,312206
2022-11-03 01:00:00,1633.67,1629.76,1640.9,1616.6,313999
2022-11-03 01:00:00,1633.67,1629.76,1640.9,1616.6,313999
2022-11-04 01:00:00,1629.77,1681.06,1681.67,1629.32,444820
2022-11-06 01:00:00,1675.17,1672.67,1680.29,1672.27,11730
2022-11-07 01:00:00,1672.68,1674.09,1681.81,1666.8,274453
2022-11-08 01:00:00,1674.1,1711.6,1716.88,1664.65,309330
2022-11-08 01:00:00,1674.1,1711.6,1716.88,1664.65,309330
2022-11-09 01:00:00,1711.61,1706.44,1722.32,1702.12,326012
2022-11-10 01:00:00,1706.45,1752.21,1757.22,1703.97,354139
2022-11-11 01:00:00,1752.2,1771.42,1772.57,1747.27,340872
2022-11-13 01:00:00,1763.67,1763.45,1764.92,1761.32,8432
2022-11-13 01:00:00,1763.67,1763.45,1764.92,1761.32,8432
2022-11-14 01:00:00,1763.46,1769.5,1775.02,1753.27,301565
2022-11-15 01:00:00,1769.51,1780.73,1786.42,1767.1,397113
2022-11-16 01:00:00,1780.74,1773.86,1785.0,1770.34,330423
2022-11-17 01:00:00,1773.87,1760.1,1774.79,1754.49,302088
2022-11-18 01:00:00,1760.11,1750.97,1767.67,1747.51,242817
2022-11-18 01:00:00,1760.11,1750.97,1767.67,1747.51,242817
2022-11-20 01:00:00,1751.36,1752.33,1752.69,1751.0,4031
2022-11-21 01:00:00,1752.31,1738.55,1753.06,1732.5,241996
2022-11-22 01:00:00,1738.56,1741.14,1749.74,1737.04,221782
2022-11-23 01:00:00,1741.15,1752.26,1753.3,1726.23,257524
2022-11-23 01:00:00,1741.15,1752.26,1753.3,1726.23,257524
2022-11-24 01:00:00,1752.25,1755.47,1758.74,1751.73,150208
2022-11-25 01:00:00,1755.44,1754.14,1761.22,1745.95,181511
2022-11-27 01:00:00,1752.86,1750.99,1753.87,1750.2,4574
2022-11-28 01:00:00,1750.98,1741.23,1763.76,1739.62,252301
2022-11-28 01:00:00,1750.98,1741.23,1763.76,1739.62,252301
2022-11-29 01:00:00,1741.24,1748.93,1759.21,1740.21,256917
2022-11-30 01:00:00,1748.95,1773.34,1773.45,1744.84,296456
2022-12-01 01:00:00,1773.35,1802.24,1804.41,1771.82,330038
2022-12-02 01:00:00,1802.23,1797.73,1802.9,1778.37,329709
2022-12-04 01:00:00,1794.59,1798.94,1799.27,1793.69,7074
2022-12-05 01:00:00,1798.96,1769.58,1809.92,1765.89,295557
2022-12-06 01:00:00,1769.6,1770.91,1781.07,1767.26,244615
2022-12-07 01:00:00,1770.91,1786.89,1790.44,1768.69,283969
2022-12-08 01:00:00,1786.89,1789.19,1794.79,1781.29,231830
2022-12-08 01:00:00,1786.89,1789.19,1794.79,1781.29,231830
2022-12-09 01:00:00,1789.21,1797.01,1806.06,1788.46,254376
2022-12-11 01:00:00,1796.0,1794.92,1796.63,1794.75,4828
2022-12-12 01:00:00,1794.9,1781.96,1795.46,1777.52,226843
2022-12-13 01:00:00,1781.95,1809.65,1824.65,1780.98,314996
2022-12-13 01:00:00,1781.95,1809.65,1824.65,1780.98,314996
2022-12-14 01:00:00,1809.64,1807.63,1814.03,1795.66,294565
2022-12-15 01:00:00,1807.64,1776.48,1807.85,1773.64,316224
2022-12-16 01:00:00,1776.47,1793.03,1794.19,1774.27,259815
2022-12-18 01:00:00,1792.24,1790.87,1792.87,1790.81,4635
2022-12-18 01:00:00,1792.24,1790.87,1792.87,1790.81,4635
2022-12-19 01:00:00,1790.88,1787.24,1798.75,1783.81,221262
2022-12-20 01:00:00,1787.23,1817.17,1821.03,1784.6,343997
2022-12-21 01:00:00,1817.16,1814.88,1823.76,1811.82,244005
2022-12-22 01:00:00,1814.87,1793.43,1820.46,1784.69,271045
2022-12-23 01:00:00,1793.44,1798.16,1803.4,1791.17,236267
2022-12-23 01:00:00,1793.44,1798.16,1803.4,1791.17,236267
2022-12-26 01:00:00,1799.64,1801.73,1804.0,1799.64,3598
2022-12-27 01:00:00,1801.74,1812.39,1833.28,1800.66,248909
2022-12-28 01:00:00,1812.38,1805.78,1814.59,1796.94,245868
2022-12-28 01:00:00,1812.38,1805.78,1814.59,1796.94,245868
2022-12-29 01:00:00,1805.75,1815.08,1820.16,1804.33,234686
2022-12-30 01:00:00,1815.09,1823.68,1825.96,1813.32,261256
2023-01-02 01:00:00,1827.89,1829.34,1830.11,1823.41,6692
2023-01-02 01:00:00,1827.89,1829.34,1830.11,1823.41,6692
2023-01-03 01:00:00,1829.33,1836.57,1850.09,1826.7,368142
2023-01-04 01:00:00,1836.55,1854.85,1865.08,1836.22,355098
2023-01-05 01:00:00,1854.84,1832.87,1859.01,1824.89,320031
2023-01-06 01:00:00,1832.86,1865.94,1869.98,1831.08,328082
2023-01-08 01:00:00,1866.5,1869.71,1870.05,1866.46,9666
2023-01-09 01:00:00,1869.73,1870.48,1881.45,1867.19,334968
2023-01-10 01:00:00,1870.49,1877.11,1880.72,1867.86,300303
2023-01-11 01:00:00,1877.1,1876.89,1886.72,1866.86,318650
2023-01-12 01:00:00,1876.89,1898.03,1901.55,1872.82,361570
2023-01-12 01:00:00,1876.89,1898.03,1901.55,1872.82,361570
2023-01-13 01:00:00,1898.04,1920.45,1922.06,1892.28,333536
2023-01-15 01:00:00,1922.56,1916.98,1923.81,1916.88,7202
2023-01-16 01:00:00,1917.0,1917.88,1929.03,1910.64,197290
2023-01-17 01:00:00,1917.89,1908.61,1919.08,1903.47,301064
2023-01-17 01:00:00,1917.89,1908.61,1919.08,1903.47,301064
2023-01-18 01:00:00,1908.62,1906.72,1925.86,1896.31,361451
2023-01-19 01:00:00,1906.71,1931.64,1935.33,1900.89,268329
2023-01-20 01:00:00,1931.66,1925.99,1937.44,1920.43,223402
2023-01-22 01:00:00,1924.3,1927.08,1927.18,1924.09,4512
2023-01-22 01:00:00,1924.3,1927.08,1927.18,1924.09,4512
2023-01-23 01:00:00,1927.12,1931.23,1935.41,1911.28,238895
2023-01-24 01:00:00,1931.24,1936.89,1942.63,1916.96,234386
2023-01-25 01:00:00,1936.88,1948.54,1948.98,1919.73,251228
2023-01-26 01:00:00,1948.55,1930.65,1949.42,1918.62,259936
2023-01-27 01:00:00,1930.66,1927.97,1934.94,1916.57,210923
2023-01-27 01:00:00,1930.66,1927.97,1934.94,1916.57,210923
2023-01-29 01:00:00,1926.68,1928.86,1928.86,1926.4,4270
2023-01-30 01:00:00,1928.88,1921.91,1934.43,1920.28,223514
2023-01-31 01:00:00,1921.93,1927.46,1931.04,1900.61,266250
2023-02-01 01:00:00,1927.47,1953.07,1956.15,1920.5,292836
2023-02-01 01:00:00,1927.47,1953.07,1956.15,1920.5,292836
2023-02-02 01:00:00,1953.05,1914.93,1959.58,1911.2,333222
2023-02-03 01:00:00,1914.94,1865.04,1918.47,1861.29,339943
2023-02-05 01:00:00,1864.1,1865.41,1869.82,1863.64,8988
2023-02-06 01:00:00,1865.4,1868.41,1881.13,1862.98,283378
2023-02-06 01:00:00,1865.4,1868.41,1881.13,1862.98,283378
2023-02-07 01:00:00,1868.42,1872.86,1884.28,1864.89,321606
2023-02-08 01:00:00,1872.87,1874.9,1886.54,1868.94,260070
2023-02-09 01:00:00,1874.89,1862.27,1890.12,1858.87,289851
2023-02-10 01:00:00,1862.28,1865.5,1872.16,1852.69,305069
2023-02-12 01:00:00,1863.95,1862.69,1865.17,1862.6,4317
2023-02-13 01:00:00,1862.7,1854.29,1866.48,1850.38,238908
2023-02-14 01:00:00,1854.3,1854.81,1870.26,1843.21,327491
2023-02-15 01:00:00,1854.83,1836.32,1860.03,1830.45,299121
2023-02-16 01:00:00,1836.33,1834.26,1845.21,1827.49,298034
2023-02-16 01:00:00,1836.33,1834.26,1845.21,1827.49,298034
2023-02-17 01:00:00,1834.25,1842.41,1843.48,1818.78,279447
2023-02-19 01:00:00,1841.2,1838.62,1841.62,1838.36,3701
2023-02-20 01:00:00,1838.64,1841.67,1847.46,1837.25,141490
2023-02-21 01:00:00,1841.68,1835.48,1843.86,1830.14,256750
2023-02-21 01:00:00,1841.68,1835.48,1843.86,1830.14,256750
2023-02-22 01:00:00,1835.49,1825.07,1845.97,1823.44,253158
2023-02-23 01:00:00,1825.08,1823.13,1833.69,1817.41,244166
2023-02-24 01:00:00,1823.14,1810.91,1827.73,1808.89,248689
2023-02-26 01:00:00,1811.97,1811.69,1813.0,1811.17,3779
2023-02-26 01:00:00,1811.97,1811.69,1813.0,1811.17,3779
2023-02-27 01:00:00,1811.66,1817.09,1820.04,1806.59,226529
2023-02-28 01:00:00,1817.08,1825.53,1831.06,1804.6,234990
2023-03-01 01:00:00,1825.52,1836.53,1844.36,1822.99,246691
2023-03-02 01:00:00,1836.51,1837.77,1838.9,1829.95,232324
2023-03-03 01:00:00,1837.75,1856.43,1856.86,1837.7,215835
2023-03-03 01:00:00,1837.75,1856.43,1856.86,1837.7,215835
2023-03-05 01:00:00,1853.7,1852.22,1854.05,1852.08,3375
2023-03-06 01:00:00,1852.23,1846.29,1858.3,1845.01,203050
2023-03-07 01:00:00,1846.28,1813.86,1851.57,1812.64,251921
2023-03-08 01:00:00,1813.88,1815.15,1824.15,1809.31,221817
2023-03-08 01:00:00,1813.88,1815.15,1824.15,1809.31,221817
2023-03-09 01:00:00,1815.16,1831.5,1835.66,1811.87,221707
2023-03-10 01:00:00,1831.51,1867.12,1870.08,1827.65,350572
2023-03-12 01:00:00,1882.91,1877.73,1894.12,1875.71,40265
2023-03-13 01:00:00,1877.72,1911.98,1914.51,1871.44,477677
2023-03-13 01:00:00,1877.72,1911.98,1914.51,1871.44,477677
2023-03-14 01:00:00,1911.99,1903.02,1914.07,1895.26,396707
2023-03-15 01:00:00,1903.03,1921.11,1937.24,1885.61,461142
2023-03-16 01:00:00,1921.12,1921.26,1933.37,1907.42,412154
2023-03-17 01:00:00,1921.27,1989.26,1989.29,1918.19,364252
2023-03-19 01:00:00,1985.53,1976.89,1988.03,1974.96,18974
2023-03-20 01:00:00,1976.88,1976.56,2009.71,1965.8,452797
2023-03-21 01:00:00,1976.57,1943.05,1985.07,1935.33,331447
2023-03-22 01:00:00,1943.06,1969.6,1978.76,1934.2,349237
2023-03-23 01:00:00,1969.61,1991.26,2003.26,1966.24,375705
2023-03-23 01:00:00,1969.61,1991.26,2003.26,1966.24,375705
2023-03-24 01:00:00,1991.25,1978.55,2002.87,1975.13,381794
2023-03-26 01:00:00,1976.43,1975.63,1976.67,1969.18,13123
2023-03-27 02:00:00,1975.61,1958.04,1978.66,1943.89,294049
2023-03-28 02:00:00,1958.03,1971.86,1975.2,1949.07,263607
2023-03-28 02:00:00,1958.03,1971.86,1975.2,1949.07,263607
2023-03-29 02:00:00,1971.87,1963.13,1972.81,1958.74,227798
2023-03-30 02:00:00,1963.14,1978.4,1984.21,1955.34,259654
2023-03-31 02:00:00,1978.39,1969.36,1987.53,1966.83,263054
2023-04-02 02:00:00,1966.27,1956.97,1967.39,1956.93,16116
2023-04-02 02:00:00,1966.27,1956.97,1967.39,1956.93,16116
2023-04-03 02:00:00,1956.96,1984.87,1990.44,1949.68,285619
2023-04-04 02:00:00,1984.86,2021.66,2024.93,1976.84,286137
2023-04-05 02:00:00,2021.64,2020.18,2032.0,2009.89,270199
2023-04-06 02:00:00,2020.19,2007.15,2020.87,2000.76,238790
2023-04-09 02:00:00,1996.39,2005.43,2006.48,1995.4,8824
2023-04-10 02:00:00,2005.42,1992.34,2005.81,1981.56,205890
2023-04-11 02:00:00,1992.35,2004.65,2007.36,1988.72,209264
2023-04-12 02:00:00,2004.64,2018.09,2028.19,2001.17,291888
2023-04-12 02:00:00,2004.64,2018.09,2028.19,2001.17,291888
2023-04-13 02:00:00,2018.08,2039.64,2048.55,2015.22,258693
2023-04-14 02:00:00,2039.63,2004.18,2047.35,1992.32,311738
2023-04-16 02:00:00,2001.05,2002.82,2004.98,1999.62,8631
2023-04-17 02:00:00,2002.84,1993.84,2014.93,1981.04,261502
2023-04-17 02:00:00,2002.84,1993.84,2014.93,1981.04,261502
2023-04-18 02:00:00,1993.87,2005.69,2011.75,1991.19,231953
2023-04-19 02:00:00,2005.7,1993.6,2008.08,1969.13,284844
2023-04-20 02:00:00,1993.61,2005.19,2012.27,1990.44,270783
2023-04-21 02:00:00,2005.18,1983.07,2005.44,1971.49,285147
2023-04-23 02:00:00,1982.22,1984.58,1985.28,1981.71,5490
2023-04-24 02:00:00,1984.57,1994.95,1996.51,1974.04,244500
2023-04-25 02:00:00,1994.97,2000.13,2003.75,1976.01,304998
2023-04-26 02:00:00,2000.12,1991.61,2009.25,1983.25,329825
2023-04-27 02:00:00,1991.6,1986.83,2003.19,1973.98,307326
2023-04-27 02:00:00,1991.6,1986.83,2003.19,1973.98,307326
2023-04-28 02:00:00,1986.82,1989.61,1994.92,1975.95,314500
2023-04-30 02:00:00,1989.72,1986.82,1991.86,1986.57,7431
2023-05-01 02:00:00,1986.83,1981.32,2005.92,1976.99,239634
2023-05-02 02:00:00,1981.33,2015.85,2019.29,1978.39,301341
2023-05-02 02:00:00,1981.33,2015.85,2019.29,1978.39,301341
2023-05-03 02:00:00,2015.84,2051.88,2062.62,2007.39,327509
2023-05-04 02:00:00,2051.87,2049.86,2059.46,2030.26,416977
2023-05-05 02:00:00,2049.85,2016.79,2052.9,1999.39,305869
2023-05-07 02:00:00,2016.27,2015.95,2017.26,2014.18,8119
2023-05-07 02:00:00,2016.27,2015.95,2017.26,2014.18,8119
2023-05-08 02:00:00,2015.96,2021.23,2029.28,2015.11,217857
2023-05-09 02:00:00,2021.22,2036.23,2037.53,2019.43,218253
2023-05-10 02:00:00,2036.22,2031.35,2048.19,2021.41,285490
2023-05-11 02:00:00,2031.36,2016.28,2041.15,2011.03,317349
2023-05-12 02:00:00,2016.3,2010.8,2022.46,2000.87,283799
2023-05-12 02:00:00,2016.3,2010.8,2022.46,2000.87,283799
2023-05-14 02:00:00,2008.54,2009.52,2011.95,2008.54,5393
2023-05-15 02:00:00,2009.5,2014.34,2022.07,2008.61,233136
2023-05-16 02:00:00,2014.35,1989.61,2018.23,1985.4,287971
2023-05-17 02:00:00,1989.62,1982.69,1992.94,1974.93,257482
2023-05-17 02:00:00,1989.62,1982.69,1992.94,1974.93,257482
2023-05-18 02:00:00,1982.7,1958.34,1985.95,1951.86,269194
2023-05-19 02:00:00,1958.35,1977.71,1984.1,1953.96,273311
2023-05-21 02:00:00,1978.07,1980.78,1981.43,1977.94,6143
2023-05-22 02:00:00,1980.79,1969.74,1982.55,1968.81,245801
2023-05-22 02:00:00,1980.79,1969.74,1982.55,1968.81,245801
2023-05-23 02:00:00,1969.76,1974.97,1977.66,1954.17,286945
2023-05-24 02:00:00,1974.98,1959.7,1985.2,1956.62,318831
2023-05-25 02:00:00,1959.71,1940.43,1964.72,1938.74,332139
2023-05-26 02:00:00,1940.45,1946.3,1957.18,1936.69,289438
2023-05-28 02:00:00,1943.05,1943.6,1946.2,1943.03,7072
2023-05-29 02:00:00,1943.61,1941.45,1949.66,1940.18,134269
2023-05-30 02:00:00,1941.46,1958.47,1963.43,1931.99,282272
2023-05-31 02:00:00,1958.49,1966.24,1974.71,1953.54,266773
2023-06-01 02:00:00,1966.23,1976.98,1983.02,1953.28,289620
2023-06-01 02:00:00,1966.23,1976.98,1983.02,1953.28,289620
2023-06-02 02:00:00,1976.97,1948.06,1983.34,1947.44,290719
2023-06-04 02:00:00,1947.39,1949.3,1950.06,1947.25,7277
2023-06-05 02:00:00,1949.29,1961.17,1963.94,1938.03,272561
2023-06-06 02:00:00,1961.19,1963.28,1966.29,1954.29,235087
2023-06-06 02:00:00,1961.19,1963.28,1966.29,1954.29,235087
2023-06-07 02:00:00,1963.29,1944.38,1970.07,1939.77,276916
2023-06-08 02:00:00,1944.39,1965.25,1970.42,1942.71,256761
2023-06-09 02:00:00,1965.24,1960.85,1972.98,1956.51,225937
2023-06-11 02:00:00,1959.45,1959.92,1960.51,1957.99,5004
2023-06-11 02:00:00,1959.45,1959.92,1960.51,1957.99,5004
2023-06-12 02:00:00,1959.91,1959.91,1966.9,1949.08,255708
2023-06-13 02:00:00,1959.9,1943.85,1970.87,1939.93,296853
2023-06-14 02:00:00,1943.86,1945.16,1960.16,1939.63,243521
2023-06-15 02:00:00,1945.15,1958.17,1960.15,1924.45,297109
2023-06-16 02:00:00,1958.16,1957.64,1967.81,1953.16,288838
2023-06-16 02:00:00,1958.16,1957.64,1967.81,1953.16,288838
2023-06-18 02:00:00,1958.47,1956.92,1958.52,1956.66,4050
2023-06-19 02:00:00,1958.06,1952.37,1958.59,1947.71,146255
2023-06-20 02:00:00,1952.38,1937.21,1956.68,1929.7,288423
2023-06-21 02:00:00,1937.22,1933.79,1939.4,1919.06,298037
2023-06-21 02:00:00,1937.22,1933.79,1939.4,1919.06,298037
2023-06-22 02:00:00,1933.81,1914.41,1934.18,1912.33,239009
2023-06-23 02:00:00,1914.4,1920.86,1936.67,1910.04,280542
2023-06-25 02:00:00,1923.01,1925.25,1925.37,1922.63,6698
2023-06-26 02:00:00,1925.26,1922.43,1933.23,1920.85,220380
2023-06-26 02:00:00,1925.26,1922.43,1933.23,1920.85,220380
2023-06-27 02:00:00,1922.46,1915.41,1930.58,1910.79,258656
2023-06-28 02:00:00,1915.42,1909.64,1917.13,1902.73,241690
2023-06-29 02:00:00,1909.65,1908.65,1913.01,1892.9,285679
2023-06-30 02:00:00,1908.66,1919.47,1922.66,1900.46,267092
2023-07-02 02:00:00,1918.51,1918.13,1919.56,1917.39,4841
2023-07-03 02:00:00,1918.12,1921.13,1930.85,1909.96,219612
2023-07-04 02:00:00,1921.12,1926.22,1930.6,1919.9,122100
2023-07-05 02:00:00,1926.23,1916.73,1934.95,1914.72,229944
2023-07-06 02:00:00,1916.74,1911.49,1927.51,1902.54,289646
2023-07-06 02:00:00,1916.74,1911.49,1927.51,1902.54,289646
2023-07-07 02:00:00,1911.5,1925.57,1934.8,1909.55,262683
2023-07-09 02:00:00,1925.13,1924.82,1928.14,1923.79,6912
2023-07-10 02:00:00,1924.81,1924.76,1926.84,1912.54,201215
2023-07-11 02:00:00,1924.78,1933.23,1938.35,1924.34,205632
2023-07-11 02:00:00,1924.78,1933.23,1938.35,1924.34,205632
2023-07-12 02:00:00,1933.22,1957.66,1959.58,1933.15,260794
2023-07-13 02:00:00,1957.67,1960.05,1963.57,1952.33,266802
2023-07-14 02:00:00,1960.06,1955.35,1963.68,1950.87,264040
2023-07-16 02:00:00,1954.88,1953.25,1954.95,1951.3,5949
2023-07-16 02:00:00,1954.88,1953.25,1954.95,1951.3,5949
2023-07-17 02:00:00,1953.26,1955.33,1959.76,1945.69,204280
2023-07-18 02:00:00,1955.32,1977.43,1984.25,1954.58,291585
2023-07-19 02:00:00,1977.42,1977.66,1980.81,1969.68,158254
2023-07-20 02:00:00,1977.65,1972.17,1987.37,1965.25,130212
2023-07-21 02:00:00,1972.18,1961.82,1973.69,1956.77,114304
2023-07-21 02:00:00,1972.18,1961.82,1973.69,1956.77,114304
2023-07-23 02:00:00,1962.3,1961.13,1962.84,1960.28,2687
2023-07-24 02:00:00,1961.14,1954.36,1967.75,1953.15,117778
2023-07-25 02:00:00,1954.37,1965.23,1966.19,1951.72,115071
2023-07-26 02:00:00,1965.2,1971.94,1978.17,1961.95,128757
2023-07-26 02:00:00,1965.2,1971.94,1978.17,1961.95,128757
2023-07-27 02:00:00,1971.97,1947.39,1982.03,1942.52,148740
2023-07-28 02:00:00,1947.37,1959.2,1963.42,1945.97,139566
2023-07-30 02:00:00,1959.74,1957.98,1960.42,1957.28,4294
2023-07-31 02:00:00,1957.96,1963.87,1972.25,1951.0,111630
2023-07-31 02:00:00,1957.96,1963.87,1972.25,1951.0,111630
2023-08-01 02:00:00,1963.86,1952.08,1964.58,1941.16,123755
2023-08-02 02:00:00,1952.07,1935.96,1954.68,1932.98,128040
2023-08-03 02:00:00,1935.99,1935.69,1938.8,1929.45,127621
2023-08-04 02:00:00,1935.68,1942.79,1946.78,1925.52,121545
2023-08-06 02:00:00,1942.46,1943.78,1946.62,1942.38,4798
2023-08-07 02:00:00,1943.8,1936.68,1945.23,1931.66,98659
2023-08-08 02:00:00,1936.73,1925.52,1937.27,1922.67,116694
2023-08-09 02:00:00,1925.53,1916.64,1932.28,1913.96,101956
2023-08-10 02:00:00,1916.65,1912.32,1930.05,1910.7,122528
2023-08-10 02:00:00,1916.65,1912.32,1930.05,1910.7,122528
2023-08-11 02:00:00,1912.31,1913.69,1920.85,1911.8,97834
2023-08-13 02:00:00,1913.75,1913.58,1915.13,1912.35,3326
2023-08-14 02:00:00,1913.59,1907.52,1916.18,1902.6,109600
2023-08-15 02:00:00,1907.51,1901.37,1911.5,1896.33,137861
2023-08-15 02:00:00,1907.51,1901.37,1911.5,1896.33,137861
2023-08-16 02:00:00,1901.38,1893.25,1907.12,1891.76,119390
2023-08-17 02:00:00,1893.26,1891.18,1903.36,1884.95,128731
2023-08-18 02:00:00,1891.2,1889.32,1896.74,1886.63,108306
2023-08-20 02:00:00,1889.38,1889.83,1890.8,1888.75,3479
2023-08-20 02:00:00,1889.38,1889.83,1890.8,1888.75,3479
2023-08-21 02:00:00,1889.82,1894.68,1898.68,1884.66,119142
2023-08-22 02:00:00,1894.65,1898.42,1904.42,1889.0,110834
2023-08-23 02:00:00,1898.43,1917.76,1920.24,1898.35,120212
2023-08-24 02:00:00,1917.78,1915.73,1923.29,1911.69,109248
2023-08-25 02:00:00,1915.72,1914.76,1922.37,1903.58,112598
2023-08-25 02:00:00,1915.72,1914.76,1922.37,1903.58,112598
2023-08-27 02:00:00,1915.75,1915.13,1916.22,1914.43,3347
2023-08-28 02:00:00,1915.14,1920.98,1926.16,1912.69,91149
2023-08-29 02:00:00,1920.99,1936.28,1938.2,1914.19,108393
2023-08-30 02:00:00,1936.29,1944.12,1949.08,1934.95,110462
2023-08-30 02:00:00,1936.29,1944.12,1949.08,1934.95,110462
2023-08-31 02:00:00,1944.16,1939.65,1947.79,1938.81,101505
2023-09-01 02:00:00,1939.64,1940.13,1952.86,1934.31,111104
2023-09-03 02:00:00,1940.07,1940.53,1940.95,1939.36,2051
2023-09-04 02:00:00,1940.52,1937.5,1946.19,1936.59,59216
2023-09-04 02:00:00,1940.52,1937.5,1946.19,1936.59,59216
2023-09-05 02:00:00,1937.51,1926.52,1938.9,1925.28,106513
2023-09-06 02:00:00,1926.53,1917.03,1929.07,1915.18,104888
2023-09-07 02:00:00,1917.01,1920.23,1923.5,1916.11,94252
2023-09-08 02:00:00,1920.21,1919.0,1929.62,1917.27,93180
2023-09-10 02:00:00,1919.68,1918.77,1919.72,1916.52,4512
2023-09-11 02:00:00,1918.75,1921.57,1930.63,1918.27,99619
2023-09-12 02:00:00,1921.56,1912.81,1924.42,1907.5,92077
2023-09-13 02:00:00,1912.79,1909.15,1915.65,1905.51,103542
2023-09-14 02:00:00,1909.14,1909.76,1912.83,1900.9,116644
2023-09-14 02:00:00,1909.14,1909.76,1912.83,1900.9,116644
2023-09-15 02:00:00,1909.74,1923.67,1930.34,1909.73,108488
2023-09-17 02:00:00,1924.09,1923.18,1924.51,1922.48,2208
2023-09-18 02:00:00,1923.2,1934.01,1934.4,1922.73,87976
2023-09-19 02:00:00,1934.02,1931.27,1937.27,1929.68,79126
2023-09-19 02:00:00,1934.02,1931.27,1937.27,1929.68,79126
2023-09-20 02:00:00,1931.26,1929.37,1947.32,1927.84,111218
2023-09-21 02:00:00,1929.36,1921.32,1930.43,1913.85,114775
2023-09-22 02:00:00,1921.31,1925.27,1929.03,1921.14,91399
2023-09-24 02:00:00,1926.13,1924.65,1926.26,1924.35,3000
2023-09-24 02:00:00,1926.13,1924.65,1926.26,1924.35,3000
2023-09-25 02:00:00,1924.67,1916.18,1927.09,1915.11,86532
2023-09-26 02:00:00,1916.14,1901.51,1916.42,1899.03,95776
2023-09-27 02:00:00,1901.5,1877.48,1903.84,1872.45,110924
2023-09-28 02:00:00,1877.49,1866.64,1879.42,1857.63,124691
2023-09-29 02:00:00,1866.63,1848.56,1879.75,1846.22,122103
2023-09-29 02:00:00,1866.63,1848.56,1879.75,1846.22,122103
2023-10-01 02:00:00,1847.45,1848.33,1848.73,1845.67,4318
2023-10-02 02:00:00,1848.34,1824.9,1848.86,1820.36,129970
2023-10-03 02:00:00,1824.88,1823.26,1833.25,1815.13,144256
2023-10-04 02:00:00,1823.27,1822.45,1830.51,1816.48,145593
2023-10-04 02:00:00,1823.27,1822.45,1830.51,1816.48,145593
2023-10-05 02:00:00,1822.48,1821.23,1829.13,1813.52,124634
2023-10-06 02:00:00,1821.22,1832.46,1834.79,1810.37,129801
2023-10-08 02:00:00,1853.34,1847.9,1854.38,1845.48,10401
2023-10-09 02:00:00,1847.92,1862.48,1863.38,1844.11,115819
2023-10-09 02:00:00,1847.92,1862.48,1863.38,1844.11,115819
2023-10-10 02:00:00,1862.49,1859.6,1865.24,1852.92,139103
2023-10-11 02:00:00,1859.61,1875.23,1877.12,1858.55,132196
2023-10-12 02:00:00,1875.29,1870.51,1885.02,1867.85,127419
2023-10-13 02:00:00,1870.5,1932.67,1932.8,1869.99,145597
2023-10-15 02:00:00,1927.65,1925.86,1927.65,1921.16,8257
2023-10-16 02:00:00,1925.84,1919.32,1925.95,1908.09,129726
2023-10-17 02:00:00,1919.33,1924.63,1931.5,1912.33,132017
2023-10-18 02:00:00,1924.69,1950.74,1962.51,1923.71,155212
2023-10-19 02:00:00,1950.75,1977.14,1982.21,1945.13,166867
2023-10-19 02:00:00,1950.75,1977.14,1982.21,1945.13,166867
2023-10-20 02:00:00,1977.15,1981.43,1997.1,1971.93,151172
2023-10-22 02:00:00,1972.72,1971.49,1978.46,1970.0,5595
2023-10-23 02:00:00,1971.5,1973.51,1982.7,1964.24,140609
2023-10-24 02:00:00,1973.5,1972.8,1980.8,1953.5,138224
2023-10-24 02:00:00,1973.5,1972.8,1980.8,1953.5,138224
2023-10-25 02:00:00,1972.81,1982.9,1987.19,1962.86,134554
2023-10-26 02:00:00,1982.89,1984.34,1993.36,1971.73,144796
2023-10-27 02:00:00,1984.33,2006.21,2009.26,1976.77,137839
2023-10-29 02:00:00,2002.31,2002.65,2004.7,1996.85,8174
2023-10-29 02:00:00,2002.31,2002.65,2004.7,1996.85,8174
2023-10-30 01:00:00,2002.66,1995.48,2006.71,1990.92,122743
2023-10-31 01:00:00,1995.47,1983.62,2007.72,1978.7,134294
2023-11-01 01:00:00,1983.61,1985.0,1991.91,1969.69,146175
2023-11-02 01:00:00,1984.98,1984.9,1990.87,1978.66,145777
2023-11-03 01:00:00,1984.9,1992.4,2003.95,1983.09,152790
2023-11-03 01:00:00,1984.9,1992.4,2003.95,1983.09,152790
2023-11-05 01:00:00,1991.31,1988.3,1991.45,1986.96,3596
2023-11-06 01:00:00,1988.3,1976.68,1992.92,1975.73,151098
2023-11-07 01:00:00,1976.69,1968.88,1976.98,1956.62,179637
2023-11-08 01:00:00,1968.88,1950.76,1970.94,1947.32,163193
2023-11-08 01:00:00,1968.88,1950.76,1970.94,1947.32,163193
2023-11-09 01:00:00,1950.76,1959.04,1965.5,1944.65,174859
2023-11-10 01:00:00,1959.03,1938.08,1960.7,1932.9,165850
2023-11-12 01:00:00,1940.32,1940.31,1941.57,1934.48,2862
2023-11-13 01:00:00,1940.32,1946.4,1949.12,1931.52,154402
2023-11-13 01:00:00,1940.32,1946.4,1949.12,1931.52,154402
2023-11-14 01:00:00,1946.41,1962.38,1970.82,1943.67,158030
2023-11-15 01:00:00,1962.4,1960.27,1975.17,1955.35,180239
2023-11-16 01:00:00,1960.25,1982.54,1987.88,1956.37,170817
2023-11-17 01:00:00,1982.56,1980.69,1993.32,1978.51,163186
2023-11-19 01:00:00,1977.47,1974.46,1978.55,1974.04,3452
2023-11-20 01:00:00,1974.48,1981.18,1985.08,1965.25,192341
2023-11-21 01:00:00,1981.19,1999.26,2007.37,1980.67,201411
2023-11-22 01:00:00,1999.26,1990.43,2006.17,1986.71,183164
2023-11-23 01:00:00,1990.27,1994.04,1998.45,1989.63,103928
2023-11-23 01:00:00,1990.27,1994.04,1998.45,1989.63,103928
2023-11-24 01:00:00,1994.04,2001.86,2003.5,1991.33,133387
2023-11-26 01:00:00,2001.2,2002.38,2002.97,2000.43,4138
2023-11-27 01:00:00,2002.37,2015.2,2017.95,2001.64,186261
2023-11-28 01:00:00,2015.2,2044.36,2044.46,2011.35,172898
2023-11-28 01:00:00,2015.2,2044.36,2044.46,2011.35,172898
2023-11-29 01:00:00,2044.3,2044.57,2051.88,2035.23,204316
2023-11-30 01:00:00,2044.57,2040.04,2047.12,2031.45,191024
2023-12-01 01:00:00,2040.03,2071.95,2075.23,2033.73,194917
2023-12-03 01:00:00,2074.29,2117.32,2144.97,2071.63,10282
2023-12-03 01:00:00,2074.29,2117.32,2144.97,2071.63,10282
2023-12-04 01:00:00,2117.6,2033.81,2120.7,2019.99,252094
2023-12-05 01:00:00,2033.79,2018.86,2041.12,2009.61,218440
2023-12-06 01:00:00,2018.86,2026.91,2035.7,2018.69,194888
2023-12-07 01:00:00,2026.91,2027.92,2039.75,2020.0,203192
2023-12-08 01:00:00,2027.93,2004.35,2033.89,1994.49,214961
2023-12-08 01:00:00,2027.93,2004.35,2033.89,1994.49,214961
2023-12-10 01:00:00,2005.5,2006.93,2007.44,2004.43,4413
2023-12-11 01:00:00,2006.92,1982.79,2007.62,1975.76,211629
2023-12-12 01:00:00,1982.79,1982.44,1996.48,1977.09,208414
2023-12-13 01:00:00,1982.44,2032.68,2033.06,1972.91,227006
2023-12-13 01:00:00,1982.44,2032.68,2033.06,1972.91,227006
2023-12-14 01:00:00,2032.76,2035.49,2047.78,2027.47,294938
2023-12-15 01:00:00,2035.54,2019.62,2044.8,2015.44,245683
2023-12-17 01:00:00,2019.5,2017.29,2019.95,2015.79,5078
2023-12-18 01:00:00,2017.39,2027.56,2033.52,2015.92,204002
2023-12-18 01:00:00,2017.39,2027.56,2033.52,2015.92,204002
2023-12-19 01:00:00,2027.57,2040.85,2046.86,2021.59,204078
2023-12-20 01:00:00,2040.85,2032.08,2043.36,2027.26,208727
2023-12-21 01:00:00,2032.09,2052.62,2054.91,2031.79,205127
2023-12-22 01:00:00,2052.64,2052.95,2070.48,2046.74,220149
2023-12-25 01:00:00,2057.7,2054.78,2057.82,2053.88,2829
2023-12-26 01:00:00,2054.79,2066.13,2068.98,2053.28,144654
2023-12-27 01:00:00,2066.13,2079.32,2084.34,2061.36,192744
2023-12-28 01:00:00,2079.47,2066.63,2088.39,2064.4,211190
2023-12-28 01:00:00,2079.47,2066.63,2088.39,2064.4,211190
2023-12-29 01:00:00,2066.62,2062.69,2074.64,2058.02,207476
2024-01-01 01:00:00,2065.28,2063.63,2066.39,2063.0,3954
2024-01-02 01:00:00,2063.65,2059.49,2078.79,2055.8,220506
2024-01-02 01:00:00,2063.65,2059.49,2078.79,2055.8,220506
2024-01-03 01:00:00,2059.5,2042.92,2065.87,2030.46,248883
2024-01-04 01:00:00,2042.92,2044.18,2050.79,2036.04,215679
2024-01-05 01:00:00,2044.19,2045.47,2063.77,2024.34,241132
2024-01-07 01:00:00,2044.42,2044.09,2045.44,2042.77,3690
2024-01-07 01:00:00,2044.42,2044.09,2045.44,2042.77,3690
2024-01-08 01:00:00,2044.22,2030.52,2046.51,2016.6,234363
2024-01-09 01:00:00,2030.52,2030.73,2041.86,2025.96,219474
2024-01-10 01:00:00,2030.74,2026.66,2040.16,2020.35,218119
2024-01-11 01:00:00,2026.73,2035.15,2044.84,2013.19,252015
2024-01-12 01:00:00,2035.1,2048.89,2062.11,2029.88,242595
2024-01-12 01:00:00,2035.1,2048.89,2062.11,2029.88,242595
2024-01-14 01:00:00,2047.81,2047.54,2048.49,2046.15,3744
2024-01-15 01:00:00,2047.64,2053.8,2058.51,2045.66,147032
2024-01-16 01:00:00,2053.82,2028.06,2054.43,2024.06,258715
2024-01-17 01:00:00,2028.07,2009.37,2032.86,2001.63,238408
2024-01-17 01:00:00,2028.07,2009.37,2032.86,2001.63,238408
2024-01-18 01:00:00,2009.38,2023.75,2024.31,2005.63,219563
2024-01-19 01:00:00,2023.74,2029.49,2039.19,2020.3,188865
2024-01-21 01:00:00,2028.5,2027.51,2028.58,2026.83,3361
2024-01-22 01:00:00,2027.5,2020.65,2032.04,2016.43,213840
2024-01-22 01:00:00,2027.5,2020.65,2032.04,2016.43,213840
2024-01-23 01:00:00,2020.65,2029.17,2037.77,2019.5,227639
2024-01-24 01:00:00,2029.16,2016.26,2036.6,2011.03,236603
2024-01-25 01:00:00,2016.27,2020.6,2025.12,2009.53,219856
2024-01-26 01:00:00,2020.6,2018.33,2026.7,2015.77,177686
2024-01-28 01:00:00,2023.55,2021.67,2028.35,2021.07,6567
2024-01-29 01:00:00,2021.68,2031.01,2037.43,2019.11,192727
2024-01-30 01:00:00,2031.01,2036.27,2048.5,2028.88,199778
2024-01-31 01:00:00,2036.28,2039.83,2055.89,2030.77,253290
2024-02-01 01:00:00,2039.84,2054.63,2065.32,2029.84,257059
2024-02-01 01:00:00,2039.84,2054.63,2065.32,2029.84,257059
2024-02-02 01:00:00,2054.73,2039.4,2057.5,2027.7,218979
2024-02-04 01:00:00,2041.42,2039.09,2042.06,2038.95,5728
2024-02-05 01:00:00,2039.08,2025.0,2039.73,2014.79,235808
2024-02-06 01:00:00,2024.97,2035.15,2038.76,2022.71,209402
2024-02-06 01:00:00,2024.97,2035.15,2038.76,2022.71,209402
2024-02-07 01:00:00,2035.06,2036.35,2044.42,2030.51,192784
2024-02-08 01:00:00,2036.31,2034.19,2038.57,2020.02,201353
2024-02-09 01:00:00,2034.2,2024.35,2037.07,2020.15,168190
2024-02-11 01:00:00,2026.65,2025.37,2026.66,2024.27,3353
2024-02-11 01:00:00,2026.65,2025.37,2026.66,2024.27,3353
2024-02-12 01:00:00,2025.35,2018.78,2027.45,2011.74,158455
2024-02-13 01:00:00,2018.79,1991.4,2031.17,1989.97,181747
2024-02-14 01:00:00,1991.4,1993.68,1995.97,1984.06,182010
2024-02-15 01:00:00,1993.69,2003.36,2008.15,1990.13,177034
2024-02-16 01:00:00,2003.36,2013.1,2015.05,1994.93,177362
2024-02-16 01:00:00,2003.36,2013.1,2015.05,1994.93,177362
2024-02-18 01:00:00,2011.04,2013.74,2015.91,2009.75,2895
2024-02-19 01:00:00,2013.55,2016.08,2022.86,2013.09,127512
2024-02-20 01:00:00,2016.08,2023.98,2030.75,2014.87,176694
2024-02-21 01:00:00,2023.98,2025.59,2032.09,2019.89,188002
2024-02-21 01:00:00,2023.98,2025.59,2032.09,2019.89,188002
2024-02-22 01:00:00,2025.59,2024.6,2034.69,2019.46,189070
2024-02-23 01:00:00,2024.61,2035.26,2041.24,2015.86,186756
2024-02-25 01:00:00,2032.94,2033.87,2034.89,2032.94,3326
2024-02-26 01:00:00,2033.99,2031.16,2036.95,2024.87,173222
2024-02-26 01:00:00,2033.99,2031.16,2036.95,2024.87,173222
2024-02-27 01:00:00,2031.15,2029.94,2039.35,2028.66,167470
2024-02-28 01:00:00,2029.94,2034.6,2037.79,2024.33,171017
2024-02-29 01:00:00,2034.64,2044.07,2050.55,2027.92,192681
2024-03-01 01:00:00,2044.06,2082.65,2088.22,2038.89,209832
2024-03-03 01:00:00,2082.62,2083.33,2086.0,2082.35,5513
2024-03-04 01:00:00,2083.34,2114.5,2119.79,2079.4,214044
2024-03-05 01:00:00,2114.5,2127.88,2141.64,2110.28,241982
2024-03-06 01:00:00,2127.87,2147.12,2152.11,2123.56,240664
2024-03-07 01:00:00,2147.13,2161.74,2164.62,2144.11,247543
2024-03-07 01:00:00,2147.13,2161.74,2164.62,2144.11,247543
2024-03-08 01:00:00,2161.74,2178.96,2194.98,2153.92,250077
2024-03-10 01:00:00,2179.69,2181.45,2183.65,2176.98,9695
2024-03-11 01:00:00,2181.46,2183.53,2188.89,2174.64,222005
2024-03-12 01:00:00,2183.54,2156.83,2184.42,2150.37,226617
2024-03-12 01:00:00,2183.54,2156.83,2184.42,2150.37,226617
2024-03-13 01:00:00,2156.84,2175.31,2179.72,2156.39,216766
2024-03-14 01:00:00,2175.3,2161.57,2176.87,2152.64,218072
2024-03-15 01:00:00,2161.57,2155.66,2172.58,2155.08,199744
2024-03-17 01:00:00,2153.39,2156.47,2156.83,2152.92,8255
2024-03-17 01:00:00,2153.39,2156.47,2156.83,2152.92,8255
2024-03-18 01:00:00,2156.47,2162.04,2163.51,2145.92,202448
2024-03-19 01:00:00,2162.05,2157.0,2162.74,2146.98,212952
2024-03-20 01:00:00,2157.01,2203.8,2222.76,2149.47,230267
2024-03-21 01:00:00,2203.82,2181.56,2212.3,2166.24,269344
2024-03-22 01:00:00,2181.66,2164.89,2185.98,2156.92,246790
2024-03-22 01:00:00,2181.66,2164.89,2185.98,2156.92,246790
2024-03-24 01:00:00,2166.09,2168.28,2168.83,2164.97,10220
2024-03-25 01:00:00,2168.19,2172.76,2181.21,2163.46,221232
2024-03-26 01:00:00,2172.85,2179.43,2199.88,2167.43,216693
2024-03-27 01:00:00,2179.43,2190.55,2197.48,2173.05,212096
2024-03-27 01:00:00,2179.43,2190.55,2197.48,2173.05,212096
2024-03-28 01:00:00,2190.65,2232.63,2236.08,2187.18,246404
2024-03-31 01:00:00,2239.28,2245.82,2247.18,2235.51,16962
2024-04-01 02:00:00,2245.92,2248.86,2265.5,2228.35,253541
2024-04-01 02:00:00,2245.92,2248.86,2265.5,2228.35,253541
2024-04-02 02:00:00,2248.86,2279.75,2288.17,2246.52,282536
2024-04-03 02:00:00,2279.76,2297.31,2302.49,2265.3,281607
2024-04-04 02:00:00,2298.45,2288.56,2305.43,2279.77,246414
2024-04-05 02:00:00,2289.31,2329.5,2330.28,2267.61,271080
2024-04-07 02:00:00,2327.51,2311.07,2328.03,2303.8,20585
2024-04-08 02:00:00,2311.09,2338.61,2353.79,2302.77,302995
2024-04-09 02:00:00,2338.61,2354.77,2365.21,2337.63,286847
2024-04-10 02:00:00,2354.73,2335.37,2359.9,2319.26,270739
2024-04-11 02:00:00,2333.99,2376.8,2379.26,2325.66,273263
2024-04-11 02:00:00,2333.99,2376.8,2379.26,2325.66,273263
2024-04-12 02:00:00,2375.67,2344.02,2431.31,2333.7,344052
2024-04-14 02:00:00,2359.73,2364.53,2372.38,2346.74,22317
2024-04-15 02:00:00,2364.56,2381.81,2392.0,2324.18,333463
2024-04-16 02:00:00,2380.73,2382.53,2398.11,2362.84,326391
2024-04-16 02:00:00,2380.73,2382.53,2398.11,2362.84,326391
2024-04-17 02:00:00,2382.55,2367.69,2395.48,2354.34,293835
2024-04-18 02:00:00,2368.73,2379.73,2392.69,2363.96,281023
2024-04-19 02:00:00,2378.54,2391.69,2417.68,2372.76,321120
2024-04-21 02:00:00,2384.07,2386.34,2388.19,2381.65,12340
2024-04-21 02:00:00,2384.07,2386.34,2388.19,2381.65,12340
2024-04-22 02:00:00,2386.36,2333.66,2386.38,2324.74,279833
2024-04-23 02:00:00,2333.61,2323.18,2334.27,2291.43,582632
2024-04-24 02:00:00,2323.18,2316.09,2337.11,2311.66,257418
2024-04-25 02:00:00,2316.09,2330.55,2344.69,2305.04,245524
2024-04-26 02:00:00,2330.56,2337.81,2352.42,2326.15,214668
2024-04-26 02:00:00,2330.56,2337.81,2352.42,2326.15,214668
2024-04-28 02:00:00,2333.54,2335.93,2336.76,2332.4,7753
2024-04-29 02:00:00,2335.91,2333.1,2346.57,2319.82,240113
2024-04-30 02:00:00,2333.1,2291.23,2336.02,2284.83,482148
2024-05-01 02:00:00,2292.37,2323.74,2328.15,2281.52,236718
2024-05-01 02:00:00,2292.37,2323.74,2328.15,2281.52,236718
2024-05-02 02:00:00,2323.76,2304.08,2326.32,2285.37,240377
2024-05-03 02:00:00,2303.23,2301.74,2320.53,2277.17,226983
2024-05-05 02:00:00,2302.14,2293.87,2303.11,2293.19,9396
2024-05-06 02:00:00,2293.85,2325.9,2331.74,2291.71,227605
2024-05-06 02:00:00,2293.85,2325.9,2331.74,2291.71,227605
2024-05-07 02:00:00,2325.86,2315.02,2329.87,2309.89,420942
2024-05-08 02:00:00,2315.06,2308.66,2321.31,2303.59,432320
2024-05-09 02:00:00,2308.57,2346.45,2348.23,2306.51,218685
2024-05-10 02:00:00,2346.46,2360.19,2378.32,2346.01,227912
2024-05-12 02:00:00,2361.4,2360.32,2362.98,2359.65,6596
2024-05-13 02:00:00,2359.87,2338.22,2364.36,2332.06,634911
2024-05-14 02:00:00,2338.0,2355.67,2359.53,2334.75,225051
2024-05-15 02:00:00,2355.87,2391.74,2391.82,2351.72,247689
2024-05-16 02:00:00,2391.27,2377.69,2397.14,2370.86,240452
2024-05-16 02:00:00,2391.27,2377.69,2397.14,2370.86,240452
2024-05-17 02:00:00,2377.74,2414.15,2422.61,2373.84,230089
2024-05-19 02:00:00,2425.08,2420.09,2425.09,2416.62,11321
2024-05-20 02:00:00,2420.1,2426.02,2449.95,2407.21,301954
2024-05-21 02:00:00,2426.03,2421.57,2433.84,2406.14,275160
2024-05-21 02:00:00,2426.03,2421.57,2433.84,2406.14,275160
2024-05-22 02:00:00,2421.57,2382.0,2426.36,2374.84,273080
2024-05-23 02:00:00,2382.11,2331.93,2383.54,2326.86,280527
2024-05-24 02:00:00,2331.83,2333.5,2347.26,2325.24,219558
2024-05-26 02:00:00,2335.74,2337.11,2340.63,2332.03,7832
2024-05-26 02:00:00,2335.74,2337.11,2340.63,2332.03,7832
2024-05-27 02:00:00,2337.11,2352.36,2358.32,2334.3,167845
2024-05-28 02:00:00,2352.36,2359.63,2364.01,2340.17,242026
2024-05-29 02:00:00,2359.63,2338.21,2361.16,2334.38,253076
2024-05-30 02:00:00,2338.2,2343.86,2351.68,2322.49,277294
2024-05-31 02:00:00,2343.84,2326.81,2359.65,2320.4,265095
2024-05-31 02:00:00,2343.84,2326.81,2359.65,2320.4,265095
2024-06-02 02:00:00,2328.61,2325.72,2328.61,2323.16,8506
2024-06-03 02:00:00,2325.73,2350.44,2354.55,2314.61,265683
2024-06-04 02:00:00,2350.45,2328.73,2352.64,2315.47,269713
2024-06-05 02:00:00,2328.74,2354.95,2357.48,2325.69,251849
2024-06-05 02:00:00,2328.74,2354.95,2357.48,2325.69,251849
2024-06-06 02:00:00,2354.96,2376.61,2378.35,2353.38,247881
2024-06-07 02:00:00,2376.6,2293.77,2387.45,2286.36,271478
2024-06-09 02:00:00,2290.23,2298.29,2299.84,2290.2,7865
2024-06-10 02:00:00,2298.29,2309.73,2313.58,2287.6,202210
2024-06-10 02:00:00,2298.29,2309.73,2313.58,2287.6,202210
2024-06-11 02:00:00,2309.72,2314.97,2319.76,2297.52,225467
2024-06-12 02:00:00,2314.97,2320.48,2341.45,2310.61,232964
2024-06-13 02:00:00,2320.49,2302.27,2326.53,2295.43,227872
2024-06-14 02:00:00,2302.27,2332.62,2336.43,2301.48,233851
2024-06-16 02:00:00,2331.01,2328.71,2331.37,2327.15,5843
2024-06-17 02:00:00,2328.71,2320.57,2328.77,2309.87,209233
2024-06-18 02:00:00,2320.74,2328.15,2332.94,2306.49,209298
2024-06-19 02:00:00,2328.16,2329.3,2334.9,2323.73,147133
2024-06-20 02:00:00,2329.3,2360.75,2365.34,2327.68,221302
2024-06-20 02:00:00,2329.3,2360.75,2365.34,2327.68,221302
2024-06-21 02:00:00,2360.76,2321.31,2368.61,2316.47,225982
2024-06-23 02:00:00,2320.71,2319.01,2321.73,2317.41,6540
2024-06-24 02:00:00,2318.99,2330.7,2334.49,2317.78,220837
2024-06-25 02:00:00,2330.74,2319.86,2336.97,2315.4,217510
2024-06-25 02:00:00,2330.74,2319.86,2336.97,2315.4,217510
2024-06-26 02:00:00,2319.85,2298.3,2323.47,2293.53,239016
2024-06-27 02:00:00,2298.31,2327.67,2330.74,2296.45,225113
2024-06-28 02:00:00,2327.67,2326.41,2339.65,2318.88,222025
2024-06-30 02:00:00,2322.92,2324.9,2326.03,2322.56,5910
2024-06-30 02:00:00,2322.92,2324.9,2326.03,2322.56,5910
2024-07-01 02:00:00,2324.91,2332.22,2338.39,2318.4,224386
2024-07-02 02:00:00,2332.16,2330.15,2336.72,2319.11,214040
2024-07-03 02:00:00,2330.14,2358.68,2364.81,2326.75,216135
2024-07-04 02:00:00,2358.69,2356.6,2362.41,2350.36,143316
2024-07-05 02:00:00,2356.59,2391.23,2392.86,2349.17,229444
2024-07-05 02:00:00,2356.59,2391.23,2392.86,2349.17,229444
2024-07-07 02:00:00,2389.42,2386.04,2390.12,2384.53,6945
2024-07-08 02:00:00,2386.04,2361.61,2390.97,2350.95,227671
2024-07-09 02:00:00,2361.61,2364.91,2371.49,2349.33,221333
2024-07-10 02:00:00,2364.91,2372.8,2386.51,2363.29,187632
2024-07-10 02:00:00,2364.91,2372.8,2386.51,2363.29,187632
2024-07-11 02:00:00,2372.79,2415.8,2424.52,2371.35,232219
2024-07-12 02:00:00,2415.8,2410.82,2418.12,2391.3,220681
2024-07-14 02:00:00,2411.36,2408.61,2412.05,2405.63,8431
2024-07-15 02:00:00,2408.64,2422.53,2439.57,2401.25,224654
2024-07-15 02:00:00,2408.64,2422.53,2439.57,2401.25,224654
2024-07-16 02:00:00,2422.53,2468.17,2469.71,2419.95,233780
2024-07-17 02:00:00,2468.15,2461.2,2483.66,2451.54,269116
2024-07-18 02:00:00,2461.21,2441.15,2474.9,2440.28,242458
2024-07-19 02:00:00,2441.15,2400.16,2441.22,2393.46,193486
2024-07-21 02:00:00,2400.48,2411.37,2411.78,2400.44,8998
2024-07-22 02:00:00,2411.38,2395.71,2412.05,2383.83,218165
2024-07-23 02:00:00,2395.69,2408.49,2411.87,2388.23,218844
2024-07-24 02:00:00,2408.49,2398.55,2431.94,2394.99,245828
2024-07-25 02:00:00,2398.56,2363.76,2400.01,2353.11,292080
2024-07-25 02:00:00,2398.56,2363.76,2400.01,2353.11,292080
2024-07-26 02:00:00,2363.75,2386.61,2390.69,2355.5,231763
2024-07-28 02:00:00,2386.09,2397.01,2402.99,2386.09,10577
2024-07-29 02:00:00,2396.99,2381.09,2402.36,2369.54,219090
2024-07-30 02:00:00,2381.09,2409.76,2412.74,2376.4,246447
2024-07-30 02:00:00,2381.09,2409.76,2412.74,2376.4,246447
2024-07-31 02:00:00,2409.76,2445.68,2450.83,2403.86,278749
2024-08-01 02:00:00,2445.69,2445.75,2462.23,2430.18,319991
2024-08-02 02:00:00,2445.76,2442.44,2477.59,2410.79,319690
2024-08-04 02:00:00,2444.09,2440.88,2447.23,2437.8,17798
2024-08-04 02:00:00,2444.09,2440.88,2447.23,2437.8,17798
2024-08-05 02:00:00,2440.88,2404.7,2458.74,2364.14,387100
2024-08-06 02:00:00,2404.76,2383.78,2418.22,2381.44,319885
2024-08-07 02:00:00,2383.79,2384.76,2406.98,2378.95,267187
2024-08-08 02:00:00,2384.77,2424.48,2427.8,2383.19,269043
2024-08-09 02:00:00,2424.49,2431.07,2436.96,2416.81,244863
2024-08-09 02:00:00,2424.49,2431.07,2436.96,2416.81,244863
2024-08-11 02:00:00,2428.59,2427.85,2433.22,2426.67,7712
2024-08-12 02:00:00,2427.87,2475.51,2475.9,2423.75,213482
2024-08-13 02:00:00,2475.52,2464.06,2476.86,2458.41,225324
2024-08-14 02:00:00,2464.13,2449.36,2479.9,2438.0,244185
2024-08-14 02:00:00,2464.13,2449.36,2479.9,2438.0,244185
2024-08-15 02:00:00,2449.36,2457.27,2469.93,2432.13,235172
2024-08-16 02:00:00,2457.26,2507.41,2509.62,2450.67,224173
2024-08-18 02:00:00,2508.56,2506.36,2509.72,2502.04,8308
2024-08-19 02:00:00,2506.43,2503.55,2507.35,2485.6,234966
2024-08-19 02:00:00,2506.43,2503.55,2507.35,2485.6,234966
2024-08-20 02:00:00,2503.57,2512.88,2531.63,2497.23,243900
2024-08-21 02:00:00,2512.88,2512.7,2519.83,2493.61,230339
2024-08-22 02:00:00,2512.68,2487.51,2514.57,2470.72,225591
2024-08-23 02:00:00,2487.49,2512.24,2518.21,2486.45,226400
2024-08-25 02:00:00,2511.43,2515.88,2516.56,2510.88,8427
2024-08-26 02:00:00,2515.88,2515.41,2526.87,2508.62,222319
2024-08-27 02:00:00,2515.43,2525.25,2528.96,2503.48,220732
2024-08-28 02:00:00,2525.24,2508.05,2525.73,2493.58,234968
2024-08-29 02:00:00,2508.06,2519.52,2528.56,2503.55,227672
2024-08-29 02:00:00,2508.06,2519.52,2528.56,2503.55,227672
2024-08-30 02:00:00,2519.53,2503.26,2526.78,2494.11,225443
2024-09-01 02:00:00,2502.9,2502.98,2504.61,2501.72,5275
2024-09-02 02:00:00,2502.97,2497.15,2507.21,2489.98,144301
2024-09-03 02:00:00,2497.13,2493.22,2506.17,2473.12,246122
2024-09-03 02:00:00,2497.13,2493.22,2506.17,2473.12,246122
2024-09-04 02:00:00,2493.22,2495.79,2500.22,2471.79,224909
2024-09-05 02:00:00,2495.79,2517.17,2523.42,2493.74,224400
2024-09-06 02:00:00,2517.18,2497.13,2529.11,2485.04,254988
2024-09-08 02:00:00,2496.65,2496.81,2498.19,2495.45,8654
2024-09-08 02:00:00,2496.65,2496.81,2498.19,2495.45,8654
2024-09-09 02:00:00,2496.82,2506.7,2507.58,2485.49,247567
2024-09-10 02:00:00,2506.69,2518.65,2518.77,2500.11,236976
2024-09-11 02:00:00,2518.64,2511.84,2528.91,2500.99,266913
2024-09-12 02:00:00,2511.83,2558.44,2560.0,2510.97,257295
2024-09-13 02:00:00,2558.42,2578.7,2585.97,2556.74,252511
2024-09-13 02:00:00,2558.42,2578.7,2585.97,2556.74,252511
2024-09-15 02:00:00,2579.51,2579.07,2580.38,2577.42,7378
2024-09-16 02:00:00,2579.06,2583.58,2589.53,2575.25,183679
2024-09-17 02:00:00,2583.6,2574.02,2586.86,2560.65,223554
2024-09-18 02:00:00,2574.02,2559.21,2600.05,2546.78,270583
2024-09-18 02:00:00,2574.02,2559.21,2600.05,2546.78,270583
2024-09-19 02:00:00,2559.22,2587.14,2594.78,2550.99,285791
2024-09-20 02:00:00,2587.14,2622.04,2625.67,2584.76,253800
2024-09-22 02:00:00,2620.66,2620.14,2622.01,2618.21,7931
2024-09-23 02:00:00,2620.14,2626.24,2634.74,2613.76,235386
2024-09-23 02:00:00,2620.14,2626.24,2634.74,2613.76,235386
2024-09-24 02:00:00,2626.28,2658.12,2664.27,2622.54,284129
2024-09-25 02:00:00,2658.11,2656.23,2670.43,2649.71,264615
2024-09-26 02:00:00,2656.23,2672.56,2685.48,2654.73,279160
2024-09-27 02:00:00,2672.56,2658.01,2674.18,2643.0,280133
2024-09-29 02:00:00,2658.32,2663.49,2664.99,2657.87,11273
2024-09-30 02:00:00,2663.48,2635.57,2665.94,2624.69,269201
2024-10-01 02:00:00,2635.58,2660.27,2673.01,2633.85,260978
2024-10-02 02:00:00,2660.28,2660.23,2663.25,2641.08,266635
2024-10-03 02:00:00,2660.27,2655.76,2662.86,2637.75,272446
2024-10-03 02:00:00,2660.27,2655.76,2662.86,2637.75,272446
2024-10-04 02:00:00,2655.74,2653.11,2670.08,2631.95,267588
2024-10-06 02:00:00,2650.03,2650.09,2652.58,2649.07,11016
2024-10-07 02:00:00,2650.09,2642.91,2659.54,2637.65,271368
2024-10-08 02:00:00,2642.9,2621.85,2652.87,2604.68,324606
2024-10-08 02:00:00,2642.9,2621.85,2652.87,2604.68,324606
2024-10-09 02:00:00,2621.87,2608.32,2624.25,2605.11,283337
2024-10-10 02:00:00,2608.32,2633.09,2635.86,2602.75,292778
2024-10-11 02:00:00,2633.1,2656.89,2661.33,2631.92,245437
2024-10-13 02:00:00,2654.97,2647.99,2655.32,2645.04,10473
2024-10-13 02:00:00,2654.97,2647.99,2655.32,2645.04,10473
2024-10-14 02:00:00,2647.98,2649.34,2666.71,2643.09,239362
2024-10-15 02:00:00,2649.31,2660.39,2668.82,2638.01,276124
2024-10-16 02:00:00,2660.38,2674.05,2685.24,2658.66,265312
2024-10-17 02:00:00,2674.05,2693.67,2696.65,2673.12,279507
2024-10-18 02:00:00,2693.68,2721.17,2722.47,2692.74,280150
2024-10-18 02:00:00,2693.68,2721.17,2722.47,2692.74,280150
2024-10-20 02:00:00,2720.31,2723.41,2724.95,2719.2,11553
2024-10-21 02:00:00,2723.39,2721.38,2740.47,2714.14,301996
2024-10-22 02:00:00,2721.37,2746.47,2748.87,2720.57,283088
2024-10-23 02:00:00,2746.46,2721.21,2758.38,2708.69,304554
2024-10-23 02:00:00,2746.46,2721.21,2758.38,2708.69,304554
2024-10-24 02:00:00,2721.19,2733.74,2743.13,2717.76,290356
2024-10-25 02:00:00,2733.82,2747.07,2747.57,2716.98,266567
2024-10-27 02:00:00,2734.32,2735.75,2740.13,2730.18,18238
2024-10-28 01:00:00,2735.7,2744.38,2745.85,2724.63,266973
2024-10-28 01:00:00,2735.7,2744.38,2745.85,2724.63,266973
2024-10-29 01:00:00,2744.35,2774.93,2775.23,2743.19,290244
2024-10-30 01:00:00,2774.94,2785.33,2789.9,2770.84,292972
2024-10-31 01:00:00,2785.34,2746.6,2789.97,2731.5,296179
2024-11-01 01:00:00,2746.6,2736.4,2762.15,2733.11,299680
2024-11-03 01:00:00,2738.21,2738.27,2740.25,2729.91,5870
2024-11-04 01:00:00,2738.28,2735.94,2748.09,2731.69,227087
2024-11-05 01:00:00,2735.99,2745.59,2749.86,2724.66,214613
2024-11-06 01:00:00,2745.57,2663.96,2749.57,2652.35,333999
2024-11-07 01:00:00,2663.95,2706.82,2710.25,2643.35,266958
2024-11-07 01:00:00,2663.95,2706.82,2710.25,2643.35,266958
2024-11-08 01:00:00,2706.81,2683.82,2710.29,2680.24,243235
2024-11-10 01:00:00,2682.02,2685.56,2685.57,2681.36,4513
2024-11-11 01:00:00,2685.53,2623.93,2686.07,2610.52,234557
2024-11-12 01:00:00,2623.92,2598.87,2627.05,2589.64,259432
2024-11-12 01:00:00,2623.92,2598.87,2627.05,2589.64,259432
2024-11-13 01:00:00,2598.91,2570.81,2618.76,2569.2,252817
2024-11-14 01:00:00,2570.84,2566.79,2577.38,2536.73,287183
2024-11-15 01:00:00,2566.77,2562.87,2575.97,2554.43,255089
2024-11-17 01:00:00,2564.26,2571.33,2575.48,2564.24,6055
2024-11-17 01:00:00,2564.26,2571.33,2575.48,2564.24,6055
2024-11-18 01:00:00,2571.31,2612.57,2614.99,2569.78,239560
2024-11-19 01:00:00,2612.58,2635.05,2639.35,2610.98,247896
2024-11-20 01:00:00,2635.03,2652.11,2655.33,2618.78,225113
2024-11-21 01:00:00,2652.1,2669.09,2673.41,2650.33,230949
2024-11-22 01:00:00,2669.08,2715.85,2716.15,2668.79,254912
2024-11-22 01:00:00,2669.08,2715.85,2716.15,2668.79,254912
2024-11-24 01:00:00,2707.11,2719.77,2721.21,2704.49,7779
2024-11-25 01:00:00,2719.78,2610.33,2720.05,2605.07,266955
2024-11-26 01:00:00,2610.42,2632.21,2641.81,2608.51,241907
2024-11-27 01:00:00,2632.19,2636.98,2658.11,2627.01,215355
2024-11-27 01:00:00,2632.19,2636.98,2658.11,2627.01,215355
2024-11-28 01:00:00,2637.0,2638.68,2649.53,2620.84,140713
2024-11-29 01:00:00,2638.67,2650.34,2666.23,2633.96,206055
2024-12-01 01:00:00,2651.79,2645.67,2652.66,2643.02,4905
2024-12-02 01:00:00,2645.75,2642.15,2651.63,2621.81,240779
2024-12-02 01:00:00,2645.75,2642.15,2651.63,2621.81,240779
2024-12-03 01:00:00,2642.16,2642.7,2655.54,2634.02,221898
2024-12-04 01:00:00,2642.69,2650.28,2657.04,2632.35,221083
2024-12-05 01:00:00,2650.3,2633.7,2655.43,2623.44,192479
2024-12-06 01:00:00,2633.71,2632.94,2645.59,2612.46,209063
2024-12-08 01:00:00,2643.56,2639.99,2648.3,2636.32,6581
2024-12-09 01:00:00,2640.01,2660.45,2676.33,2627.45,227671
2024-12-10 01:00:00,2660.44,2695.96,2698.24,2657.87,212323
2024-12-11 01:00:00,2695.76,2719.94,2721.12,2675.28,202498
2024-12-12 01:00:00,2719.92,2680.65,2726.08,2675.04,170115
2024-12-12 01:00:00,2719.92,2680.65,2726.08,2675.04,170115
2024-12-13 01:00:00,2680.66,2648.2,2692.75,2646.03,159683
2024-12-15 01:00:00,2650.15,2651.37,2653.01,2648.7,2541
2024-12-16 01:00:00,2651.38,2651.67,2664.32,2643.47,127229
2024-12-17 01:00:00,2651.68,2647.39,2658.57,2632.98,137411
2024-12-17 01:00:00,2651.68,2647.39,2658.57,2632.98,137411
2024-12-18 01:00:00,2647.42,2588.02,2651.63,2583.3,144658
2024-12-19 01:00:00,2588.1,2593.48,2626.32,2586.88,155256
2024-12-20 01:00:00,2593.5,2623.29,2631.76,2589.59,140748
2024-12-22 01:00:00,2623.72,2624.23,2624.82,2621.39,2616
2024-12-22 01:00:00,2623.72,2624.23,2624.82,2621.39,2616
2024-12-23 01:00:00,2624.33,2615.5,2633.18,2608.11,123653
2024-12-24 01:00:00,2615.47,2616.59,2621.35,2609.99,88548
2024-12-25 01:00:00,2617.17,2618.3,2619.83,2614.43,1620
2024-12-26 01:00:00,2618.31,2632.53,2639.03,2618.31,101592
2024-12-27 01:00:00,2632.51,2621.19,2638.18,2611.56,106248
2024-12-27 01:00:00,2632.51,2621.19,2638.18,2611.56,106248
2024-12-29 01:00:00,2619.63,2624.02,2626.18,2619.55,2219
2024-12-30 01:00:00,2624.03,2606.61,2627.99,2596.0,118954
2024-12-31 01:00:00,2606.59,2624.39,2627.49,2602.58,107789
2025-01-01 01:00:00,2625.25,2623.71,2625.6,2621.62,1989
2025-01-01 01:00:00,2625.25,2623.71,2625.6,2621.62,1989
2025-01-02 01:00:00,2623.72,2658.33,2660.41,2622.69,137563
2025-01-03 01:00:00,2658.39,2639.51,2665.23,2636.62,118372
2025-01-05 01:00:00,2640.98,2640.95,2642.34,2638.89,2464
2025-01-06 01:00:00,2640.93,2634.54,2649.36,2614.69,142116
2025-01-06 01:00:00,2640.93,2634.54,2649.36,2614.69,142116
2025-01-07 01:00:00,2634.62,2649.74,2664.2,2632.89,136513
2025-01-08 01:00:00,2649.7,2662.55,2669.96,2645.21,133452
2025-01-09 01:00:00,2662.56,2669.9,2678.26,2655.48,111841
2025-01-10 01:00:00,2669.93,2689.44,2697.85,2663.61,149190
2025-01-12 01:00:00,2689.8,2691.02,2691.03,2686.44,3601
2025-01-13 01:00:00,2690.99,2667.91,2693.34,2656.7,157579
2025-01-14 01:00:00,2667.98,2675.48,2678.91,2659.85,140281
2025-01-15 01:00:00,2675.49,2694.69,2697.66,2669.26,131429
2025-01-16 01:00:00,2694.88,2714.48,2724.65,2689.88,147757
2025-01-16 01:00:00,2694.88,2714.48,2724.65,2689.88,147757
2025-01-17 01:00:00,2714.47,2702.48,2717.3,2699.02,133628
2025-01-19 01:00:00,2703.01,2696.41,2703.06,2691.17,4128
2025-01-20 01:00:00,2696.39,2710.32,2713.65,2689.21,123516
2025-01-21 01:00:00,2710.33,2744.24,2745.89,2702.78,164720
2025-01-21 01:00:00,2710.33,2744.24,2745.89,2702.78,164720
2025-01-22 01:00:00,2744.22,2755.44,2763.3,2742.53,149800
2025-01-23 01:00:00,2755.21,2754.45,2758.84,2735.86,150676
2025-01-24 01:00:00,2754.44,2770.8,2785.91,2754.23,153458
2025-01-26 01:00:00,2768.1,2767.52,2769.3,2764.78,4244
2025-01-26 01:00:00,2768.1,2767.52,2769.3,2764.78,4244
2025-01-27 01:00:00,2767.58,2741.71,2772.57,2730.39,176368
2025-01-28 01:00:00,2741.69,2762.69,2764.98,2734.72,136487
2025-01-29 01:00:00,2762.7,2760.22,2766.13,2744.65,149590
2025-01-30 01:00:00,2760.24,2796.13,2798.35,2758.75,153454
2025-01-31 01:00:00,2796.2,2798.29,2817.05,2790.96,161139
2025-01-31 01:00:00,2796.2,2798.29,2817.05,2790.96,161139
2025-02-02 01:00:00,2800.37,2793.21,2804.03,2784.74,7461
2025-02-03 01:00:00,2793.2,2813.75,2830.49,2772.11,192265
2025-02-04 01:00:00,2813.58,2841.12,2845.28,2807.03,171033
2025-02-05 01:00:00,2841.4,2869.13,2882.26,2839.53,162453
2025-02-05 01:00:00,2841.4,2869.13,2882.26,2839.53,162453
2025-02-06 01:00:00,2869.14,2857.98,2873.23,2834.09,155948
2025-02-07 01:00:00,2857.97,2860.28,2886.69,2852.36,148584
2025-02-09 01:00:00,2855.92,2867.54,2870.61,2855.92,4874
2025-02-10 01:00:00,2867.56,2917.71,2921.57,2865.72,160363
2025-02-10 01:00:00,2867.56,2917.71,2921.57,2865.72,160363
2025-02-11 01:00:00,2917.72,2898.48,2942.59,2881.66,183238
2025-02-12 01:00:00,2898.52,2905.72,2909.07,2863.93,162591
2025-02-13 01:00:00,2905.71,2931.1,2932.32,2901.38,144189
2025-02-14 01:00:00,2931.08,2882.43,2939.88,2876.88,155800
2025-02-16 01:00:00,2886.4,2879.29,2893.79,2878.64,5798
2025-02-17 01:00:00,2879.3,2899.19,2906.38,2879.3,111065
2025-02-18 01:00:00,2899.2,2933.88,2936.9,2891.96,110630
2025-02-19 01:00:00,2933.85,2935.36,2946.92,2918.5,178321
2025-02-20 01:00:00,2935.32,2941.53,2954.8,2924.08,193849
2025-02-20 01:00:00,2935.32,2941.53,2954.8,2924.08,193849
2025-02-21 01:00:00,2941.55,2936.26,2949.64,2916.61,195805
2025-02-23 01:00:00,2934.88,2936.86,2940.49,2934.04,6096
2025-02-24 01:00:00,2936.88,2949.93,2956.18,2921.27,204715
2025-02-25 01:00:00,2949.99,2918.55,2952.5,2888.01,240249
2025-02-25 01:00:00,2949.99,2918.55,2952.5,2888.01,240249
2025-02-26 01:00:00,2918.56,2919.14,2930.06,2890.7,183661
2025-02-27 01:00:00,2919.13,2875.9,2919.13,2867.61,236441
2025-02-28 01:00:00,2875.91,2857.88,2884.94,2832.54,234468
2025-03-02 01:00:00,2856.09,2870.7,2876.87,2855.47,8947
2025-03-02 01:00:00,2856.09,2870.7,2876.87,2855.47,8947
2025-03-03 01:00:00,2870.71,2890.87,2895.17,2858.73,204452
2025-03-04 01:00:00,2890.88,2914.34,2927.72,2881.88,214763
2025-03-05 01:00:00,2914.33,2918.17,2929.83,2893.69,235208
2025-03-06 01:00:00,2918.16,2910.24,2926.48,2891.1,210560
2025-03-07 01:00:00,2910.25,2909.03,2930.32,2896.23,251406
2025-03-07 01:00:00,2910.25,2909.03,2930.32,2896.23,251406
2025-03-09 01:00:00,2910.44,2916.2,2916.91,2909.65,8537
2025-03-10 01:00:00,2916.21,2884.61,2918.18,2880.15,239569
2025-03-11 01:00:00,2884.62,2915.44,2922.12,2880.25,184667
2025-03-12 01:00:00,2915.48,2938.03,2940.49,2905.92,207186
2025-03-12 01:00:00,2915.48,2938.03,2940.49,2905.92,207186
2025-03-13 01:00:00,2938.09,2986.43,2989.79,2932.9,202168
2025-03-14 01:00:00,2986.42,2984.73,3004.78,2978.38,205898
2025-03-16 01:00:00,2984.25,2989.97,2994.01,2983.08,6184
2025-03-17 01:00:00,2990.02,2999.78,3002.7,2982.14,153847
2025-03-17 01:00:00,2990.02,2999.78,3002.7,2982.14,153847
2025-03-18 01:00:00,2999.71,3031.74,3038.19,2999.37,186936
2025-03-19 01:00:00,3031.76,3050.03,3051.87,3022.77,182715
2025-03-20 01:00:00,3050.07,3046.29,3057.33,3025.56,203114
2025-03-21 01:00:00,3046.39,3023.82,3047.34,2999.43,189933
2025-03-23 01:00:00,3020.97,3024.64,3026.23,3020.69,6015
2025-03-24 01:00:00,3024.55,3009.79,3033.15,3002.38,204040
2025-03-25 01:00:00,3009.89,3020.93,3035.9,3007.51,168531
2025-03-26 01:00:00,3020.94,3021.62,3031.95,3012.3,179715
2025-03-27 01:00:00,3021.57,3055.64,3059.61,3021.51,212503
2025-03-27 01:00:00,3021.57,3055.64,3059.61,3021.51,212503
2025-03-28 01:00:00,3055.47,3085.22,3086.74,3054.96,211307
2025-03-30 01:00:00,3086.17,3089.1,3097.71,3085.58,11097
2025-03-31 02:00:00,3089.09,3120.53,3127.9,3076.84,226043
2025-04-01 02:00:00,3120.51,3115.15,3148.93,3100.78,228345
2025-04-01 02:00:00,3120.51,3115.15,3148.93,3100.78,228345
2025-04-02 02:00:00,3115.17,3162.59,3167.72,3104.69,224493
2025-04-03 02:00:00,3162.44,3112.82,3164.73,3054.0,317039
2025-04-04 02:00:00,3112.74,3038.51,3136.5,3015.58,299790
2025-04-06 02:00:00,3034.91,2999.83,3034.91,2976.78,18682
2025-04-06 02:00:00,3034.91,2999.83,3034.91,2976.78,18682
2025-04-07 02:00:00,2999.79,2981.2,3055.64,2956.24,337192
2025-04-08 02:00:00,2981.26,2978.21,3022.61,2969.94,227704
2025-04-09 02:00:00,2978.37,3086.75,3099.55,2972.43,277500
2025-04-10 02:00:00,3086.74,3188.91,3191.24,3078.4,253713
2025-04-11 02:00:00,3188.94,3237.74,3245.31,3184.81,259233
2025-04-11 02:00:00,3188.94,3237.74,3245.31,3184.81,259233
2025-04-13 02:00:00,3229.79,3223.75,3229.79,3209.76,15773
2025-04-14 02:00:00,3223.72,3212.52,3245.6,3193.6,215568
2025-04-15 02:00:00,3212.51,3251.72,3251.72,3209.98,177993
2025-04-16 02:00:00,3251.69,3350.06,3357.67,3251.56,240979
2025-04-16 02:00:00,3251.69,3350.06,3357.67,3251.56,240979
2025-04-17 02:00:00,3350.02,3327.46,3356.18,3283.79,239752
2025-04-20 02:00:00,3331.19,3348.05,3352.99,3329.04,17976
2025-04-21 02:00:00,3348.04,3434.51,3444.21,3347.43,252280
2025-04-21 02:00:00,3348.04,3434.51,3444.21,3347.43,252280
2025-04-22 02:00:00,3434.47,3336.52,3499.92,3315.83,322488
2025-04-23 02:00:00,3336.51,3316.25,3386.49,3260.05,289619
2025-04-24 02:00:00,3316.26,3348.87,3370.48,3306.7,247786
2025-04-25 02:00:00,3348.84,3319.29,3363.08,3265.12,241069
2025-04-27 02:00:00,3329.99,3302.58,3330.94,3298.63,17778
2025-04-28 02:00:00,3302.62,3337.58,3352.97,3268.04,226368
2025-04-29 02:00:00,3337.59,3316.94,3339.99,3299.63,208126
2025-04-30 02:00:00,3317.04,3272.77,3327.88,3266.93,225319
2025-05-01 02:00:00,3272.87,3237.25,3276.24,3201.91,212240
2025-05-01 02:00:00,3272.87,3237.25,3276.24,3201.91,212240
2025-05-02 02:00:00,3237.34,3240.93,3269.19,3222.71,213949
2025-05-04 02:00:00,3238.83,3247.85,3252.16,3237.74,12365
2025-05-05 02:00:00,3247.97,3334.02,3337.84,3241.21,201100
2025-05-06 02:00:00,3334.01,3400.7,3435.91,3323.21,255515
2025-05-06 02:00:00,3334.01,3400.7,3435.91,3323.21,255515
2025-05-07 02:00:00,3400.72,3376.37,3401.35,3360.1,237626
2025-05-08 02:00:00,3376.43,3316.32,3414.69,3288.73,249816
2025-05-09 02:00:00,3316.3,3325.6,3347.43,3274.74,199571
2025-05-11 02:00:00,3321.23,3287.52,3321.61,3265.9,19069
2025-05-11 02:00:00,3321.23,3287.52,3321.61,3265.9,19069
2025-05-12 02:00:00,3287.51,3236.71,3289.87,3207.73,260436
2025-05-13 02:00:00,3236.72,3254.3,3265.43,3215.85,206060
2025-05-14 02:00:00,3254.42,3185.93,3254.58,3167.94,233605
2025-05-15 02:00:00,3185.88,3237.1,3252.03,3120.63,230959
2025-05-16 02:00:00,3237.11,3203.42,3244.51,3154.24,212122
2025-05-16 02:00:00,3237.11,3203.42,3244.51,3154.24,212122
2025-05-18 02:00:00,3218.57,3234.76,3245.12,3206.31,18878
2025-05-19 02:00:00,3234.8,3222.48,3249.66,3206.61,197893
2025-05-20 02:00:00,3222.53,3290.6,3304.15,3204.54,214489
2025-05-21 02:00:00,3290.59,3319.97,3324.78,3285.47,223084
2025-05-21 02:00:00,3290.59,3319.97,3324.78,3285.47,223084
2025-05-22 02:00:00,3320.03,3299.97,3345.28,3279.33,235945
2025-05-23 02:00:00,3300.02,3357.7,3365.81,3287.05,228306
2025-05-25 02:00:00,3356.0,3342.58,3356.14,3341.33,14250
2025-05-26 02:00:00,3342.68,3346.06,3356.65,3323.62,144645
2025-05-26 02:00:00,3342.68,3346.06,3356.65,3323.62,144645
2025-05-27 02:00:00,3346.05,3309.34,3349.84,3285.28,216368
2025-05-28 02:00:00,3309.33,3259.81,3325.41,3250.19,211157
2025-05-29 02:00:00,3259.79,3315.44,3331.09,3245.42,229882
2025-05-30 02:00:00,3315.43,3289.43,3322.61,3271.42,209409
2025-06-01 02:00:00,3298.73,3310.15,3316.58,3295.38,12869
2025-06-02 02:00:00,3310.13,3387.32,3392.12,3301.41,209478
2025-06-03 02:00:00,3387.33,3359.87,3388.54,3333.11,197262
2025-06-04 02:00:00,3359.88,3378.05,3384.57,3343.7,191142
2025-06-05 02:00:00,3378.14,3361.82,3403.33,3339.38,293702
2025-06-05 02:00:00,3378.14,3361.82,3403.33,3339.38,293702
2025-06-06 02:00:00,3361.78,3309.81,3375.55,3307.03,261900
2025-06-08 02:00:00,3312.09,3317.94,3321.09,3309.22,12507
2025-06-09 02:00:00,3317.99,3326.7,3338.12,3293.43,213562
2025-06-10 02:00:00,3326.76,3327.85,3349.02,3301.88,232644
2025-06-10 02:00:00,3326.76,3327.85,3349.02,3301.88,232644
2025-06-11 02:00:00,3327.87,3365.36,3373.41,3319.21,255726
2025-06-12 02:00:00,3365.39,3395.82,3398.83,3338.47,279819
2025-06-13 02:00:00,3395.79,3432.88,3446.73,3391.71,317262
2025-06-15 02:00:00,3451.75,3444.05,3452.19,3432.28,21042
2025-06-15 02:00:00,3451.75,3444.05,3452.19,3432.28,21042
2025-06-16 02:00:00,3444.02,3402.77,3451.17,3382.77,261039
2025-06-17 02:00:00,3402.83,3387.27,3403.17,3366.04,254217
2025-06-18 02:00:00,3387.26,3374.99,3399.93,3362.5,238674
2025-06-19 02:00:00,3375.01,3368.7,3387.81,3347.5,195040
2025-06-20 02:00:00,3368.71,3368.62,3374.44,3340.27,199381
2025-06-20 02:00:00,3368.71,3368.62,3374.44,3340.27,199381
2025-06-22 02:00:00,3391.4,3372.71,3396.56,3371.23,21468
2025-06-23 02:00:00,3372.74,3344.26,3393.46,3341.49,249590
2025-06-24 02:00:00,3344.27,3324.11,3357.81,3295.32,254632
2025-06-25 02:00:00,3324.01,3338.95,3339.88,3311.92,185568
2025-06-25 02:00:00,3324.01,3338.95,3339.88,3311.92,185568
2025-06-26 02:00:00,3338.92,3318.7,3350.24,3309.85,213037
2025-06-27 02:00:00,3318.66,3274.18,3321.95,3255.69,262182
2025-06-29 02:00:00,3272.65,3263.72,3281.74,3247.06,21485
2025-06-30 02:00:00,3263.65,3312.41,3314.44,3259.44,211933
2025-06-30 02:00:00,3263.65,3312.41,3314.44,3259.44,211933
2025-07-01 02:00:00,3312.42,3338.02,3357.85,3309.89,221358
2025-07-02 02:00:00,3338.04,3349.25,3365.63,3327.53,202866
2025-07-03 02:00:00,3349.3,3330.84,3363.55,3311.51,192495
2025-07-04 02:00:00,3330.83,3337.04,3345.0,3325.78,115166
2025-07-06 02:00:00,3334.3,3328.76,3342.67,3326.16,12408
2025-07-07 02:00:00,3328.77,3334.55,3345.69,3296.38,231022
2025-07-08 02:00:00,3334.57,3302.25,3339.39,3287.04,220862
2025-07-09 02:00:00,3302.33,3317.54,3321.05,3282.63,203603
2025-07-10 02:00:00,3317.52,3323.73,3330.15,3310.01,185037
2025-07-10 02:00:00,3317.52,3323.73,3330.15,3310.01,185037
2025-07-11 02:00:00,3323.71,3355.75,3368.63,3323.58,236835
2025-07-13 02:00:00,3363.84,3367.73,3373.86,3359.52,15884
2025-07-14 02:00:00,3367.69,3345.21,3374.92,3340.97,219987
2025-07-15 02:00:00,3345.23,3331.04,3366.29,3320.12,208143
2025-07-15 02:00:00,3345.23,3331.04,3366.29,3320.12,208143
2025-07-16 02:00:00,3331.05,3346.43,3377.47,3319.57,238494
2025-07-17 02:00:00,3346.46,3340.11,3347.3,3309.85,203412
2025-07-18 02:00:00,3340.1,3349.9,3361.17,3331.7,170914
2025-07-20 02:00:00,3349.8,3349.07,3350.26,3344.92,7512
2025-07-20 02:00:00,3349.8,3349.07,3350.26,3344.92,7512
2025-07-21 02:00:00,3349.08,3396.47,3402.56,3347.64,208566
2025-07-22 02:00:00,3396.5,3427.41,3433.45,3383.19,229033
2025-07-23 02:00:00,3427.37,3389.9,3438.76,3381.38,243874
2025-07-24 02:00:00,3389.91,3369.4,3393.27,3351.36,207698
2025-07-25 02:00:00,3369.41,3337.02,3373.49,3324.92,173027
2025-07-25 02:00:00,3369.41,3337.02,3373.49,3324.92,173027
2025-07-27 02:00:00,3317.37,3333.57,3337.27,3317.37,14837
2025-07-28 02:00:00,3333.56,3312.45,3345.19,3301.69,194149
2025-07-29 02:00:00,3312.47,3327.51,3334.02,3307.76,197692
2025-07-30 02:00:00,3327.52,3285.2,3333.92,3268.1,234880
2025-07-30 02:00:00,3327.52,3285.2,3333.92,3268.1,234880
2025-07-31 02:00:00,3285.06,3288.54,3314.73,3282.69,222415
2025-08-01 02:00:00,3288.47,3362.84,3363.4,3281.5,236837
2025-08-03 02:00:00,3365.05,3361.88,3369.06,3354.5,11613
2025-08-04 02:00:00,3361.87,3377.34,3385.27,3344.97,177359
2025-08-04 02:00:00,3361.87,3377.34,3385.27,3344.97,177359
2025-08-05 02:00:00,3377.33,3383.12,3390.35,3349.77,165247
2025-08-06 02:00:00,3383.09,3370.07,3385.25,3358.16,175056
2025-08-07 02:00:00,3370.11,3400.48,3408.91,3365.2,304897
2025-08-08 02:00:00,3400.45,3397.89,3404.4,3376.12,380112
2025-08-10 02:00:00,3397.56,3391.41,3405.11,3390.26,11787
2025-08-11 02:00:00,3391.42,3348.91,3391.59,3341.25,268937
2025-08-12 02:00:00,3348.87,3350.48,3359.15,3331.01,216696
2025-08-13 02:00:00,3350.5,3362.68,3370.72,3342.65,165511
2025-08-14 02:00:00,3362.65,3335.51,3374.75,3329.73,213109
2025-08-14 02:00:00,3362.65,3335.51,3374.75,3329.73,213109
2025-08-15 02:00:00,3335.53,3335.66,3348.62,3332.39,161927
2025-08-17 02:00:00,3336.45,3327.03,3338.84,3323.47,9394
2025-08-18 02:00:00,3327.05,3330.88,3358.32,3326.71,157598
2025-08-19 02:00:00,3330.9,3314.18,3345.2,3312.8,160486
2025-08-19 02:00:00,3330.9,3314.18,3345.2,3312.8,160486
2025-08-20 02:00:00,3314.17,3346.79,3351.99,3311.45,166868
2025-08-21 02:00:00,3346.78,3338.26,3348.0,3325.36,164852
2025-08-22 02:00:00,3338.28,3371.43,3378.76,3321.37,181113
2025-08-24 02:00:00,3370.7,3369.0,3372.0,3365.8,7477
2025-08-24 02:00:00,3370.7,3369.0,3372.0,3365.8,7477
2025-08-25 02:00:00,3368.99,3354.8,3376.17,3351.64,134302
2025-08-26 02:00:00,3354.83,3390.81,3394.24,3351.18,207440
2025-08-27 02:00:00,3390.82,3395.68,3399.17,3373.74,177283
2025-08-28 02:00:00,3395.69,3414.76,3423.13,3384.5,201836
2025-08-29 02:00:00,3414.77,3447.43,3453.91,3404.29,222984
2025-08-29 02:00:00,3414.77,3447.43,3453.91,3404.29,222984
2025-08-31 02:00:00,3449.2,3447.9,3452.51,3442.36,10197
2025-09-01 02:00:00,3447.91,3479.17,3489.79,3437.04,216264
2025-09-02 02:00:00,3479.16,3529.99,3539.92,3470.28,320050
2025-09-03 02:00:00,3530.0,3560.22,3578.38,3526.91,305019
2025-09-03 02:00:00,3530.0,3560.22,3578.38,3526.91,305019
2025-09-04 02:00:00,3560.3,3552.52,3563.37,3511.22,277960
2025-09-05 02:00:00,3552.54,3586.65,3599.99,3544.79,277488
2025-09-07 02:00:00,3580.61,3591.11,3596.73,3578.42,24532
2025-09-08 02:00:00,3591.09,3634.91,3646.3,3579.49,269485
2025-09-08 02:00:00,3591.09,3634.91,3646.3,3579.49,269485
2025-09-09 02:00:00,3634.92,3633.47,3674.47,3618.32,304644
2025-09-10 02:00:00,3633.46,3644.79,3657.48,3620.12,239577
2025-09-11 02:00:00,3644.81,3631.71,3649.01,3613.01,235213
2025-09-12 02:00:00,3631.72,3643.29,3656.55,3630.48,202949
2025-09-14 02:00:00,3642.64,3638.13,3646.38,3636.73,8123
2025-09-15 02:00:00,3638.12,3676.85,3685.5,3626.6,216855
2025-09-16 02:00:00,3676.8,3694.15,3703.11,3674.61,230772
2025-09-17 02:00:00,3694.16,3669.09,3707.49,3646.1,271062
2025-09-18 02:00:00,3669.19,3640.16,3672.93,3627.83,261750
2025-09-18 02:00:00,3669.19,3640.16,3672.93,3627.83,261750
2025-09-19 02:00:00,3640.27,3684.66,3685.16,3632.13,230167
2025-09-21 02:00:00,3686.14,3686.11,3692.16,3683.64,11300
2025-09-22 02:00:00,3686.07,3747.7,3749.12,3685.45,247791
2025-09-23 02:00:00,3747.76,3763.79,3790.99,3736.66,291496
2025-09-23 02:00:00,3747.76,3763.79,3790.99,3736.66,291496
2025-09-24 02:00:00,3763.77,3742.93,3779.18,3717.41,254214
2025-09-25 02:00:00,3742.91,3744.6,3761.48,3721.92,276108
2025-09-26 02:00:00,3744.52,3759.74,3783.69,3734.51,262992
2025-09-28 02:00:00,3758.89,3766.79,3772.39,3756.32,14077
2025-09-28 02:00:00,3758.89,3766.79,3772.39,3756.32,14077
2025-09-29 02:00:00,3766.8,3832.77,3834.08,3763.9,327370
2025-09-30 02:00:00,3832.86,3862.8,3871.54,3793.15,333360
2025-10-01 02:00:00,3862.79,3863.38,3895.19,3853.37,311356
2025-10-02 02:00:00,3863.37,3862.38,3897.02,3819.33,288264
2025-10-03 02:00:00,3862.24,3886.69,3891.56,3838.03,274240
2025-10-03 02:00:00,3862.24,3886.69,3891.56,3838.03,274240
2025-10-05 02:00:00,3887.9,3909.45,3920.68,3883.99,26899
2025-10-06 02:00:00,3909.44,3969.46,3976.17,3898.97,351602
2025-10-07 02:00:00,3969.54,3994.27,3995.85,3940.79,336559
2025-10-08 02:00:00,3994.26,4011.7,4059.21,3984.49,359749
2025-10-08 02:00:00,3994.26,4011.7,4059.21,3984.49,359749
2025-10-09 02:00:00,4011.57,3989.84,4057.87,3944.86,436615
2025-10-10 02:00:00,3989.75,4017.12,4022.87,3946.93,426145
2025-10-12 02:00:00,4012.07,4035.03,4060.2,3982.04,31950
2025-10-13 02:00:00,4035.16,4127.93,4131.94,4024.37,356333
2025-10-13 02:00:00,4035.16,4127.93,4131.94,4024.37,356333
2025-10-14 02:00:00,4127.94,4161.54,4179.56,4090.36,463898
2025-10-15 02:00:00,4161.49,4209.4,4218.01,4153.76,359175
2025-10-16 02:00:00,4209.41,4365.68,4379.76,4203.58,410932
2025-10-17 02:00:00,4365.69,4251.15,4378.65,4186.09,587059
2025-10-19 02:00:00,4246.04,4237.83,4274.68,4233.51,27309
2025-10-20 02:00:00,4237.75,4360.3,4381.5,4218.95,438300
2025-10-21 02:00:00,4360.27,4093.02,4372.21,4080.7,569842
2025-10-22 02:00:00,4093.06,4087.57,4161.19,4004.2,564687
2025-10-23 02:00:00,4087.4,4121.63,4154.57,4065.77,397044
2025-10-23 02:00:00,4087.4,4121.63,4154.57,4065.77,397044
2025-10-24 02:00:00,4121.65,4113.28,4144.2,4044.01,373156
2025-10-26 02:00:00,4077.43,4064.56,4109.09,4061.83,33259
2025-10-27 01:00:00,4064.51,3998.41,4097.78,3971.4,421673
2025-10-28 01:00:00,3998.33,3964.74,4019.7,3886.57,413589
2025-10-28 01:00:00,3998.33,3964.74,4019.7,3886.57,413589
2025-10-29 01:00:00,3964.73,3952.73,4030.16,3916.22,415671
2025-10-30 01:00:00,3952.64,4036.7,4045.98,3915.16,415963
2025-10-31 01:00:00,4036.71,4002.52,4039.41,3972.46,359839
2025-11-02 01:00:00,3981.44,3979.42,3999.07,3977.8,10035
2025-11-02 01:00:00,3981.44,3979.42,3999.07,3977.8,10035
2025-11-03 01:00:00,3979.27,3997.24,4030.53,3962.23,361034
2025-11-04 01:00:00,3997.35,3934.66,4000.7,3928.81,385394
2025-11-05 01:00:00,3934.67,3973.5,3990.41,3929.35,323657
2025-11-06 01:00:00,3973.52,3989.11,4019.49,3964.48,321464
2025-11-07 01:00:00,3989.02,4001.02,4027.33,3984.0,305300
2025-11-07 01:00:00,3989.02,4001.02,4027.33,3984.0,305300
2025-11-09 01:00:00,4000.01,4011.77,4012.04,3997.81,10442
2025-11-10 01:00:00,4011.75,4119.89,4122.61,4011.08,356035
2025-11-11 01:00:00,4119.91,4142.57,4148.9,4097.01,335178
2025-11-12 01:00:00,4142.56,4190.98,4211.56,4098.84,428911
2025-11-12 01:00:00,4142.56,4190.98,4211.56,4098.84,428911
2025-11-13 01:00:00,4190.9,4185.88,4244.91,4145.15,480508
2025-11-14 01:00:00,4185.91,4084.93,4211.24,4031.99,494024
2025-11-16 01:00:00,4086.31,4096.32,4106.71,4071.32,14630
2025-11-17 01:00:00,4096.29,4036.7,4101.92,4006.7,418732
2025-11-17 01:00:00,4096.29,4036.7,4101.92,4006.7,418732
2025-11-18 01:00:00,4036.71,4076.7,4082.09,3997.95,427721
2025-11-19 01:00:00,4076.69,4104.51,4132.73,4055.42,450072
2025-11-20 01:00:00,4104.41,4079.09,4110.0,4038.78,494693
2025-11-21 01:00:00,4079.12,4065.02,4101.07,4022.42,492170
2025-11-23 01:00:00,4068.35,4075.09,4077.62,4065.71,12356
2025-11-24 01:00:00,4075.02,4143.6,4144.24,4039.89,369908
2025-11-25 01:00:00,4143.7,4133.64,4159.42,4109.55,375545
2025-11-26 01:00:00,4133.67,4164.83,4173.42,4132.54,315517
2025-11-27 01:00:00,4164.85,4163.36,4167.28,4142.57,214696
2025-11-27 01:00:00,4164.85,4163.36,4167.28,4142.57,214696
2025-11-28 01:00:00,4163.37,4219.28,4226.96,4143.95,217798
2025-11-30 01:00:00,4220.44,4221.74,4231.61,4205.84,19754
2025-12-01 01:00:00,4221.72,4227.53,4264.45,4215.34,515389
2025-12-02 01:00:00,4227.6,4212.7,4230.48,4163.33,454853
2025-12-02 01:00:00,4227.6,4212.7,4230.48,4163.33,454853
2025-12-03 01:00:00,4212.72,4207.12,4241.4,4194.39,434840
2025-12-04 01:00:00,4207.09,4206.07,4219.39,4174.85,397956
2025-12-05 01:00:00,4206.05,4198.17,4259.22,4191.98,350620
2025-12-07 01:00:00,4196.8,4201.27,4208.58,4190.42,7210
2025-12-07 01:00:00,4196.8,4201.27,4208.58,4190.42,7210
2025-12-08 01:00:00,4201.25,4194.7,4218.84,4176.27,351297
2025-12-09 01:00:00,4194.58,4210.75,4221.29,4169.95,357736
2025-12-10 01:00:00,4210.77,4232.42,4238.57,4181.86,412675
2025-12-11 01:00:00,4232.37,4276.38,4285.78,4204.15,414741
2025-12-12 01:00:00,4276.37,4299.91,4353.41,4257.15,464934
2025-12-12 01:00:00,4276.37,4299.91,4353.41,4257.15,464934
2025-12-14 01:00:00,4300.1,4302.42,4308.35,4294.55,15805
2025-12-15 01:00:00,4302.46,4304.1,4350.2,4285.33,409098
2025-12-16 01:00:00,4304.19,4307.69,4334.99,4271.55,413872
2025-12-17 01:00:00,4307.73,4339.03,4349.17,4306.4,408872
