"","Strategy","Instrument","Symbol","Params","Param_period","Param_bb_mult","Param_kc_mult","Param_atr_period","Param_sl_atr_mult","Param_tp_atr_mult","Cost_bps_side","Execution","Bars_per_Year","Bars_IS","Bars_OS","IS_Sharpe","IS_Sortino","IS_ProfitFactor","IS_Trades","OS_Sharpe","OS_Sortino","OS_Calmar","OS_CAGR","OS_MaxDD","OS_TotalReturn","OS_WinRate","OS_ProfitFactor","OS_Trades","OS_Exposure","Worst_Year_Ret","Yearly_Breakdown","F1_OS_MaxDD_above_neg15","F2_OS_PF_gt_1.2","F3_OS_Sortino_gt_1.0","F4_OS_Calmar_gt_0.5","F5_IS_PF_gt_1.0","F6_OS_WinRate_band","F7_AllYearsProfitable","Active_Filters","PASSED_ALL","Error"
"1","Keltner_Squeeze_Breakout","GOLD_MINUTE_5","GOLD","period=20, bb_mult=2, kc_mult=1, atr_period=10, sl_atr_mult=1.5, tp_atr_mult=2",20,2,1,10,1.5,2,0.22,"next_open",72576,171799,73629,-1.155,-0.311,0.943,1537,-0.931,-0.251,-0.585,-0.0488,-0.0833,-0.0495,0.3614,0.922,606,0.047,-0.0545,"2023:-5.4% 2024:-3.9% 2025:-0.5% 2026:-2.2%",TRUE,FALSE,FALSE,FALSE,FALSE,TRUE,FALSE,"F1,F2,F5,F6,F7",FALSE,NA
"2","Keltner_Squeeze_Breakout","GOLD_MINUTE_5","GOLD","period=30, bb_mult=2, kc_mult=1, atr_period=10, sl_atr_mult=1.5, tp_atr_mult=2",30,2,1,10,1.5,2,0.22,"next_open",72576,171799,73629,-1.671,-0.242,0.78,422,-0.116,-0.014,-0.104,-0.0025,-0.024,-0.0025,0.3952,1.005,124,0.011,-0.0337,"2023:-3.4% 2024:+0.5% 2025:-0.3% 2026:-1.5%",TRUE,FALSE,FALSE,FALSE,FALSE,TRUE,FALSE,"F1,F2,F5,F6,F7",FALSE,NA
"3","Keltner_Squeeze_Breakout","GOLD_MINUTE_5","GOLD","period=50, bb_mult=2, kc_mult=1, atr_period=10, sl_atr_mult=1.5, tp_atr_mult=2",50,2,1,10,1.5,2,0.22,"next_open",72576,171799,73629,-0.807,-0.038,0.732,55,-1.379,-0.029,-0.926,-0.0027,-0.0029,-0.0028,0.25,0.036,4,0.001,-0.0075,"2023:-0.7% 2024:-0.3% 2025:+0.1% 2026:-0.1%",TRUE,FALSE,FALSE,FALSE,FALSE,FALSE,FALSE,"F1,F2,F5,F6,F7",FALSE,NA
"4","Keltner_Squeeze_Breakout","GOLD_MINUTE_5","GOLD","period=20, bb_mult=2, kc_mult=1.5, atr_period=10, sl_atr_mult=1.5, tp_atr_mult=2",20,2,1.5,10,1.5,2,0.22,"next_open",72576,171799,73629,-2.3,-1.114,0.913,4420,-0.053,-0.027,-0.06,-0.0055,-0.0912,-0.0056,0.3962,1.024,1893,0.176,-0.1486,"2023:-14.9% 2024:-7.0% 2025:-7.7% 2026:+0.9%",TRUE,FALSE,FALSE,FALSE,FALSE,TRUE,FALSE,"F1,F2,F5,F6,F7",FALSE,NA
"5","Keltner_Squeeze_Breakout","GOLD_MINUTE_5","GOLD","period=30, bb_mult=2, kc_mult=1.5, atr_period=10, sl_atr_mult=1.5, tp_atr_mult=2",30,2,1.5,10,1.5,2,0.22,"next_open",72576,171799,73629,-1.552,-0.537,0.92,2177,0.811,0.291,0.837,0.0582,-0.0696,0.0591,0.4179,1.102,914,0.089,-0.0736,"2023:-7.4% 2024:-0.6% 2025:-1.4% 2026:+1.5%",TRUE,FALSE,FALSE,TRUE,FALSE,TRUE,FALSE,"F1,F2,F5,F6,F7",FALSE,NA
"6","Keltner_Squeeze_Breakout","GOLD_MINUTE_5","GOLD","period=50, bb_mult=2, kc_mult=1.5, atr_period=10, sl_atr_mult=1.5, tp_atr_mult=2",50,2,1.5,10,1.5,2,0.22,"next_open",72576,171799,73629,-0.427,-0.077,0.983,617,0.267,0.046,0.263,0.0089,-0.0337,0.009,0.3911,1.079,202,0.02,-0.0398,"2023:-4.0% 2024:+0.7% 2025:-0.8% 2026:+3.2%",TRUE,FALSE,FALSE,FALSE,FALSE,TRUE,FALSE,"F1,F2,F5,F6,F7",FALSE,NA
"7","Keltner_Squeeze_Breakout","GOLD_MINUTE_5","GOLD","period=20, bb_mult=2, kc_mult=1, atr_period=14, sl_atr_mult=1.5, tp_atr_mult=2",20,2,1,14,1.5,2,0.22,"next_open",72576,171799,73629,-1.212,-0.326,0.938,1537,-0.825,-0.222,-0.54,-0.043,-0.0798,-0.0437,0.3647,0.934,606,0.047,-0.0524,"2023:-5.2% 2024:-4.0% 2025:-1.1% 2026:-1.4%",TRUE,FALSE,FALSE,FALSE,FALSE,TRUE,FALSE,"F1,F2,F5,F6,F7",FALSE,NA
"8","Keltner_Squeeze_Breakout","GOLD_MINUTE_5","GOLD","period=30, bb_mult=2, kc_mult=1, atr_period=14, sl_atr_mult=1.5, tp_atr_mult=2",30,2,1,14,1.5,2,0.22,"next_open",72576,171799,73629,-1.711,-0.247,0.78,422,0.065,0.008,0.057,0.0014,-0.024,0.0014,0.4032,1.052,124,0.01,-0.0314,"2023:-3.1% 2024:+0.2% 2025:-0.3% 2026:-1.0%",TRUE,FALSE,FALSE,FALSE,FALSE,TRUE,FALSE,"F1,F2,F5,F6,F7",FALSE,NA
"9","Keltner_Squeeze_Breakout","GOLD_MINUTE_5","GOLD","period=50, bb_mult=2, kc_mult=1, atr_period=14, sl_atr_mult=1.5, tp_atr_mult=2",50,2,1,14,1.5,2,0.22,"next_open",72576,171799,73629,-0.702,-0.033,0.77,55,-1.379,-0.029,-0.926,-0.0027,-0.0029,-0.0028,0.25,0.036,4,0.001,-0.0075,"2023:-0.7% 2024:-0.1% 2025:+0.1% 2026:-0.1%",TRUE,FALSE,FALSE,FALSE,FALSE,FALSE,FALSE,"F1,F2,F5,F6,F7",FALSE,NA
"10","Keltner_Squeeze_Breakout","GOLD_MINUTE_5","GOLD","period=20, bb_mult=2, kc_mult=1.5, atr_period=14, sl_atr_mult=1.5, tp_atr_mult=2",20,2,1.5,14,1.5,2,0.22,"next_open",72576,171799,73629,-2.336,-1.127,0.912,4420,-0.178,-0.088,-0.167,-0.018,-0.1079,-0.0182,0.3951,1.016,1893,0.175,-0.1329,"2023:-13.3% 2024:-8.2% 2025:-9.1% 2026:+0.8%",TRUE,FALSE,FALSE,FALSE,FALSE,TRUE,FALSE,"F1,F2,F5,F6,F7",FALSE,NA
"11","Keltner_Squeeze_Breakout","GOLD_MINUTE_5","GOLD","period=30, bb_mult=2, kc_mult=1.5, atr_period=14, sl_atr_mult=1.5, tp_atr_mult=2",30,2,1.5,14,1.5,2,0.22,"next_open",72576,171799,73629,-1.71,-0.584,0.909,2177,0.846,0.302,0.852,0.059,-0.0693,0.0599,0.4223,1.106,914,0.086,-0.0633,"2023:-6.3% 2024:-2.6% 2025:-2.3% 2026:+2.3%",TRUE,FALSE,FALSE,TRUE,FALSE,TRUE,FALSE,"F1,F2,F5,F6,F7",FALSE,NA
"12","Keltner_Squeeze_Breakout","GOLD_MINUTE_5","GOLD","period=50, bb_mult=2, kc_mult=1.5, atr_period=14, sl_atr_mult=1.5, tp_atr_mult=2",50,2,1.5,14,1.5,2,0.22,"next_open",72576,171799,73629,-0.55,-0.098,0.967,617,0.102,0.017,0.092,0.0033,-0.0362,0.0034,0.3762,1.048,202,0.019,-0.0331,"2023:-3.3% 2024:-0.5% 2025:-1.0% 2026:+2.9%",TRUE,FALSE,FALSE,FALSE,FALSE,TRUE,FALSE,"F1,F2,F5,F6,F7",FALSE,NA
"13","Keltner_Squeeze_Breakout","GOLD_MINUTE_5","GOLD","period=20, bb_mult=2, kc_mult=1, atr_period=10, sl_atr_mult=2.5, tp_atr_mult=2",20,2,1,10,2.5,2,0.22,"next_open",72576,171799,73629,-1.125,-0.31,0.942,1537,-0.864,-0.239,-0.563,-0.0465,-0.0826,-0.0471,0.368,0.93,606,0.051,-0.0537,"2023:-5.4% 2024:-4.0% 2025:-0.7% 2026:-2.0%",TRUE,FALSE,FALSE,FALSE,FALSE,TRUE,FALSE,"F1,F2,F5,F6,F7",FALSE,NA
"14","Keltner_Squeeze_Breakout","GOLD_MINUTE_5","GOLD","period=30, bb_mult=2, kc_mult=1, atr_period=10, sl_atr_mult=2.5, tp_atr_mult=2",30,2,1,10,2.5,2,0.22,"next_open",72576,171799,73629,-1.32,-0.198,0.827,422,-0.334,-0.043,-0.271,-0.0073,-0.027,-0.0074,0.4032,0.952,124,0.011,-0.0247,"2023:-2.5% 2024:-0.2% 2025:-0.3% 2026:-1.7%",TRUE,FALSE,FALSE,FALSE,FALSE,TRUE,FALSE,"F1,F2,F5,F6,F7",FALSE,NA
"15","Keltner_Squeeze_Breakout","GOLD_MINUTE_5","GOLD","period=50, bb_mult=2, kc_mult=1, atr_period=10, sl_atr_mult=2.5, tp_atr_mult=2",50,2,1,10,2.5,2,0.22,"next_open",72576,171799,73629,-1.204,-0.061,0.612,55,-1.379,-0.029,-0.926,-0.0027,-0.0029,-0.0028,0.25,0.036,4,0.001,-0.0092,"2023:-0.9% 2024:-0.6% 2025:+0.1% 2026:-0.1%",TRUE,FALSE,FALSE,FALSE,FALSE,FALSE,FALSE,"F1,F2,F5,F6,F7",FALSE,NA
"16","Keltner_Squeeze_Breakout","GOLD_MINUTE_5","GOLD","period=20, bb_mult=2, kc_mult=1.5, atr_period=10, sl_atr_mult=2.5, tp_atr_mult=2",20,2,1.5,10,2.5,2,0.22,"next_open",72576,171799,73629,-2.208,-1.113,0.915,4420,0.243,0.127,0.314,0.0272,-0.0866,0.0276,0.421,1.041,1893,0.196,-0.1452,"2023:-14.5% 2024:-9.0% 2025:-6.4% 2026:+4.2%",TRUE,FALSE,FALSE,FALSE,FALSE,TRUE,FALSE,"F1,F2,F5,F6,F7",FALSE,NA
"17","Keltner_Squeeze_Breakout","GOLD_MINUTE_5","GOLD","period=30, bb_mult=2, kc_mult=1.5, atr_period=10, sl_atr_mult=2.5, tp_atr_mult=2",30,2,1.5,10,2.5,2,0.22,"next_open",72576,171799,73629,-1.563,-0.581,0.915,2177,0.305,0.116,0.299,0.0243,-0.0813,0.0247,0.4387,1.051,914,0.105,-0.0701,"2023:-6.7% 2024:-2.5% 2025:-7.0% 2026:+3.8%",TRUE,FALSE,FALSE,FALSE,FALSE,TRUE,FALSE,"F1,F2,F5,F6,F7",FALSE,NA
"18","Keltner_Squeeze_Breakout","GOLD_MINUTE_5","GOLD","period=50, bb_mult=2, kc_mult=1.5, atr_period=10, sl_atr_mult=2.5, tp_atr_mult=2",50,2,1.5,10,2.5,2,0.22,"next_open",72576,171799,73629,-0.894,-0.178,0.907,617,0.157,0.029,0.117,0.0057,-0.0485,0.0058,0.4406,1.052,202,0.024,-0.0588,"2023:-5.9% 2024:+0.4% 2025:-1.2% 2026:+2.9%",TRUE,FALSE,FALSE,FALSE,FALSE,TRUE,FALSE,"F1,F2,F5,F6,F7",FALSE,NA
"19","Keltner_Squeeze_Breakout","GOLD_MINUTE_5","GOLD","period=20, bb_mult=2, kc_mult=1, atr_period=14, sl_atr_mult=2.5, tp_atr_mult=2",20,2,1,14,2.5,2,0.22,"next_open",72576,171799,73629,-1.368,-0.375,0.918,1537,-0.908,-0.25,-0.574,-0.0485,-0.0845,-0.0492,0.3696,0.925,606,0.051,-0.0523,"2023:-5.2% 2024:-5.1% 2025:-1.6% 2026:-1.8%",TRUE,FALSE,FALSE,FALSE,FALSE,TRUE,FALSE,"F1,F2,F5,F6,F7",FALSE,NA
"20","Keltner_Squeeze_Breakout","GOLD_MINUTE_5","GOLD","period=30, bb_mult=2, kc_mult=1, atr_period=14, sl_atr_mult=2.5, tp_atr_mult=2",30,2,1,14,2.5,2,0.22,"next_open",72576,171799,73629,-1.552,-0.227,0.797,422,-0.19,-0.024,-0.152,-0.0041,-0.027,-0.0042,0.4113,0.986,124,0.011,-0.0284,"2023:-2.8% 2024:-0.5% 2025:-0.3% 2026:-1.3%",TRUE,FALSE,FALSE,FALSE,FALSE,TRUE,FALSE,"F1,F2,F5,F6,F7",FALSE,NA
"21","Keltner_Squeeze_Breakout","GOLD_MINUTE_5","GOLD","period=50, bb_mult=2, kc_mult=1, atr_period=14, sl_atr_mult=2.5, tp_atr_mult=2",50,2,1,14,2.5,2,0.22,"next_open",72576,171799,73629,-1.042,-0.052,0.67,55,-1.379,-0.029,-0.926,-0.0027,-0.0029,-0.0028,0.25,0.036,4,0.001,-0.0092,"2023:-0.9% 2024:-0.4% 2025:+0.1% 2026:-0.1%",TRUE,FALSE,FALSE,FALSE,FALSE,FALSE,FALSE,"F1,F2,F5,F6,F7",FALSE,NA
"22","Keltner_Squeeze_Breakout","GOLD_MINUTE_5","GOLD","period=20, bb_mult=2, kc_mult=1.5, atr_period=14, sl_atr_mult=2.5, tp_atr_mult=2",20,2,1.5,14,2.5,2,0.22,"next_open",72576,171799,73629,-2.46,-1.231,0.903,4420,0.041,0.021,0.039,0.0044,-0.1125,0.0044,0.4221,1.028,1893,0.194,-0.1495,"2023:-14.9% 2024:-10.5% 2025:-7.1% 2026:+1.9%",TRUE,FALSE,FALSE,FALSE,FALSE,TRUE,FALSE,"F1,F2,F5,F6,F7",FALSE,NA
"23","Keltner_Squeeze_Breakout","GOLD_MINUTE_5","GOLD","period=30, bb_mult=2, kc_mult=1.5, atr_period=14, sl_atr_mult=2.5, tp_atr_mult=2",30,2,1.5,14,2.5,2,0.22,"next_open",72576,171799,73629,-1.897,-0.694,0.892,2177,0.1,0.037,0.09,0.0075,-0.0839,0.0076,0.4442,1.033,914,0.102,-0.0778,"2023:-7.2% 2024:-4.2% 2025:-7.8% 2026:+2.2%",TRUE,FALSE,FALSE,FALSE,FALSE,TRUE,FALSE,"F1,F2,F5,F6,F7",FALSE,NA
"24","Keltner_Squeeze_Breakout","GOLD_MINUTE_5","GOLD","period=50, bb_mult=2, kc_mult=1.5, atr_period=14, sl_atr_mult=2.5, tp_atr_mult=2",50,2,1.5,14,2.5,2,0.22,"next_open",72576,171799,73629,-1.072,-0.21,0.885,617,-0.095,-0.017,-0.074,-0.0033,-0.0453,-0.0034,0.4307,1.007,202,0.024,-0.0585,"2023:-5.9% 2024:-0.5% 2025:-1.2% 2026:+2.1%",TRUE,FALSE,FALSE,FALSE,FALSE,TRUE,FALSE,"F1,F2,F5,F6,F7",FALSE,NA
"25","Keltner_Squeeze_Breakout","GOLD_MINUTE_5","GOLD","period=20, bb_mult=2, kc_mult=1, atr_period=10, sl_atr_mult=1.5, tp_atr_mult=3",20,2,1,10,1.5,3,0.22,"next_open",72576,171799,73629,-1.249,-0.369,0.92,1537,-0.102,-0.03,-0.099,-0.0062,-0.062,-0.0062,0.3036,1.016,606,0.059,-0.0579,"2023:-5.8% 2024:-4.0% 2025:-1.4% 2026:+1.8%",TRUE,FALSE,FALSE,FALSE,FALSE,TRUE,FALSE,"F1,F2,F5,F6,F7",FALSE,NA
"26","Keltner_Squeeze_Breakout","GOLD_MINUTE_5","GOLD","period=30, bb_mult=2, kc_mult=1, atr_period=10, sl_atr_mult=1.5, tp_atr_mult=3",30,2,1,10,1.5,3,0.22,"next_open",72576,171799,73629,-1.344,-0.216,0.813,422,0.246,0.032,0.233,0.0058,-0.0248,0.0058,0.3468,1.091,124,0.013,-0.0362,"2023:-3.6% 2024:+0.7% 2025:+1.3% 2026:-1.8%",TRUE,FALSE,FALSE,FALSE,FALSE,TRUE,FALSE,"F1,F2,F5,F6,F7",FALSE,NA
"27","Keltner_Squeeze_Breakout","GOLD_MINUTE_5","GOLD","period=50, bb_mult=2, kc_mult=1, atr_period=10, sl_atr_mult=1.5, tp_atr_mult=3",50,2,1,10,1.5,3,0.22,"next_open",72576,171799,73629,-1.145,-0.06,0.565,55,-1.265,-0.029,-0.923,-0.0026,-0.0028,-0.0026,0.25,0.081,4,0.001,-0.0106,"2023:-1.1% 2024:-0.4% 2025:+0.1% 2026:-0.1%",TRUE,FALSE,FALSE,FALSE,FALSE,FALSE,FALSE,"F1,F2,F5,F6,F7",FALSE,NA
"28","Keltner_Squeeze_Breakout","GOLD_MINUTE_5","GOLD","period=20, bb_mult=2, kc_mult=1.5, atr_period=10, sl_atr_mult=1.5, tp_atr_mult=3",20,2,1.5,10,1.5,3,0.22,"next_open",72576,171799,73629,-2.648,-1.389,0.88,4420,-0.104,-0.057,-0.089,-0.0122,-0.1379,-0.0124,0.3376,1.018,1893,0.223,-0.1552,"2023:-15.5% 2024:-9.2% 2025:-11.3% 2026:-1.6%",TRUE,FALSE,FALSE,FALSE,FALSE,TRUE,FALSE,"F1,F2,F5,F6,F7",FALSE,NA
"29","Keltner_Squeeze_Breakout","GOLD_MINUTE_5","GOLD","period=30, bb_mult=2, kc_mult=1.5, atr_period=10, sl_atr_mult=1.5, tp_atr_mult=3",30,2,1.5,10,1.5,3,0.22,"next_open",72576,171799,73629,-1.593,-0.611,0.906,2177,1.887,0.778,3.033,0.1702,-0.0561,0.1728,0.3392,1.215,914,0.119,-0.0762,"2023:-7.6% 2024:-3.1% 2025:+0.3% 2026:+10.8%",TRUE,TRUE,FALSE,TRUE,FALSE,TRUE,FALSE,"F1,F2,F5,F6,F7",FALSE,NA
"30","Keltner_Squeeze_Breakout","GOLD_MINUTE_5","GOLD","period=50, bb_mult=2, kc_mult=1.5, atr_period=10, sl_atr_mult=1.5, tp_atr_mult=3",50,2,1.5,10,1.5,3,0.22,"next_open",72576,171799,73629,-0.478,-0.097,0.969,617,1.303,0.289,1.513,0.0571,-0.0377,0.058,0.3317,1.327,202,0.027,-0.037,"2023:-3.7% 2024:+0.6% 2025:+0.3% 2026:+6.3%",TRUE,TRUE,FALSE,TRUE,FALSE,TRUE,FALSE,"F1,F2,F5,F6,F7",FALSE,NA
"31","Keltner_Squeeze_Breakout","GOLD_MINUTE_5","GOLD","period=20, bb_mult=2, kc_mult=1, atr_period=14, sl_atr_mult=1.5, tp_atr_mult=3",20,2,1,14,1.5,3,0.22,"next_open",72576,171799,73629,-1.182,-0.35,0.927,1537,-0.07,-0.021,-0.066,-0.0042,-0.0637,-0.0042,0.3069,1.021,606,0.058,-0.0575,"2023:-5.8% 2024:-4.2% 2025:-0.7% 2026:+2.1%",TRUE,FALSE,FALSE,FALSE,FALSE,TRUE,FALSE,"F1,F2,F5,F6,F7",FALSE,NA
"32","Keltner_Squeeze_Breakout","GOLD_MINUTE_5","GOLD","period=30, bb_mult=2, kc_mult=1, atr_period=14, sl_atr_mult=1.5, tp_atr_mult=3",30,2,1,14,1.5,3,0.22,"next_open",72576,171799,73629,-1.532,-0.245,0.785,422,0.243,0.032,0.23,0.0057,-0.0248,0.0058,0.3548,1.091,124,0.013,-0.0379,"2023:-3.8% 2024:+0.4% 2025:+1.2% 2026:-1.7%",TRUE,FALSE,FALSE,FALSE,FALSE,TRUE,FALSE,"F1,F2,F5,F6,F7",FALSE,NA
"33","Keltner_Squeeze_Breakout","GOLD_MINUTE_5","GOLD","period=50, bb_mult=2, kc_mult=1, atr_period=14, sl_atr_mult=1.5, tp_atr_mult=3",50,2,1,14,1.5,3,0.22,"next_open",72576,171799,73629,-0.941,-0.05,0.646,55,-1.265,-0.029,-0.923,-0.0026,-0.0028,-0.0026,0.25,0.081,4,0.001,-0.0086,"2023:-0.9% 2024:-0.4% 2025:+0.1% 2026:-0.1%",TRUE,FALSE,FALSE,FALSE,FALSE,FALSE,FALSE,"F1,F2,F5,F6,F7",FALSE,NA
"34","Keltner_Squeeze_Breakout","GOLD_MINUTE_5","GOLD","period=20, bb_mult=2, kc_mult=1.5, atr_period=14, sl_atr_mult=1.5, tp_atr_mult=3",20,2,1.5,14,1.5,3,0.22,"next_open",72576,171799,73629,-2.783,-1.448,0.874,4420,-0.148,-0.081,-0.127,-0.0172,-0.1362,-0.0175,0.3386,1.015,1893,0.22,-0.1442,"2023:-14.4% 2024:-10.4% 2025:-12.8% 2026:-1.5%",TRUE,FALSE,FALSE,FALSE,FALSE,TRUE,FALSE,"F1,F2,F5,F6,F7",FALSE,NA
"35","Keltner_Squeeze_Breakout","GOLD_MINUTE_5","GOLD","period=30, bb_mult=2, kc_mult=1.5, atr_period=14, sl_atr_mult=1.5, tp_atr_mult=3",30,2,1.5,14,1.5,3,0.22,"next_open",72576,171799,73629,-1.451,-0.552,0.919,2177,1.799,0.737,3.039,0.1579,-0.052,0.1603,0.3414,1.205,914,0.116,-0.0647,"2023:-6.5% 2024:-3.4% 2025:+0.6% 2026:+10.1%",TRUE,TRUE,FALSE,TRUE,FALSE,TRUE,FALSE,"F1,F2,F5,F6,F7",FALSE,NA
"36","Keltner_Squeeze_Breakout","GOLD_MINUTE_5","GOLD","period=50, bb_mult=2, kc_mult=1.5, atr_period=14, sl_atr_mult=1.5, tp_atr_mult=3",50,2,1.5,14,1.5,3,0.22,"next_open",72576,171799,73629,-0.565,-0.113,0.956,617,1.173,0.254,1.208,0.0495,-0.041,0.0503,0.3317,1.294,202,0.025,-0.0321,"2023:-3.2% 2024:-0.2% 2025:-0.9% 2026:+6.7%",TRUE,TRUE,FALSE,TRUE,FALSE,TRUE,FALSE,"F1,F2,F5,F6,F7",FALSE,NA
"37","Keltner_Squeeze_Breakout","GOLD_MINUTE_5","GOLD","period=20, bb_mult=2, kc_mult=1, atr_period=10, sl_atr_mult=2.5, tp_atr_mult=3",20,2,1,10,2.5,3,0.22,"next_open",72576,171799,73629,-1.263,-0.381,0.916,1537,-0.049,-0.015,-0.044,-0.003,-0.0679,-0.0031,0.3086,1.022,606,0.063,-0.058,"2023:-5.8% 2024:-4.1% 2025:-1.4% 2026:+1.8%",TRUE,FALSE,FALSE,FALSE,FALSE,TRUE,FALSE,"F1,F2,F5,F6,F7",FALSE,NA
"38","Keltner_Squeeze_Breakout","GOLD_MINUTE_5","GOLD","period=30, bb_mult=2, kc_mult=1, atr_period=10, sl_atr_mult=2.5, tp_atr_mult=3",30,2,1,10,2.5,3,0.22,"next_open",72576,171799,73629,-0.956,-0.16,0.876,422,-0.034,-0.005,-0.033,-8e-04,-0.0248,-8e-04,0.3468,1.019,124,0.014,-0.0276,"2023:-2.8% 2024:+0.3% 2025:+1.3% 2026:-2.1%",TRUE,FALSE,FALSE,FALSE,FALSE,TRUE,FALSE,"F1,F2,F5,F6,F7",FALSE,NA
"39","Keltner_Squeeze_Breakout","GOLD_MINUTE_5","GOLD","period=50, bb_mult=2, kc_mult=1, atr_period=10, sl_atr_mult=2.5, tp_atr_mult=3",50,2,1,10,2.5,3,0.22,"next_open",72576,171799,73629,-1.487,-0.083,0.484,55,-1.551,-0.037,-0.937,-0.0034,-0.0036,-0.0034,0,0,4,0.001,-0.0124,"2023:-1.2% 2024:-0.7% 2025:-0.0% 2026:-0.1%",TRUE,FALSE,FALSE,FALSE,FALSE,FALSE,FALSE,"F1,F2,F5,F6,F7",FALSE,NA
"40","Keltner_Squeeze_Breakout","GOLD_MINUTE_5","GOLD","period=20, bb_mult=2, kc_mult=1.5, atr_period=10, sl_atr_mult=2.5, tp_atr_mult=3",20,2,1.5,10,2.5,3,0.22,"next_open",72576,171799,73629,-2.488,-1.36,0.888,4420,0.179,0.103,0.171,0.0227,-0.1325,0.023,0.3571,1.036,1893,0.246,-0.1622,"2023:-16.2% 2024:-10.2% 2025:-9.5% 2026:+2.4%",TRUE,FALSE,FALSE,FALSE,FALSE,TRUE,FALSE,"F1,F2,F5,F6,F7",FALSE,NA
"41","Keltner_Squeeze_Breakout","GOLD_MINUTE_5","GOLD","period=30, bb_mult=2, kc_mult=1.5, atr_period=10, sl_atr_mult=2.5, tp_atr_mult=3",30,2,1.5,10,2.5,3,0.22,"next_open",72576,171799,73629,-1.489,-0.614,0.911,2177,1.439,0.626,2.077,0.1408,-0.0678,0.143,0.3556,1.161,914,0.138,-0.0715,"2023:-7.2% 2024:-4.3% 2025:-5.0% 2026:+14.3%",TRUE,FALSE,FALSE,TRUE,FALSE,TRUE,FALSE,"F1,F2,F5,F6,F7",FALSE,NA
"42","Keltner_Squeeze_Breakout","GOLD_MINUTE_5","GOLD","period=50, bb_mult=2, kc_mult=1.5, atr_period=10, sl_atr_mult=2.5, tp_atr_mult=3",50,2,1.5,10,2.5,3,0.22,"next_open",72576,171799,73629,-0.773,-0.175,0.919,617,1.049,0.246,0.929,0.049,-0.0527,0.0497,0.3663,1.24,202,0.033,-0.0525,"2023:-5.2% 2024:+0.4% 2025:-0.3% 2026:+5.8%",TRUE,TRUE,FALSE,TRUE,FALSE,TRUE,FALSE,"F1,F2,F5,F6,F7",FALSE,NA
"43","Keltner_Squeeze_Breakout","GOLD_MINUTE_5","GOLD","period=20, bb_mult=2, kc_mult=1, atr_period=14, sl_atr_mult=2.5, tp_atr_mult=3",20,2,1,14,2.5,3,0.22,"next_open",72576,171799,73629,-1.358,-0.41,0.906,1537,-0.153,-0.046,-0.139,-0.0093,-0.0668,-0.0094,0.3086,1.009,606,0.063,-0.059,"2023:-5.9% 2024:-5.4% 2025:-1.0% 2026:+1.5%",TRUE,FALSE,FALSE,FALSE,FALSE,TRUE,FALSE,"F1,F2,F5,F6,F7",FALSE,NA
"44","Keltner_Squeeze_Breakout","GOLD_MINUTE_5","GOLD","period=30, bb_mult=2, kc_mult=1, atr_period=14, sl_atr_mult=2.5, tp_atr_mult=3",30,2,1,14,2.5,3,0.22,"next_open",72576,171799,73629,-1.25,-0.206,0.828,422,-0.027,-0.004,-0.026,-6e-04,-0.025,-7e-04,0.3548,1.021,124,0.014,-0.0358,"2023:-3.6% 2024:+0.1% 2025:+1.3% 2026:-2.0%",TRUE,FALSE,FALSE,FALSE,FALSE,TRUE,FALSE,"F1,F2,F5,F6,F7",FALSE,NA
"45","Keltner_Squeeze_Breakout","GOLD_MINUTE_5","GOLD","period=50, bb_mult=2, kc_mult=1, atr_period=14, sl_atr_mult=2.5, tp_atr_mult=3",50,2,1,14,2.5,3,0.22,"next_open",72576,171799,73629,-1.321,-0.073,0.555,55,-1.551,-0.037,-0.937,-0.0034,-0.0036,-0.0034,0,0,4,0.001,-0.0104,"2023:-1.0% 2024:-0.7% 2025:+0.0% 2026:-0.1%",TRUE,FALSE,FALSE,FALSE,FALSE,FALSE,FALSE,"F1,F2,F5,F6,F7",FALSE,NA
"46","Keltner_Squeeze_Breakout","GOLD_MINUTE_5","GOLD","period=20, bb_mult=2, kc_mult=1.5, atr_period=14, sl_atr_mult=2.5, tp_atr_mult=3",20,2,1.5,14,2.5,3,0.22,"next_open",72576,171799,73629,-2.762,-1.497,0.874,4420,0.261,0.149,0.27,0.0329,-0.1219,0.0334,0.3613,1.041,1893,0.243,-0.1718,"2023:-17.2% 2024:-11.5% 2025:-9.2% 2026:+2.2%",TRUE,FALSE,FALSE,FALSE,FALSE,TRUE,FALSE,"F1,F2,F5,F6,F7",FALSE,NA
"47","Keltner_Squeeze_Breakout","GOLD_MINUTE_5","GOLD","period=30, bb_mult=2, kc_mult=1.5, atr_period=14, sl_atr_mult=2.5, tp_atr_mult=3",30,2,1.5,14,2.5,3,0.22,"next_open",72576,171799,73629,-1.578,-0.644,0.907,2177,1.281,0.551,1.809,0.1223,-0.0676,0.1242,0.36,1.145,914,0.135,-0.0802,"2023:-8.0% 2024:-4.5% 2025:-4.5% 2026:+12.4%",TRUE,FALSE,FALSE,TRUE,FALSE,TRUE,FALSE,"F1,F2,F5,F6,F7",FALSE,NA
"48","Keltner_Squeeze_Breakout","GOLD_MINUTE_5","GOLD","period=50, bb_mult=2, kc_mult=1.5, atr_period=14, sl_atr_mult=2.5, tp_atr_mult=3",50,2,1.5,14,2.5,3,0.22,"next_open",72576,171799,73629,-0.928,-0.205,0.899,617,0.765,0.177,0.667,0.0342,-0.0512,0.0347,0.3614,1.179,202,0.032,-0.0597,"2023:-6.0% 2024:+0.6% 2025:-1.6% 2026:+5.4%",TRUE,FALSE,FALSE,TRUE,FALSE,TRUE,FALSE,"F1,F2,F5,F6,F7",FALSE,NA
"49","Keltner_Squeeze_Breakout","GOLD_MINUTE_15","GOLD","period=20, bb_mult=2, kc_mult=1, atr_period=10, sl_atr_mult=1.5, tp_atr_mult=2",20,2,1,10,1.5,2,0.22,"next_open",24192,57306,24560,-0.685,-0.217,0.931,657,1.664,0.491,3.015,0.1031,-0.0342,0.1048,0.4434,1.412,212,0.049,-0.0306,"2023:-2.7% 2024:-3.1% 2025:+6.2% 2026:+4.9%",TRUE,TRUE,FALSE,TRUE,FALSE,TRUE,FALSE,"F1,F2,F5,F6,F7",FALSE,NA
"50","Keltner_Squeeze_Breakout","GOLD_MINUTE_15","GOLD","period=30, bb_mult=2, kc_mult=1, atr_period=10, sl_atr_mult=1.5, tp_atr_mult=2",30,2,1,10,1.5,2,0.22,"next_open",24192,57306,24560,0.321,0.056,1.122,176,0.686,0.103,0.818,0.0159,-0.0194,0.0161,0.4348,1.292,46,0.015,-0.0118,"2023:-1.2% 2024:+0.4% 2025:+2.6% 2026:+0.8%",TRUE,TRUE,FALSE,TRUE,TRUE,TRUE,FALSE,"F1,F2,F5,F6,F7",FALSE,NA
"51","Keltner_Squeeze_Breakout","GOLD_MINUTE_15","GOLD","period=50, bb_mult=2, kc_mult=1, atr_period=10, sl_atr_mult=1.5, tp_atr_mult=2",50,2,1,10,1.5,2,0.22,"next_open",24192,57306,24560,0.037,0.002,1.084,10,-1.156,-0.036,-0.985,-0.0032,-0.0033,-0.0033,0,0,2,0.001,-0.0018,"2023:-0.0% 2024:+0.1% 2025:-0.2% 2026:-0.2%",TRUE,FALSE,FALSE,FALSE,TRUE,FALSE,FALSE,"F1,F2,F5,F6,F7",FALSE,NA
"52","Keltner_Squeeze_Breakout","GOLD_MINUTE_15","GOLD","period=20, bb_mult=2, kc_mult=1.5, atr_period=10, sl_atr_mult=1.5, tp_atr_mult=2",20,2,1.5,10,1.5,2,0.22,"next_open",24192,57306,24560,0.287,0.144,1.057,1503,1.898,1.062,3.962,0.2394,-0.0604,0.2435,0.4332,1.252,651,0.177,-0.0186,"2023:-1.9% 2024:-1.3% 2025:+14.5% 2026:+17.4%",TRUE,TRUE,TRUE,TRUE,TRUE,TRUE,FALSE,"F1,F2,F5,F6,F7",FALSE,NA
"53","Keltner_Squeeze_Breakout","GOLD_MINUTE_15","GOLD","period=30, bb_mult=2, kc_mult=1.5, atr_period=10, sl_atr_mult=1.5, tp_atr_mult=2",30,2,1.5,10,1.5,2,0.22,"next_open",24192,57306,24560,-1.189,-0.41,0.871,783,0.179,0.071,0.188,0.0152,-0.0808,0.0155,0.3856,1.045,306,0.093,-0.0575,"2023:-3.0% 2024:-5.7% 2025:-5.8% 2026:+4.9%",TRUE,FALSE,FALSE,FALSE,FALSE,TRUE,FALSE,"F1,F2,F5,F6,F7",FALSE,NA
"54","Keltner_Squeeze_Breakout","GOLD_MINUTE_15","GOLD","period=50, bb_mult=2, kc_mult=1.5, atr_period=10, sl_atr_mult=1.5, tp_atr_mult=2",50,2,1.5,10,1.5,2,0.22,"next_open",24192,57306,24560,0.219,0.043,1.084,202,1.574,0.292,2.783,0.0671,-0.0241,0.0682,0.4776,1.697,67,0.02,-0.0137,"2023:-1.4% 2024:+2.2% 2025:+2.7% 2026:+4.3%",TRUE,TRUE,FALSE,TRUE,TRUE,TRUE,FALSE,"F1,F2,F5,F6,F7",FALSE,NA
"55","Keltner_Squeeze_Breakout","GOLD_MINUTE_15","GOLD","period=20, bb_mult=2, kc_mult=1, atr_period=14, sl_atr_mult=1.5, tp_atr_mult=2",20,2,1,14,1.5,2,0.22,"next_open",24192,57306,24560,-0.961,-0.3,0.894,657,1.629,0.48,2.864,0.0985,-0.0344,0.1001,0.4387,1.394,212,0.046,-0.0363,"2023:-3.5% 2024:-3.6% 2025:+5.7% 2026:+4.4%",TRUE,TRUE,FALSE,TRUE,FALSE,TRUE,FALSE,"F1,F2,F5,F6,F7",FALSE,NA
"56","Keltner_Squeeze_Breakout","GOLD_MINUTE_15","GOLD","period=30, bb_mult=2, kc_mult=1, atr_period=14, sl_atr_mult=1.5, tp_atr_mult=2",30,2,1,14,1.5,2,0.22,"next_open",24192,57306,24560,0.198,0.034,1.087,176,0.813,0.114,0.966,0.018,-0.0186,0.0183,0.4565,1.375,46,0.012,-0.0107,"2023:-1.1% 2024:+0.2% 2025:+2.6% 2026:+0.8%",TRUE,TRUE,FALSE,TRUE,TRUE,TRUE,FALSE,"F1,F2,F5,F6,F7",FALSE,NA
"57","Keltner_Squeeze_Breakout","GOLD_MINUTE_15","GOLD","period=50, bb_mult=2, kc_mult=1, atr_period=14, sl_atr_mult=1.5, tp_atr_mult=2",50,2,1,14,1.5,2,0.22,"next_open",24192,57306,24560,0.037,0.002,1.084,10,-1.156,-0.036,-0.985,-0.0032,-0.0033,-0.0033,0,0,2,0.001,-0.0018,"2023:-0.0% 2024:+0.1% 2025:-0.2% 2026:-0.2%",TRUE,FALSE,FALSE,FALSE,TRUE,FALSE,FALSE,"F1,F2,F5,F6,F7",FALSE,NA
"58","Keltner_Squeeze_Breakout","GOLD_MINUTE_15","GOLD","period=20, bb_mult=2, kc_mult=1.5, atr_period=14, sl_atr_mult=1.5, tp_atr_mult=2",20,2,1.5,14,1.5,2,0.22,"next_open",24192,57306,24560,-0.024,-0.012,1.024,1503,1.23,0.668,2.312,0.1445,-0.0625,0.1469,0.424,1.163,651,0.168,-0.037,"2023:-3.7% 2024:-3.7% 2025:+11.9% 2026:+10.8%",TRUE,FALSE,FALSE,TRUE,TRUE,TRUE,FALSE,"F1,F2,F5,F6,F7",FALSE,NA
"59","Keltner_Squeeze_Breakout","GOLD_MINUTE_15","GOLD","period=30, bb_mult=2, kc_mult=1.5, atr_period=14, sl_atr_mult=1.5, tp_atr_mult=2",30,2,1.5,14,1.5,2,0.22,"next_open",24192,57306,24560,-1.246,-0.424,0.866,783,0.09,0.035,0.104,0.0075,-0.0719,0.0076,0.3856,1.03,306,0.089,-0.0583,"2023:-3.4% 2024:-5.8% 2025:-5.2% 2026:+3.9%",TRUE,FALSE,FALSE,FALSE,FALSE,TRUE,FALSE,"F1,F2,F5,F6,F7",FALSE,NA
"60","Keltner_Squeeze_Breakout","GOLD_MINUTE_15","GOLD","period=50, bb_mult=2, kc_mult=1.5, atr_period=14, sl_atr_mult=1.5, tp_atr_mult=2",50,2,1.5,14,1.5,2,0.22,"next_open",24192,57306,24560,-0.002,0,1.025,202,1.568,0.293,2.618,0.0631,-0.0241,0.0641,0.4925,1.659,67,0.02,-0.0172,"2023:-1.7% 2024:+1.6% 2025:+3.1% 2026:+3.2%",TRUE,TRUE,FALSE,TRUE,TRUE,TRUE,FALSE,"F1,F2,F5,F6,F7",FALSE,NA
"61","Keltner_Squeeze_Breakout","GOLD_MINUTE_15","GOLD","period=20, bb_mult=2, kc_mult=1, atr_period=10, sl_atr_mult=2.5, tp_atr_mult=2",20,2,1,10,2.5,2,0.22,"next_open",24192,57306,24560,-1.132,-0.364,0.871,657,1.542,0.458,2.761,0.0995,-0.0361,0.1011,0.4623,1.37,212,0.054,-0.0411,"2023:-3.3% 2024:-4.1% 2025:+3.6% 2026:+5.1%",TRUE,TRUE,FALSE,TRUE,FALSE,TRUE,FALSE,"F1,F2,F5,F6,F7",FALSE,NA
"62","Keltner_Squeeze_Breakout","GOLD_MINUTE_15","GOLD","period=30, bb_mult=2, kc_mult=1, atr_period=10, sl_atr_mult=2.5, tp_atr_mult=2",30,2,1,10,2.5,2,0.22,"next_open",24192,57306,24560,0.291,0.053,1.109,176,0.646,0.098,0.671,0.0161,-0.024,0.0163,0.4565,1.288,46,0.016,-0.0142,"2023:-1.4% 2024:+0.5% 2025:+3.3% 2026:+0.4%",TRUE,TRUE,FALSE,TRUE,TRUE,TRUE,FALSE,"F1,F2,F5,F6,F7",FALSE,NA
"63","Keltner_Squeeze_Breakout","GOLD_MINUTE_15","GOLD","period=50, bb_mult=2, kc_mult=1, atr_period=10, sl_atr_mult=2.5, tp_atr_mult=2",50,2,1,10,2.5,2,0.22,"next_open",24192,57306,24560,0.398,0.018,1.599,10,-1.156,-0.036,-0.985,-0.0032,-0.0033,-0.0033,0,0,2,0.001,-0.0018,"2023:+0.2% 2024:+0.0% 2025:-0.2% 2026:-0.2%",TRUE,FALSE,FALSE,FALSE,TRUE,FALSE,FALSE,"F1,F2,F5,F6,F7",FALSE,NA
"64","Keltner_Squeeze_Breakout","GOLD_MINUTE_15","GOLD","period=20, bb_mult=2, kc_mult=1.5, atr_period=10, sl_atr_mult=2.5, tp_atr_mult=2",20,2,1.5,10,2.5,2,0.22,"next_open",24192,57306,24560,0.192,0.099,1.044,1503,1.104,0.626,2.17,0.1409,-0.0649,0.1432,0.4393,1.146,651,0.199,-0.0234,"2023:-2.3% 2024:-2.0% 2025:+11.4% 2026:+11.1%",TRUE,FALSE,FALSE,TRUE,TRUE,TRUE,FALSE,"F1,F2,F5,F6,F7",FALSE,NA
"65","Keltner_Squeeze_Breakout","GOLD_MINUTE_15","GOLD","period=30, bb_mult=2, kc_mult=1.5, atr_period=10, sl_atr_mult=2.5, tp_atr_mult=2",30,2,1.5,10,2.5,2,0.22,"next_open",24192,57306,24560,-1.357,-0.498,0.853,783,0.437,0.184,0.413,0.0399,-0.0968,0.0406,0.4281,1.089,306,0.111,-0.0633,"2023:-4.3% 2024:-6.3% 2025:-3.3% 2026:+3.9%",TRUE,FALSE,FALSE,FALSE,FALSE,TRUE,FALSE,"F1,F2,F5,F6,F7",FALSE,NA
"66","Keltner_Squeeze_Breakout","GOLD_MINUTE_15","GOLD","period=50, bb_mult=2, kc_mult=1.5, atr_period=10, sl_atr_mult=2.5, tp_atr_mult=2",50,2,1.5,10,2.5,2,0.22,"next_open",24192,57306,24560,0.234,0.048,1.081,202,1.846,0.371,3.138,0.0819,-0.0261,0.0832,0.5373,1.828,67,0.026,-0.0171,"2023:-1.7% 2024:+3.0% 2025:+3.9% 2026:+4.3%",TRUE,TRUE,FALSE,TRUE,TRUE,TRUE,FALSE,"F1,F2,F5,F6,F7",FALSE,NA
"67","Keltner_Squeeze_Breakout","GOLD_MINUTE_15","GOLD","period=20, bb_mult=2, kc_mult=1, atr_period=14, sl_atr_mult=2.5, tp_atr_mult=2",20,2,1,14,2.5,2,0.22,"next_open",24192,57306,24560,-1.23,-0.392,0.859,657,1.488,0.44,2.662,0.096,-0.0361,0.0975,0.4575,1.354,212,0.053,-0.0454,"2023:-3.0% 2024:-4.5% 2025:+3.4% 2026:+4.6%",TRUE,TRUE,FALSE,TRUE,FALSE,TRUE,FALSE,"F1,F2,F5,F6,F7",FALSE,NA
"68","Keltner_Squeeze_Breakout","GOLD_MINUTE_15","GOLD","period=30, bb_mult=2, kc_mult=1, atr_period=14, sl_atr_mult=2.5, tp_atr_mult=2",30,2,1,14,2.5,2,0.22,"next_open",24192,57306,24560,0.255,0.045,1.098,176,0.483,0.07,0.487,0.0118,-0.0241,0.0119,0.4783,1.219,46,0.015,-0.0115,"2023:-1.1% 2024:+0.3% 2025:+3.0% 2026:+0.0%",TRUE,TRUE,FALSE,FALSE,TRUE,TRUE,FALSE,"F1,F2,F5,F6,F7",FALSE,NA
"69","Keltner_Squeeze_Breakout","GOLD_MINUTE_15","GOLD","period=50, bb_mult=2, kc_mult=1, atr_period=14, sl_atr_mult=2.5, tp_atr_mult=2",50,2,1,14,2.5,2,0.22,"next_open",24192,57306,24560,0.398,0.018,1.599,10,-1.156,-0.036,-0.985,-0.0032,-0.0033,-0.0033,0,0,2,0.001,-0.0018,"2023:+0.2% 2024:+0.0% 2025:-0.2% 2026:-0.2%",TRUE,FALSE,FALSE,FALSE,TRUE,FALSE,FALSE,"F1,F2,F5,F6,F7",FALSE,NA
"70","Keltner_Squeeze_Breakout","GOLD_MINUTE_15","GOLD","period=20, bb_mult=2, kc_mult=1.5, atr_period=14, sl_atr_mult=2.5, tp_atr_mult=2",20,2,1.5,14,2.5,2,0.22,"next_open",24192,57306,24560,-0.027,-0.014,1.021,1503,0.775,0.433,1.381,0.0952,-0.0689,0.0967,0.4363,1.105,651,0.194,-0.0482,"2023:-4.8% 2024:-2.8% 2025:+9.7% 2026:+8.3%",TRUE,FALSE,FALSE,TRUE,TRUE,TRUE,FALSE,"F1,F2,F5,F6,F7",FALSE,NA
"71","Keltner_Squeeze_Breakout","GOLD_MINUTE_15","GOLD","period=30, bb_mult=2, kc_mult=1.5, atr_period=14, sl_atr_mult=2.5, tp_atr_mult=2",30,2,1.5,14,2.5,2,0.22,"next_open",24192,57306,24560,-1.356,-0.494,0.855,783,0.435,0.181,0.449,0.039,-0.0867,0.0396,0.4281,1.087,306,0.108,-0.0625,"2023:-4.2% 2024:-6.2% 2025:-3.8% 2026:+4.5%",TRUE,FALSE,FALSE,FALSE,FALSE,TRUE,FALSE,"F1,F2,F5,F6,F7",FALSE,NA
"72","Keltner_Squeeze_Breakout","GOLD_MINUTE_15","GOLD","period=50, bb_mult=2, kc_mult=1.5, atr_period=14, sl_atr_mult=2.5, tp_atr_mult=2",50,2,1.5,14,2.5,2,0.22,"next_open",24192,57306,24560,0.306,0.064,1.101,202,1.662,0.328,2.758,0.072,-0.0261,0.0731,0.5522,1.732,67,0.025,-0.0077,"2023:-0.8% 2024:+2.7% 2025:+3.8% 2026:+3.1%",TRUE,TRUE,FALSE,TRUE,TRUE,TRUE,FALSE,"F1,F2,F5,F6,F7",FALSE,NA
"73","Keltner_Squeeze_Breakout","GOLD_MINUTE_15","GOLD","period=20, bb_mult=2, kc_mult=1, atr_period=10, sl_atr_mult=1.5, tp_atr_mult=3",20,2,1,10,1.5,3,0.22,"next_open",24192,57306,24560,-0.612,-0.206,0.934,657,1.081,0.34,1.33,0.0734,-0.0552,0.0745,0.3868,1.278,212,0.061,-0.0397,"2023:-2.7% 2024:-4.0% 2025:+9.6% 2026:-0.3%",TRUE,TRUE,FALSE,TRUE,FALSE,TRUE,FALSE,"F1,F2,F5,F6,F7",FALSE,NA
"74","Keltner_Squeeze_Breakout","GOLD_MINUTE_15","GOLD","period=30, bb_mult=2, kc_mult=1, atr_period=10, sl_atr_mult=1.5, tp_atr_mult=3",30,2,1,10,1.5,3,0.22,"next_open",24192,57306,24560,0.925,0.177,1.3,176,0.785,0.129,0.95,0.0211,-0.0222,0.0214,0.3478,1.361,46,0.018,-0.0039,"2023:-0.4% 2024:+0.4% 2025:+5.2% 2026:+0.6%",TRUE,TRUE,FALSE,TRUE,TRUE,TRUE,FALSE,"F1,F2,F5,F6,F7",FALSE,NA
"75","Keltner_Squeeze_Breakout","GOLD_MINUTE_15","GOLD","period=50, bb_mult=2, kc_mult=1, atr_period=10, sl_atr_mult=1.5, tp_atr_mult=3",50,2,1,10,1.5,3,0.22,"next_open",24192,57306,24560,0.404,0.018,1.538,10,-1.156,-0.036,-0.985,-0.0032,-0.0033,-0.0033,0,0,2,0.001,-0.0018,"2023:+0.2% 2024:+0.1% 2025:-0.2% 2026:-0.2%",TRUE,FALSE,FALSE,FALSE,TRUE,FALSE,FALSE,"F1,F2,F5,F6,F7",FALSE,NA
"76","Keltner_Squeeze_Breakout","GOLD_MINUTE_15","GOLD","period=20, bb_mult=2, kc_mult=1.5, atr_period=10, sl_atr_mult=1.5, tp_atr_mult=3",20,2,1.5,10,1.5,3,0.22,"next_open",24192,57306,24560,0.462,0.254,1.077,1503,1.759,1.059,4.377,0.2468,-0.0564,0.251,0.3717,1.249,651,0.226,-0.0328,"2023:-3.3% 2024:-0.3% 2025:+18.2% 2026:+18.6%",TRUE,TRUE,TRUE,TRUE,TRUE,TRUE,FALSE,"F1,F2,F5,F6,F7",FALSE,NA
"77","Keltner_Squeeze_Breakout","GOLD_MINUTE_15","GOLD","period=30, bb_mult=2, kc_mult=1.5, atr_period=10, sl_atr_mult=1.5, tp_atr_mult=3",30,2,1.5,10,1.5,3,0.22,"next_open",24192,57306,24560,-1.199,-0.459,0.859,783,0.723,0.315,0.833,0.0705,-0.0847,0.0716,0.3235,1.145,306,0.125,-0.0601,"2023:-4.4% 2024:-5.7% 2025:-6.0% 2026:+10.6%",TRUE,FALSE,FALSE,TRUE,FALSE,TRUE,FALSE,"F1,F2,F5,F6,F7",FALSE,NA
"78","Keltner_Squeeze_Breakout","GOLD_MINUTE_15","GOLD","period=50, bb_mult=2, kc_mult=1.5, atr_period=10, sl_atr_mult=1.5, tp_atr_mult=3",50,2,1.5,10,1.5,3,0.22,"next_open",24192,57306,24560,0.094,0.021,1.049,202,1.973,0.406,4.569,0.1053,-0.0231,0.107,0.4179,1.998,67,0.03,-0.0228,"2023:-2.3% 2024:+2.5% 2025:+3.1% 2026:+7.7%",TRUE,TRUE,FALSE,TRUE,TRUE,TRUE,FALSE,"F1,F2,F5,F6,F7",FALSE,NA
"79","Keltner_Squeeze_Breakout","GOLD_MINUTE_15","GOLD","period=20, bb_mult=2, kc_mult=1, atr_period=14, sl_atr_mult=1.5, tp_atr_mult=3",20,2,1,14,1.5,3,0.22,"next_open",24192,57306,24560,-0.782,-0.263,0.91,657,1.292,0.409,1.767,0.086,-0.0486,0.0873,0.3915,1.325,212,0.058,-0.0376,"2023:-3.8% 2024:-3.6% 2025:+9.5% 2026:+0.5%",TRUE,TRUE,FALSE,TRUE,FALSE,TRUE,FALSE,"F1,F2,F5,F6,F7",FALSE,NA
"80","Keltner_Squeeze_Breakout","GOLD_MINUTE_15","GOLD","period=30, bb_mult=2, kc_mult=1, atr_period=14, sl_atr_mult=1.5, tp_atr_mult=3",30,2,1,14,1.5,3,0.22,"next_open",24192,57306,24560,0.659,0.123,1.216,176,1.025,0.166,1.227,0.0272,-0.0222,0.0277,0.3478,1.515,46,0.017,-0.0076,"2023:-0.8% 2024:+0.1% 2025:+5.1% 2026:+0.8%",TRUE,TRUE,FALSE,TRUE,TRUE,TRUE,FALSE,"F1,F2,F5,F6,F7",FALSE,NA
"81","Keltner_Squeeze_Breakout","GOLD_MINUTE_15","GOLD","period=50, bb_mult=2, kc_mult=1, atr_period=14, sl_atr_mult=1.5, tp_atr_mult=3",50,2,1,14,1.5,3,0.22,"next_open",24192,57306,24560,0.404,0.018,1.538,10,-1.156,-0.036,-0.985,-0.0032,-0.0033,-0.0033,0,0,2,0.001,-0.0018,"2023:+0.2% 2024:+0.1% 2025:-0.2% 2026:-0.2%",TRUE,FALSE,FALSE,FALSE,TRUE,FALSE,FALSE,"F1,F2,F5,F6,F7",FALSE,NA
"82","Keltner_Squeeze_Breakout","GOLD_MINUTE_15","GOLD","period=20, bb_mult=2, kc_mult=1.5, atr_period=14, sl_atr_mult=1.5, tp_atr_mult=3",20,2,1.5,14,1.5,3,0.22,"next_open",24192,57306,24560,0.197,0.107,1.046,1503,1.505,0.897,3.676,0.2036,-0.0554,0.207,0.3656,1.209,651,0.218,-0.0477,"2023:-4.8% 2024:-1.4% 2025:+17.7% 2026:+13.1%",TRUE,TRUE,FALSE,TRUE,TRUE,TRUE,FALSE,"F1,F2,F5,F6,F7",FALSE,NA
"83","Keltner_Squeeze_Breakout","GOLD_MINUTE_15","GOLD","period=30, bb_mult=2, kc_mult=1.5, atr_period=14, sl_atr_mult=1.5, tp_atr_mult=3",30,2,1.5,14,1.5,3,0.22,"next_open",24192,57306,24560,-1.326,-0.503,0.845,783,0.372,0.158,0.418,0.0348,-0.0834,0.0354,0.3235,1.08,306,0.118,-0.0727,"2023:-4.8% 2024:-7.3% 2025:-4.9% 2026:+6.8%",TRUE,FALSE,FALSE,FALSE,FALSE,TRUE,FALSE,"F1,F2,F5,F6,F7",FALSE,NA
"84","Keltner_Squeeze_Breakout","GOLD_MINUTE_15","GOLD","period=50, bb_mult=2, kc_mult=1.5, atr_period=14, sl_atr_mult=1.5, tp_atr_mult=3",50,2,1.5,14,1.5,3,0.22,"next_open",24192,57306,24560,0.084,0.019,1.048,202,2.044,0.42,4.59,0.1058,-0.0231,0.1075,0.4179,2.001,67,0.029,-0.0204,"2023:-2.0% 2024:+2.1% 2025:+3.7% 2026:+7.2%",TRUE,TRUE,FALSE,TRUE,TRUE,TRUE,FALSE,"F1,F2,F5,F6,F7",FALSE,NA
"85","Keltner_Squeeze_Breakout","GOLD_MINUTE_15","GOLD","period=20, bb_mult=2, kc_mult=1, atr_period=10, sl_atr_mult=2.5, tp_atr_mult=3",20,2,1,10,2.5,3,0.22,"next_open",24192,57306,24560,-1.018,-0.351,0.876,657,0.898,0.289,1.158,0.0631,-0.0545,0.0641,0.3962,1.224,212,0.068,-0.0496,"2023:-3.5% 2024:-5.0% 2025:+7.3% 2026:-0.9%",TRUE,TRUE,FALSE,TRUE,FALSE,TRUE,FALSE,"F1,F2,F5,F6,F7",FALSE,NA
"86","Keltner_Squeeze_Breakout","GOLD_MINUTE_15","GOLD","period=30, bb_mult=2, kc_mult=1, atr_period=10, sl_atr_mult=2.5, tp_atr_mult=3",30,2,1,10,2.5,3,0.22,"next_open",24192,57306,24560,0.766,0.152,1.241,176,0.778,0.13,0.83,0.0222,-0.0268,0.0225,0.3696,1.362,46,0.02,-0.0112,"2023:-1.1% 2024:+0.4% 2025:+6.3% 2026:-0.1%",TRUE,TRUE,FALSE,TRUE,TRUE,TRUE,FALSE,"F1,F2,F5,F6,F7",FALSE,NA
"87","Keltner_Squeeze_Breakout","GOLD_MINUTE_15","GOLD","period=50, bb_mult=2, kc_mult=1, atr_period=10, sl_atr_mult=2.5, tp_atr_mult=3",50,2,1,10,2.5,3,0.22,"next_open",24192,57306,24560,0.309,0.016,1.439,10,-1.156,-0.036,-0.985,-0.0032,-0.0033,-0.0033,0,0,2,0.001,-0.0018,"2023:+0.2% 2024:+0.0% 2025:-0.2% 2026:-0.2%",TRUE,FALSE,FALSE,FALSE,TRUE,FALSE,FALSE,"F1,F2,F5,F6,F7",FALSE,NA
"88","Keltner_Squeeze_Breakout","GOLD_MINUTE_15","GOLD","period=20, bb_mult=2, kc_mult=1.5, atr_period=10, sl_atr_mult=2.5, tp_atr_mult=3",20,2,1.5,10,2.5,3,0.22,"next_open",24192,57306,24560,0.265,0.151,1.051,1503,1.055,0.647,2.387,0.1487,-0.0623,0.1511,0.3763,1.147,651,0.252,-0.0493,"2023:-4.9% 2024:-0.2% 2025:+13.7% 2026:+12.2%",TRUE,FALSE,FALSE,TRUE,TRUE,TRUE,FALSE,"F1,F2,F5,F6,F7",FALSE,NA
"89","Keltner_Squeeze_Breakout","GOLD_MINUTE_15","GOLD","period=30, bb_mult=2, kc_mult=1.5, atr_period=10, sl_atr_mult=2.5, tp_atr_mult=3",30,2,1.5,10,2.5,3,0.22,"next_open",24192,57306,24560,-1.267,-0.519,0.854,783,0.706,0.326,0.927,0.0729,-0.0787,0.0741,0.3529,1.139,306,0.148,-0.0649,"2023:-4.6% 2024:-6.5% 2025:-5.0% 2026:+8.7%",TRUE,FALSE,FALSE,TRUE,FALSE,TRUE,FALSE,"F1,F2,F5,F6,F7",FALSE,NA
"90","Keltner_Squeeze_Breakout","GOLD_MINUTE_15","GOLD","period=50, bb_mult=2, kc_mult=1.5, atr_period=10, sl_atr_mult=2.5, tp_atr_mult=3",50,2,1.5,10,2.5,3,0.22,"next_open",24192,57306,24560,0.292,0.07,1.1,202,2.283,0.509,5.261,0.1267,-0.0241,0.1287,0.4776,2.145,67,0.036,-0.0192,"2023:-1.9% 2024:+3.5% 2025:+5.1% 2026:+7.9%",TRUE,TRUE,FALSE,TRUE,TRUE,TRUE,FALSE,"F1,F2,F5,F6,F7",FALSE,NA
"91","Keltner_Squeeze_Breakout","GOLD_MINUTE_15","GOLD","period=20, bb_mult=2, kc_mult=1, atr_period=14, sl_atr_mult=2.5, tp_atr_mult=3",20,2,1,14,2.5,3,0.22,"next_open",24192,57306,24560,-1.003,-0.348,0.88,657,1.144,0.369,1.698,0.0807,-0.0475,0.082,0.4009,1.282,212,0.068,-0.0412,"2023:-3.6% 2024:-4.1% 2025:+7.6% 2026:+0.0%",TRUE,TRUE,FALSE,TRUE,FALSE,TRUE,FALSE,"F1,F2,F5,F6,F7",FALSE,NA
"92","Keltner_Squeeze_Breakout","GOLD_MINUTE_15","GOLD","period=30, bb_mult=2, kc_mult=1, atr_period=14, sl_atr_mult=2.5, tp_atr_mult=3",30,2,1,14,2.5,3,0.22,"next_open",24192,57306,24560,0.557,0.109,1.18,176,0.764,0.128,0.816,0.0218,-0.0268,0.0222,0.3696,1.356,46,0.02,-0.0123,"2023:-1.2% 2024:+0.4% 2025:+5.5% 2026:-0.1%",TRUE,TRUE,FALSE,TRUE,TRUE,TRUE,FALSE,"F1,F2,F5,F6,F7",FALSE,NA
"93","Keltner_Squeeze_Breakout","GOLD_MINUTE_15","GOLD","period=50, bb_mult=2, kc_mult=1, atr_period=14, sl_atr_mult=2.5, tp_atr_mult=3",50,2,1,14,2.5,3,0.22,"next_open",24192,57306,24560,0.309,0.016,1.439,10,-1.156,-0.036,-0.985,-0.0032,-0.0033,-0.0033,0,0,2,0.001,-0.0018,"2023:+0.2% 2024:+0.0% 2025:-0.2% 2026:-0.2%",TRUE,FALSE,FALSE,FALSE,TRUE,FALSE,FALSE,"F1,F2,F5,F6,F7",FALSE,NA
"94","Keltner_Squeeze_Breakout","GOLD_MINUTE_15","GOLD","period=20, bb_mult=2, kc_mult=1.5, atr_period=14, sl_atr_mult=2.5, tp_atr_mult=3",20,2,1.5,14,2.5,3,0.22,"next_open",24192,57306,24560,0.211,0.119,1.045,1503,1.098,0.674,2.164,0.1542,-0.0713,0.1567,0.3779,1.151,651,0.247,-0.0601,"2023:-6.0% 2024:+0.6% 2025:+14.6% 2026:+11.2%",TRUE,FALSE,FALSE,TRUE,TRUE,TRUE,FALSE,"F1,F2,F5,F6,F7",FALSE,NA
"95","Keltner_Squeeze_Breakout","GOLD_MINUTE_15","GOLD","period=30, bb_mult=2, kc_mult=1.5, atr_period=14, sl_atr_mult=2.5, tp_atr_mult=3",30,2,1.5,14,2.5,3,0.22,"next_open",24192,57306,24560,-1.321,-0.538,0.85,783,0.522,0.238,0.623,0.0527,-0.0846,0.0535,0.3529,1.104,306,0.142,-0.0757,"2023:-4.6% 2024:-7.6% 2025:-5.0% 2026:+7.5%",TRUE,FALSE,FALSE,TRUE,FALSE,TRUE,FALSE,"F1,F2,F5,F6,F7",FALSE,NA
"96","Keltner_Squeeze_Breakout","GOLD_MINUTE_15","GOLD","period=50, bb_mult=2, kc_mult=1.5, atr_period=14, sl_atr_mult=2.5, tp_atr_mult=3",50,2,1.5,14,2.5,3,0.22,"next_open",24192,57306,24560,0.499,0.123,1.16,202,2.228,0.489,5.076,0.1222,-0.0241,0.1242,0.4776,2.103,67,0.035,-0.01,"2023:-1.0% 2024:+3.8% 2025:+5.2% 2026:+7.4%",TRUE,TRUE,FALSE,TRUE,TRUE,TRUE,FALSE,"F1,F2,F5,F6,F7",FALSE,NA
