Symbol,Description,Market capitalization,Market capitalization - Currency,Price to earnings ratio,Performance % 1 year,Performance % 6 months,Performance % 1 month,"Earnings per share diluted growth %, Annual YoY","Revenue growth %, Annual YoY","Debt to equity ratio, Quarterly","Current ratio, Quarterly","Net margin %, Trailing 12 months","Free cash flow, Trailing 12 months","Free cash flow, Trailing 12 months - Currency",Industry,Country or region of registration
MRK1T,Merko Ehitus AS,664696134.58964,USD,10.121710835080254,46.71201814058957,4.692556634304217,7.119205298013252,40.436654366543664,15.60033797694208,0.102055569158301,2.85143800221855,14.0663696130014,49283306.56,USD,Engineering & construction,Estonia
PPA,Piraeus Port Authority S.A.,1137408184.69333,USD,10.333333333333334,29.166666666666668,-18.076109936575047,-4.674046740467402,30.836262996484404,5.0294943947963775,0.130787172331068,2.78107065667009,38.0185974483948,30805545.8106,USD,Marine shipping,Greece
GEA,GRENEVIA Spolka Akcyjna,526866024.49776,USD,5.254802349579299,47.111111111111114,22.365988909426985,9.602649006622517,46.70642450528599,15.512978986402967,0.496737712048717,2.72895277207392,17.0835299669655,98092890,USD,Trucks/Construction/Farm machinery,Poland
FTC,Filtronic plc,513736925.6768,USD,31.40495867768595,98.01980198019801,22.580645161290324,21.794871794871796,329.07801418439715,121.44542308902172,0.104166666666667,2.6446801172616,24.9458432472744,13082442.6,USD,Telecommunications equipment,United Kingdom
ARN,Alerion Clean Power S.p.A.,1114229975.4475698,USD,11.479935794542534,11.749999999999993,-16.44859813084112,-0.8869179600886926,44.10603496897912,36.33030545201652,2.7491555384426904,2.58373154040101,40.0456226288239,-50897413.93000001,USD,Alternative power generation,Italy
NXT,Next Geosolutions Europe SpA,728875680,USD,13.05403764420158,53.9379474940334,44.6188340807175,5.306122448979594,47.76315789473684,38.493172142712304,0.133060303661681,2.52585181961011,22.3904084601786,23753178.838400003,USD,Engineering & construction,Italy
GRF,"Grifols, S.A. Class A",7354752290.10814,USD,19.865012769062385,22.884224779959382,-10.03717472118959,-1.1348161597821151,270.14446227929375,9.411516454016754,1.87063603289163,2.48220247349003,4.95761392459026,998814526.4,USD,Pharmaceuticals: major,Spain
MOVE,Medacta Group SA,4262165548.6137,USD,39.183345963535864,60.694698354661796,25.213675213675216,14.751958224543097,51.466307511839084,13.369991317459007,0.60014695803924,2.39367659072588,14.6905398529195,50658879.08,USD,Medical specialties,Switzerland
PRV,Porvair plc,547486817.5536001,USD,23.69926450558431,26.08695652173913,18.852459016393443,3.2628692834506428,2.934407364787108,9.445893201070374,0.102210103880643,2.34038273662433,8.65466177477542,26713686,USD,Industrial machinery,United Kingdom
FAE,"Faes Farma, S.A.",1810626344.2461598,USD,15.031129558256746,48.68035190615836,9.978308026030367,-0.5882352941176345,20.486815415821496,9.41533974040712,0.138611160236294,2.29404837493013,19.9255473292753,92546428.37,USD,Pharmaceuticals: major,Spain
SOL,SOL S.p.A.,5000554305.19475,USD,28.029247910863507,28.116710875331552,1.4705882352941086,-0.5149330587023687,1.344286781179989,8.29164245906225,0.717079994600763,2.29339364003378,9.16717840797718,-19127023.63,USD,Chemicals: specialty,Italy
ALE,Allegro.eu S.A.,9018954309.85002,USD,28.597509596479732,13.69812023078356,-15.598231555678353,-0.9886547811993507,263.33457665050355,6.243438471281748,0.5920994460818441,2.22303818001147,10.0529814474917,446542535.97,USD,Apparel/Footwear retail,Luxembourg
ACLN,Accelleron Industries AG,8017464558.264899,USD,38.6752611691487,48.78153056861905,-0.8547008547008668,11.449159327461954,64.48250954493861,9.531938241361951,1.7129593258904299,2.19683212416425,17.3385694437161,252357464.456,USD,Trucks/Construction/Farm machinery,Switzerland
PHN,PharmaNutra S.p.A.,722584965.42659,USD,36.25261304874024,24.57466918714557,44.51754385964913,21.586715867158674,30.226776162133657,15.265164367976686,0.31745839636913803,2.18979158626013,13.7785078021353,12231938.56,USD,Pharmaceuticals: other,Italy
MAERSK_A,A.P. Moller - Maersk A/S Class A,34085836494.8346,USD,6.918327305925079,46.017699115044245,10.163204747774481,2.343211578221916,70.8219576394024,8.714437536791957,0.331661586446445,2.15561027084066,8.92936683732763,7755323194.08,USD,Marine shipping,Denmark
EIN,Einhell Germany AG Pref,1079246196.0146,USD,12.841604972123205,36.407766990291265,10.629921259842511,1.0791366906474718,28.87353950348724,14.222382337047426,0.27006748336429304,2.15308311070405,6.36380681190675,6812992.640000001,USD,Tools & hardware,Germany
GTT,Gaztransport & Technigaz SA,7499659666.90514,USD,18.30580359463196,21.280991735537196,11.03404791929382,11.314791403286982,72.50437505756655,49.96048669173073,0.030958106214608,2.11410317098804,48.6168211843073,408989882.07000005,USD,Trucks/Construction/Farm machinery,France
ALTN,AltynGold Plc,616421033.5664,USD,12.417874026773804,609.2674631941647,165.93959731543623,23.828125,126.70062930776145,45.724774833064146,0.448344364798183,2.1105227579991,35.5459789435512,25537786.56,USD,Precious metals,United Kingdom
BASS,Bassac SA,985879189.60455,USD,9.342241051545273,27.72277227722773,-12.244897959183666,10.256410256410266,23.909061253168048,8.230195968062178,0.864091543791125,2.03318604067286,6.04390385495481,152149188.4,USD,Real estate development,France
ORNAV,Orion Oyj Class A,11245768268.792059,USD,30.980603448275865,40.672782874617745,-2.127659574468085,10.04784688995215,51.98109542923736,29.388063460085622,0.305563732705328,1.99309718437784,19.2253391443128,293125312,USD,Pharmaceuticals: major,Finland
JEN,Jensen-Group NV,675009505.86448,USD,11.360946745562131,38.053097345132734,7.586206896551722,10.247349823321551,27.226350554376026,13.25723968499529,0.15227182385371799,1.97859150771873,10.6522694970193,48927814.650000006,USD,Electrical products,Belgium
BAG,A.G. BARR p.l.c.,949796900.9472001,USD,14.79686057248384,9.895837262266681,-9.078014184397164,0.6331568197410565,3.4754672897196324,5.1,0.0152221186703945,1.95757575757576,11.3998127340824,39728990,USD,Beverages: non-alcoholic,United Kingdom
VIRP,Virbac SA,3590577912.28093,USD,23.08065318563395,17.656500802568218,1.3831258644536653,4.119318181818182,20.60640207003046,12.06823957956566,0.305413548376799,1.95611779652947,9.28518632003535,110887732.67,USD,Biotechnology,France
FHZN,Flughafen Zurich AG,9605911049.3265,USD,22.70526988766097,13.515981735159816,7.805724197745013,-0.9561752988047831,7.404154805886996,7.279786459597185,0.562079967415654,1.91077389984826,25.1665543828131,161583279.99999997,USD,Other transportation,Switzerland
NHY,Norsk Hydro ASA,16225529010.08615,USD,15.112517075275,25.30551415797318,33.24881141045958,8.94013993262502,64.12957299807454,5.709332653093098,0.36396812905764303,1.9105771552765,5.08659661202034,1004103640,USD,Aluminum,Norway
ACOMO,Acomo N.V.,865789502.9119799,USD,10.819462227912933,39.746416758544655,10.940919037199125,6.066945606694573,13.8671438157012,7.640974281286677,0.72298417155802,1.8905711919771,4.77645199873922,,,Wholesale distributors,Netherlands
SAR,GR. SARANTIS S.A.,941809244.7766299,USD,17.221873035826523,26.151012891344383,1.33136094674556,2.086438152011918,20.80366225839268,24.44951087000199,0.223049239341585,1.8857842980633,8.45543411620699,29647027.9853,USD,Household/Personal care,Greece
DVL,Develia S.A.,1152613602.50742,USD,8.894511483067342,55.706984667802395,9.069212410501189,8.939213349225268,36.246953696181954,11.252869397124563,0.544216687855289,1.87662864100261,22.6934318034427,98764427.88000001,USD,Real estate development,Poland
SPA,SPADEL S.A.,1328324445.28282,USD,25.3126011076642,41.48936170212766,30.392156862745097,17.699115044247787,45.31410765205633,9.65748296665019,0.08517588793068841,1.87620507555674,10.9039813583222,49833688.96,USD,Beverages: non-alcoholic,Belgium
FRA,Fraport AG,8185697408.72481,USD,15.10609765717441,38.517179023508135,18.759689922480614,11.094996374184177,14.598900324263372,10.66116735408074,2.35383239006554,1.86684263220169,10.7105299254721,264258688,USD,Other transportation,Germany
KRI,Kri-Kri Milk Industry S.A.,765550539.78389,USD,22.39477830294846,24.374999999999993,8.9813800657174,-0.40040040040040964,7.044269502095897,18.52374476834795,0.0587011068564622,1.79637302430013,9.50180256457369,2774469.8016,USD,Food: meat/fish/dairy,Greece
NORBT,Norbit ASA,1158133613.6132698,USD,30.92123010520637,93.05263157894737,-12.666666666666664,0.8800880088008769,26.675685251393062,15.307130159984201,0.48966892700438797,1.78961707280157,16.7048862233198,38169556,USD,Engineering & construction,Norway
FAGR,Fagron SA,1950597291.35722,USD,19.53856632044951,26.515986769570002,2.2271714922048997,7.999999999999997,14.27980132450331,14.28181983797974,0.804989064844673,1.76474746085133,9.32647619047619,77276144,USD,Medical distributors,Belgium
SHF,SNP Schneider-Neureither & Partner SE,660947139.16816,USD,22.128937199410633,24.374999999999993,10.555555555555548,2.051282051282044,243.86992275105905,25.240136462399104,0.6172938951881001,1.7600028189362,9.21565739454895,44692809.28,USD,Information technology services,Germany
NWG,Newag SA,1266535420.8856199,USD,15.725620975160993,148.63636363636365,54.95750708215299,14.675052410901467,28.40866111951587,29.105203818386215,0.166102266827365,1.756562445845,14.0811899206866,76118708.79,USD,Trucks/Construction/Farm machinery,Poland
WWI,Wilh. Wilhelmsen Holding ASA Class A,2660480183.8172197,USD,4.233932259693356,59.45945945945946,35.208333333333336,13.859649122807017,10.866981557830236,12.540322273120177,0.135126681263685,1.71700879765396,50.8749683614977,689429416.6186,USD,Other transportation,Norway
DOM,Dom Development S.A.,1879576530.57198,USD,10.596638555032806,37.966804979253105,11.764705882352942,0.37735849056603776,23.5798763551653,24.226987040414254,0.43730969207350806,1.71125822739274,19.5247313766594,123236817.93,USD,Real estate development,Poland
KRX,Kingspan Group PLC,14586572290.05241,USD,19.609438567941417,5.16363636363636,-3.471295060080118,-2.8225806451613016,3.6382357988673473,6.395075766939411,0.617022242396732,1.67488799593552,7.53472067163846,493342212.00000006,USD,Building products,Ireland
SPG,SP Group A/S,687867163.2881999,USD,18.58578821656051,23.064250411861615,22.058823529411764,19.52,65.36437961130795,12.101574556021857,0.21965787184691202,1.66907190843493,8.46502598631265,40385878.4,USD,Industrial specialties,Denmark
VLX,Volex plc,1007119367.6992,USD,20.163020163020164,63.76306620209059,34.285714285714285,16.049382716049383,17.409144196951935,17.22774927845926,0.513205718439545,1.65567885117493,4.95781319743514,53093009.97,USD,Electrical products,United Kingdom
SNT,Synektik SA,708821796.89016,USD,24.837463173620215,29.110629067245128,39.1955098222638,7.748008689355553,23.753938329631737,9.160911733033553,0.18056223805014,1.64527921913836,18.3697426188293,15757298.3871,USD,Medical specialties,Poland
POLN,Pollen Street Group Limited,729495050.3184,USD,10.394299823278846,14.25,12.839506172839506,-2.1413276231263385,25.15493405371047,72.44919192619824,0.361117437052131,1.58947992191857,50.5457032311252,53451340.800000004,USD,Investment managers,United Kingdom
ITM,Italmobiliare S.p.A.,1407598476.89027,USD,36.952380952380956,11.708253358925147,0.17211703958692154,5.434782608695652,40.603174603174615,19.738796414852754,0.34830617976946104,1.57950216264215,4.57881426903576,-117247700.68,USD,Food: specialty/candy,Italy
PUUILO,Puuilo Oyj,1199197771.2784398,USD,19.987156847005938,23.634558093346563,-8.050221565731166,-0.5591054313099064,23.899782135076244,13.297872340425531,2.12073863636364,1.57247037374658,12.7118644067797,69295727,USD,Electronics/Appliance stores,Finland
CICN,Cicor Technologies,754166350.2551999,USD,22.49954454363272,99.19354838709677,-31.57894736842105,-0.8032128514056225,130.12808331116264,23.326066326399754,0.822707400155567,1.55517718739051,4.49664707967806,63573315.6,USD,Electronic components,Switzerland
DLG,De'Longhi S.p.A.,6443832704.372379,USD,17.691620006587303,18.16467630421119,33.42796309439319,2.4523160762942737,24.117682668442406,13.694309259345388,0.39746708883687903,1.54213861761638,8.78758495928576,401741709.6,USD,Electronics/Appliances,Italy
CBAV,Clinica Baviera SA,959796427.1269699,USD,20.24573062359941,60.7361963190184,19.09090909090909,15.929203539822998,13.877810007251634,16.771979076607987,0.6907099972002451,1.53499258570058,14.10051516573,54581235.6128,USD,Hospital/Nursing management,Spain
TIMA,ZEAL Network SE,1264147905.31657,USD,21.681766206350602,9.070796460176979,2.2821576763485356,0.6122448979591779,355.38513399629187,62.16975441619992,0.41130349558967705,1.5267502959563,20.8682791021402,110800898.56,USD,Movies/Entertainment,Germany
AMUN,Amundi SA,17603708481.72649,USD,9.103778189983403,13.460076045627368,4.628330995792423,7.260963335729687,11.723871962977247,11.015006952764898,1.6908402773811302,1.51811256198992,23.6934792441544,2145188113.42,USD,Investment managers,France
BOL,Boliden AB,18333178325.3358,USD,20.405069222870768,70.6628242074928,89.20127795527158,18.44000000000001,65.04492332635276,13.561371795198207,0.330006049606776,1.50682034910237,8.82933678506395,720649500,USD,Other metals/Minerals,Sweden
KCR,Konecranes Oyj,8781285129.13526,USD,20.38152404053693,66.63865546218489,32.997987927565404,7.363291824580413,33.83482529598613,6.572876484380909,0.374545268227699,1.50191403259324,9.10957449319142,657947808,USD,Trucks/Construction/Farm machinery,Finland
YRM,Rosetti Marino S.p.A.,1429250434.47895,USD,36.419983486591335,557.1428571428571,218.8118811881188,17.51824817518248,323.0495305924248,64.10412847647859,0.42649747284654305,1.47098622654331,4.91130358513321,36954724.29000001,USD,Engineering & construction,Italy
SCATC,Scatec ASA,1841057690.9928298,USD,21.234003002788302,55.09138381201045,12.606635071090045,14.011516314779266,108.43833814078236,28.508384818611272,2.9801599052413503,1.46817285278824,23.7764108049989,-416675871.36480004,USD,Alternative power generation,Norway
HLUN_A,H. Lundbeck A/S Class A,5410740970.4628,USD,10.021083318149874,16.843702579666154,26.853377265238876,8.910891089108908,37.35863772260497,10.767376456408197,0.493300997892895,1.4673769771529,15.8787727196932,456601600,USD,Pharmaceuticals: major,Denmark
IDR,"Indra Sistemas, S.A. Class A",11409699354.56828,USD,24.924540382328733,190.35695258391053,43.57218124341412,12.696443341604633,44.75902510536927,11.507637911598058,0.476709415908034,1.45655416012559,7.60533636590799,,,Information technology services,Spain
MTELEKOM,Magyar Telekom Telecommunications PLC,5466966322.680459,USD,8.69001580530082,41.15942028985507,10.056497175141242,8.222222222222221,105.12772436854362,13.905096942211422,0.349844406246263,1.44817106003135,20.5418303494626,781454440,USD,Major telecommunications,Hungary
NKT,NKT A/S,6721138017.974799,USD,25.128309611820978,49.56689124157844,33.27615780445969,-0.7028753993610224,80.56616664191296,26.80708990265671,0.20788912579957403,1.43845682792407,6.18076789585071,-450496538.68799996,USD,Electrical products,Denmark
IXX,init innovation in traffic systems SE,536192585.04780996,USD,29.137182612832255,29.973474801061,15.294117647058824,7.929515418502206,1.9253284766488779,26.030711429262652,0.785640875055058,1.43532494842405,5.29559744427235,36403629.120000005,USD,Information technology services,Germany
GRK,GRK Infra Plc,676190155.97838,USD,11.226102069837257,38.63414634146343,-0.2807017543859589,-1.0169963778211133,83.31990330378727,33.38838163486132,0.208886790814776,1.42835008483091,5.89442848675512,170443333.44,USD,Engineering & construction,Finland
KRN,Krones AG,4944991366.87969,USD,15.162754167030283,8.255451713395635,-0.14367816091953206,3.4226190476190435,23.344074975725764,12.135571261404086,0.0898693615972394,1.38773943091165,5.24087534972315,328022244.16,USD,Industrial machinery,Germany
ALC,Altia Consultores S.A.,574360249.9724,USD,29.65747702589808,54.34782608695652,10.937499999999988,0.7092198581560258,0.44642857142857184,5.947808051173274,0.19554172856047503,1.37337049101643,5.91378615163142,23527299.255900003,USD,Information technology services,Spain
WAVE,Wavestone SA,1686770220.51087,USD,18.697694676912548,36.281179138321995,-1.797385620915035,8.876811594202897,13.899329353673822,34.60636525470148,0.0628921345628044,1.36800814896887,8.33116158052754,119487874.88000001,USD,Miscellaneous commercial services,France
KTN,Kontron AG,1751372382.9917898,USD,10.900990999181744,22.409392547217973,-15.384615384615383,6.106194690265482,20.089360984656903,37.43016623067718,0.597136433354425,1.36552661017277,8.213068796559,47667479.68,USD,Computer processing hardware,Austria
UCB,UCB S.A.,56902563429.936386,USD,37.779626143676396,39.71937398812734,44.71771939631077,9.010526315789464,211.51766915153934,17.136329017517134,0.29722193535061403,1.35359959297889,19.4509345794393,1447749710,USD,Pharmaceuticals: major,Belgium
CLAS_B,Clas Ohlson AB Class B,2038993096.9529998,USD,18.79694549635684,33.097345132743364,-7.559926244621993,0.5347593582887776,72.53803242271837,13.6318767775291,0.733306629280993,1.33312721710548,8.49984616791811,182347670,USD,Home improvement chains,Sweden
YACHT,Ferretti S.p.A.,1464455841.1775799,USD,14.856921887084301,33.402777777777786,42.82527881040893,29.18628110289172,5.827220863895672,9.331290701323244,0.039884038962376904,1.31272940018165,7.10218073541693,-108602432.07000001,USD,Recreational products,Italy
ITX,"Industria de Diseno Textil, S.A.",201771980617.4721,USD,28.52719578903912,14.120561519405458,28.259860788863108,-1.356174161313344,8.98030127462341,7.4693298467187805,0.290343176376696,1.30363134740139,15.334806124781,,,Apparel/Footwear retail,Spain
EMG,Man Group PLC,3868372749.264,USD,21.86150102933188,25.473484848484855,45.684442001099505,18.19803746654773,25.705128205128204,18.670210751814555,0.267433987813135,1.28524590163935,13.6146907510119,327134423.616,USD,Investment managers,United Kingdom
VIL,Viel & Cie SA,1257610192.9970999,USD,9.1133999798041,56.956521739130444,12.461059190031152,7.76119402985075,24.584284316922073,9.627181409989353,1.1016339251296399,1.28506214588203,10.0347624378681,193384728.35000002,USD,Financial conglomerates,France
WRT1V,Wartsila Oyj Abp,22350386681.95153,USD,32.521687697160885,83.0743618201998,38.55522889542211,9.202250910294607,94.51553930530164,7.215295095594347,0.217910447761194,1.28503899787284,8.86917960088692,1419862400,USD,Trucks/Construction/Farm machinery,Finland
BAIN,Monte-Carlo Societe des Bains de Mer SA,3522372629.9685497,USD,26.091131102715565,22.54901960784314,20.192307692307693,17.92452830188679,5.955610066750015,9.094615191214759,0.027070237125212802,1.28411137977208,14.4059616627603,29671603.84,USD,Hotels/Resorts/Cruise lines,Monaco
NEX,Nexans SA,6327165119.367229,USD,11.917537418808246,30.515463917525768,5.06224066390041,1.7684887459806982,26.078730546231316,9.70474967907574,1.1041776837652,1.28010139416984,5.30051009092925,604308870,USD,Electrical products,France
74SW,74Software,1302066552.90207,USD,21.642190379927463,34.81481481481481,-6.426735218508997,-7.8481012658227876,9.981641395253964,44.800235754414125,0.610143075887763,1.27282043056744,6.41715623844542,79381212.13000001,USD,Packaged software,France
VRC,Vercom SA,847186915.15314,USD,35.41076487252125,16.182572614107883,17.056856187290975,12.359550561797757,8.804536147424793,47.08382610551401,0.225599541994445,1.26547548571121,18.5300062287872,25661045.07,USD,Information technology services,Poland
ART,Arteche Lantegi Elkartea SA,1480478781.8310099,USD,39.222807336117675,170.00000000000003,86.20689655172416,-2.7027027027026933,56.98059630856602,11.503379388719422,1.5020720595130999,1.26030790014354,7.00073522654168,40732538.220000006,USD,Wholesale distributors,Spain
ERF,Eurofins Scientific SE,14971139635.71572,USD,31.477723864137626,47.43801652892562,8.023009385407201,15.096774193548388,33.30143540669858,6.6987996193166115,1.55134000174973,1.25577826795819,6.05097770250409,892445224.0000001,USD,Miscellaneous commercial services,Luxembourg
SUN,Sulzer AG,6912771673.8336,USD,21.521001139936615,16.081081081081088,10.128205128205135,17.189631650750353,14.677329812294628,7.5844836517658525,1.01987632508834,1.23089268673549,7.63034235846946,282077520,USD,Industrial machinery,Switzerland
DOC,DO & CO Aktiengesellschaft,2604377797.7800198,USD,22.259922414445175,17.178612059158127,3,0,37.78047102754756,26.308499821374593,0.783221138873584,1.22938222763238,4.22917238682409,160409248,USD,Restaurants,Austria
MHA,MHA Plc,507204503.8944,USD,6.613183000867303,49.53912531868994,10.547299746284894,-3.7854889589905363,47.497842968075915,45.5176353733194,0.442955435588017,1.22290062627668,23.7448690936868,95327975.60000001,USD,Miscellaneous commercial services,United Kingdom
RR.,Rolls-Royce Holdings plc,144400005864.9312,USD,18.216443514470107,107.47164776517678,25.987441766254815,7.705627705627705,4.076655052264823,14.697318937280116,2.03862126245847,1.21703809419256,29.624321834374,4596134400,USD,Aerospace & defense,United Kingdom
ABS,Asseco Business Solutions SA,809106125.38614,USD,23.221291485526454,47.972972972972954,-1.5730337078651748,3.058823529411758,21.66191933044977,12.685131655016555,0.12207883837540599,1.2001869829154,27.2574942352037,46834821.27,USD,Packaged software,Poland
SRC,SigmaRoc Plc,2077253987.6352,USD,37.36014765073528,89.1156462585034,20.659722222222218,8.255451713395635,2.1052631578947425,77.69855497359,0.8970027291657201,1.19928352200255,4.37580552949309,31902499.2,USD,Construction materials,United Kingdom
PRY,Prysmian S.p.A.,31528074009.284138,USD,24.5583712477442,39.6242774566474,47.107186358099874,12.768440709617176,36.849530631070586,10.889670444183926,0.817372671831218,1.1951577402788,5.86107091172214,966914560,USD,Electrical products,Italy
OR,L'Oreal S.A.,239031610120.89633,USD,33.88102924836172,13.779932422506237,4.183481302125373,5.647251398172143,3.8157597651840223,5.59533782553269,0.283158846849621,1.18676259553385,13.9625860814383,8715476814,USD,Household/Personal care,France
GHC,Garofalo Health Care S.P.A.,575732315.2214099,USD,18.261161463578382,6.250000000000005,6.666666666666681,-0.3663003663003585,4.427415921668792,28.034473110475183,0.6748111121962479,1.17714150923761,5.5143723215219,16688663.68,USD,Hospital/Nursing management,Italy
RBW,Rainbow Tours S.A.,595810641.04002,USD,8.229897463572584,17.669753086419757,17.48844375963019,0.7931262392597412,63.144290838062226,23.52197977040085,0.182915305746503,1.1657286991121,6.02091709859715,112884583.41000001,USD,Other consumer services,Poland
AIR,Airbus SE,192256153019.52203,USD,32.2583161705049,26.54547680254621,14.352876106194683,5.64639754726623,11.515934718719391,5.781865965834428,0.572778107260866,1.13895179022677,7.01990242820712,4635088000,USD,Aerospace & defense,Netherlands
ALVDM,Voyageurs du Monde SA,867580191.60022,USD,13.97706414293653,14.16781292984869,-2.9239766081871346,-1.7751479289940828,22.566787488253453,6.009008177718313,0.0270681056548012,1.12452300763581,6.25023735161432,57842842.970000006,USD,Other consumer services,France
TGYM,Technogym S.p.A,4096567562.9938498,USD,37.33941152092831,71.61904761904762,42.7892234548336,9.344660194174752,18.976313640076224,11.50395392217173,0.317691832161348,1.11907117949536,10.1202764422448,154781996.05000004,USD,Recreational products,Italy
ALFA,Alfa Laval AB,22477818314.3822,USD,25.25247519846186,5.332782141380737,19.65250058699226,10.42253521126761,16.761563977329107,5.276895499858486,0.523358078396142,1.1150858849888,12.1181307107889,686020200,USD,Industrial machinery,Sweden
KOG,Kongsberg Gruppen ASA,29285436982.368877,USD,39.32416081430015,21.25,1.1713735558408143,20.878067484662573,38.225458340250924,20.293567136242736,0.26815169183236204,1.07629438603452,12.933279536368,1204864290,USD,Trucks/Construction/Farm machinery,Norway
CS,Coinshares International Limited,806782294.1783999,USD,6.262544217446837,16.284153005464486,-10.588235294117643,-9.369676320272571,133.4841208005303,143.46632842318795,0.17602692890131302,1.06866392114428,13.9434133707161,1818365.168,USD,Packaged software,United Kingdom
HEIJM,Koninklijke Heijmans N.V.,2187358457.40032,USD,17.4549825818164,132.89689034369889,20.59322033898306,7.153614457831325,38.24684549176903,22.050689622763148,0.248945147679325,1.05975609756098,4.18347527267294,,,Engineering & construction,Netherlands
ASSA_B,ASSA ABLOY AB Class B,44074917783.196,USD,27.689933271800147,8.348134991119002,13.488372093023257,2.8378758078111894,14.71393419916241,6.741509125423921,0.6759076549210209,1.05746283066229,9.55451729612952,2018665800,USD,Tools & hardware,Sweden
SYNSAM,Synsam AB,1054699699.3144,USD,24.01255931780069,39.6265560165975,19.750889679715293,1.0510510510510553,18.774258469500214,8.975444538526672,1.4401622718052702,1.05510907003444,5.88916220518015,72859200,USD,Specialty stores,Sweden
TE,Technip Energies NV,6695010643.56664,USD,14.578028373954167,15.075376884422122,-13.584905660377355,-0.06234413965086042,28.131842120835543,11.91451795589313,0.46389280677009903,1.05187174752392,5.406296357343,1512185763,USD,Engineering & construction,France
AM,Dassault Aviation SA,30190831995.49403,USD,32.15414782504302,53.77990430622009,19.92537313432835,17.55669348939283,37.454180383367174,29.861593114183027,0.0329399378760784,1.0497698411026,11.9305340605981,1460552105.3200002,USD,Aerospace & defense,France
TGN,S.N.T.G.N. Transgaz SA,3252566038.31994,USD,15.797305285472595,216.3265306122449,89.02439024390245,23.015873015873016,106.37806637806636,87.76211070453793,0.9013930148204621,1.02871744840737,22.0755013139097,206112386.493,USD,Gas distributors,Romania
DEC,JCDecaux SE,4128762850.9663396,USD,15.420893397401672,11.734364925854278,10.947503201024324,13.120104438642285,23.854805725971374,10.215722564398192,2.04072684756662,1.01628471019156,6.49975666468393,914355838.0000001,USD,Advertising/Marketing services,France
ODF,Odfjell SE Class A,940018146.9413699,USD,5.935323603779445,12.626262626262639,7.040000000000009,9.492635024549925,38.961502119571016,6.396905242756088,1.03614709569578,1.01479099678457,14.7061130128197,197500987.94099998,USD,Marine shipping,Norway
CENER,Cenergy Holdings SA,4290245584.9299397,USD,20.9919261822376,90.37656903765689,70.73170731707316,18.181818181818173,86.49635036496352,10.365639383581,0.88004729901123,1.01000788651753,8.88088826824274,10388693.81,USD,Electrical products,Belgium
LDO,Leonardo SpA,40014978985.56654,USD,31.240041755947473,96.06896551724138,19.378542935124912,14.729620661824047,63.09346856693189,16.166372375907397,0.47205245027225207,0.973147742218325,5.59982884954806,1044877130.0000001,USD,Aerospace & defense,Italy
BA.,BAE Systems plc,80919497333.4752,USD,30.51992630767641,59.24588848776575,7.297297297297297,15.743440233236152,5.9884201819685705,14.013346043851287,0.869902195977118,0.959085439229844,7.21374881412829,2878761600,USD,Aerospace & defense,United Kingdom
CTPNV,CTP N.V.,10413631878.80098,USD,7.236505374227332,17.36909323116219,-0.2171552660152155,4.4318181818181674,14.467385522943783,28.778135048231512,1.09620446633268,0.94929437628537,125.020712510356,435698272,USD,Real estate development,Netherlands
FER,Ferrovial SE,47702492057.1426,USD,12.336978707861547,40.04878048780488,25.590551181102366,3.496755587599144,608.1380620645978,7.434813248766738,1.75300898457366,0.943459350953496,35.8006203872072,1010715420.0000001,USD,Engineering & construction,Netherlands
JSG,Johnson Service Group PLC,706645694.7856001,USD,16.492442247064922,6.82492581602373,5.882352941176471,4.956268221574352,32.34836702954899,10.337416720395444,0.532675289312457,0.932716568544996,6.89066059225513,56284800,USD,Miscellaneous commercial services,United Kingdom
VWS,Vestas Wind Systems A/S,28222712687.4931,USD,25.9003985783559,85.03289473684211,44.34643143544507,7.591153616258212,548.582995951417,12.55387786768543,0.962792039226997,0.916024787166271,5.01224831891701,2790708063.808,USD,Electrical products,Denmark
AZN,AstraZeneca PLC,281397836222.5808,USD,29.397099312766922,23.160762942779293,24.815905743740796,-0.3820158683514546,14.84838604499511,14.82405149987884,0.711122733612274,0.87919187173313,16.1774188661555,13288285393.526001,USD,Pharmaceuticals: major,United Kingdom
BFT,Benefit Systems S.A.,3407459969.62926,USD,23.1568002193103,29.780033840947546,12.463343108504398,10.043041606886657,1.0534485171567163,22.461875640963253,1.32806136487179,0.878483478508041,12.6912813941742,144551551.14000002,USD,Movies/Entertainment,Poland
AKSO,Aker Solutions ASA,1598834597.1274,USD,6.3343558282208585,6.169665809768632,7.903331156107114,8.327868852459014,40.761077767845734,45.48241458112703,0.291271347248577,0.876991068962342,4.099445888295,293280770,USD,Alternative power generation,Norway
SRE,Sirius Real Estate Limited,2013411898.8848,USD,8.636363636363637,25.404732254047328,3.8144329896907245,5.22466039707419,35.88709677419356,7.208773769508225,0.8507331378299131,0.872788228720431,64.6406185526147,145014137.55400002,USD,Real estate development,United Kingdom
DEME,DEME Group NV,4447190455.71686,USD,12.055753988238665,14.749262536873157,18.05766312594839,11.142857142857139,77.24430757745428,24.828986961187923,0.519219142753343,0.851924625618719,7.58055566597186,752432866.57,USD,Engineering & construction,Belgium
BAB,Babcock International Group PLC,9913928363.6944,USD,26.20368713083945,193.73996789727127,39.82808022922636,16.839584996009577,49.37810945273632,10.049884968451742,1.4781767955801102,0.823991031390135,5.78713968957872,317768880,USD,Trucks/Construction/Farm machinery,United Kingdom
TRN,Terna S.p.A.,21316020131.0485,USD,16.321045941528965,14.730661220321675,5.990566037735839,0.5369127516778529,19.936565473493424,15.79992314589471,2.9052429306819,0.810590631364562,29.1726791726792,-696309889,USD,Electric utilities,Italy
KRU,Kruk S.A,2548150260.92136,USD,9.835977756762492,12.065727699530512,15.314009661835744,-2.571428571428576,8.397633106733494,18.568171850689005,1.39327243979002,0.782837707849197,40.3361928938552,-271088631.54,USD,Miscellaneous commercial services,Poland
MOBN,Mobimo Holding AG,3551250307.0889997,USD,16.514586814034185,27.860696517412936,20.846394984326018,5.471956224350206,168.44848239705036,9.171300471429976,0.906764888991715,0.779689865714031,55.7856834601105,96385308.8,USD,Real estate development,Switzerland
LPP,LPP S.A.,10228390694.38818,USD,30.646939866121265,28.670886075949365,25.72665429808287,-4.013220018885741,8.753512393949537,16.016132182785444,1.4659856996935599,0.746187698290861,5.51523297491039,265905960.00000003,USD,Apparel/Footwear retail,Poland
MAB1,Mortgage Advice Bureau (Holdings) plc,512506367.7328,USD,21.80386736889915,10.21671826625387,-11,6.0407482425830965,16.886993603411526,11.273603219598122,0.26860231617748204,0.735666476927002,6.54590012150083,44854867.2,USD,Finance/Rental/Leasing,United Kingdom
DIA,Diagnostyka S.A.,1870245139.5739799,USD,25.471781138812407,61.43426294820716,17.790697674418603,20.308788598574814,80.93258580609873,22.80685072031809,2.03075683339325,0.729944871969764,11.6866407425882,78772437.45,USD,Medical/Nursing services,Poland
ACKB,Ackermans & van Haaren NV,9060710737.58545,USD,14.74899061595472,23.77514182568334,13.20754716981132,3.896103896103896,15.913627290872794,15.73826790611912,1.91633764988439,0.724955997141918,8.60451747343373,1120818611.3300002,USD,Engineering & construction,Belgium
IAG,International Consolidated Airlines Group SA,25014865044.6272,USD,8.50439434911133,30.000000000000007,13.745704467353951,2.209026128266036,7.289762340036559,6.078813061976404,2.48731731899882,0.682331804642807,9.39593967797923,2799712261.632,USD,Airlines,United Kingdom
ELIS,Elis SA,6453598060.42181,USD,16.279856553217403,22.13197969543147,-4.976303317535551,0.24999999999999467,27.44560075685904,6.1331043764793245,1.13557046979866,0.664211090275917,7.94843793494786,608903031,USD,Miscellaneous commercial services,France
JDEP,JDE Peet's NV,18019168222.05061,USD,25.489406267622652,85.68075117370894,31.395348837209315,-0.5656819610307974,51.96998123827391,7.886704920034184,0.454182897421629,0.605154492382173,6.38957816377171,1494869310,USD,Food: specialty/candy,Netherlands
PAF,Pan African Resources PLC,3586891563.6496,USD,25.17881294699031,246.73366834170855,145.55160142348754,15,68.08510638297874,40.58067905595357,0.352815560515647,0.599626999334739,26.2165142134041,25841614.656,USD,Precious metals,South Africa
RBREW,Royal Unibrew A/S,4497000943.176,USD,20.295457683280407,24.1554054054054,12.751677852348994,3.9787798408488064,32.87900884569777,16.314690183337202,0.9318007662835249,0.589209074187615,9.32405438494748,250723200,USD,Beverages: alcoholic,Denmark
NOS,NOS SGPS SA,2506266025.61805,USD,8.697843176778877,29.77443609022557,19.861111111111118,8.010012515644563,51.20090421022889,6.185405025747221,1.6477851504154402,0.571362531628889,14.1850456210411,629788768.32,USD,Major telecommunications,Portugal
SVEAF,Sveafastigheter AB,883952033.367,USD,22.6628895184136,15.207373271889404,3.1991744066047523,1.163378856853821,85.77627511524518,22.203098106712567,0.895857037681547,0.540553211439287,22.7009646302251,,,Real estate development,Sweden
AMBEA,Ambea AB,1157073633.536,USD,16.42934022837773,41.351782863225125,11.784511784511796,-6.0820367751060775,42.00007891414141,6.633112980769231,2.4989736891211,0.513848881010414,4.39191371181296,198033000,USD,Medical/Nursing services,Sweden
LI,Klepierre SA,10706123327.87576,USD,7.899278127506501,15.248226950354612,-2.8110047846889885,-4.186320754716986,468.8456395780716,5.885496693165876,0.980953372189842,0.486543695192017,72.2804437090152,804331572.0000001,USD,Real estate development,France
RNK,Rank Group Plc,621273954.5456,USD,10.334628595048928,19.708029197080293,-38.80597014925373,-5.747126436781609,261.9771863117871,8.261875595481149,0.545022445207288,0.480347115875447,5.6072416394267,108863040,USD,Movies/Entertainment,United Kingdom
PSPN,PSP Swiss Property AG,8438814304.7343,USD,16.59592625030879,11.631419939577043,6.33093525179857,3.212290502793312,80.61601007534414,26.26906106245725,0.631621247701746,0.464170563491555,112.413658354019,298737436.5,USD,Real estate development,Switzerland
ACAD,AcadeMedia AB,1016030645.9277999,USD,11.707081090887103,44.69357249626306,7.079646017699105,1.5739769150052467,34.391412056151935,10.842652951378506,1.98119402985075,0.432699767261443,4.3830217819673,366096300,USD,Other consumer services,Sweden
PPH,PPHE Hotel Group Limited,999021404.1344,USD,35.145469880003915,44.0625,14.107145619653156,3.479236812570146,25.4961254961255,6.799116252369765,2.87164921058772,0.388487955201899,4.85271393339916,25967884.8,USD,Hotels/Resorts/Cruise lines,Netherlands
HOFI,Hoist Finance AB,1192634917.3626,USD,12.186720743622832,26.99696663296258,27.90224032586557,12.949640287769776,75.88298002481605,42.390717754991904,1.65917159763314,0.318866253321523,15.4997419576811,101664000,USD,Miscellaneous commercial services,Sweden
EMIL_B,Fastighetsbolaget Emilshus AB Class B,715737485.145,USD,12.20583695471492,21.800947867298564,2.5948103792415114,0.7843137254901933,653.399433427762,14.996637525218562,1.28053934393238,0.162962962962963,60.6060606060606,,,Real estate development,Sweden
WDP,Warehouses De Pauw SA,6174345385.90319,USD,13.780961631860126,15.34552845528455,8.612440191387563,4.6082949308755765,1713.7291280148422,12.428450980731524,0.716016901139871,0.132788150538809,72.5890805152668,399761672,USD,Real estate development,Belgium
VLK,Van Lanschot Kempen NV cert. of shs,2529425616.99608,USD,17.625294315506224,11.608093716719905,-12.08053691275168,-1.1320754716981158,11.347466762486537,25.62690156180201,2.07532940338479,0.121482133452095,10.8033871308531,-234944215.55,USD,Investment managers,Netherlands
PLAN,PLAZZA AG Class A,1121190050.3102999,USD,16.106061396902568,26.686217008797655,8.816120906801007,4.854368932038835,177.48156037207826,15.495427353365882,0.41281468361898,0.0779810819533752,145.516970252916,,,Real estate development,Switzerland
PTSB,Permanent TSB Group Holdings PLC,1890667515.1706698,USD,23.42549923195084,120.21660649819492,48.78048780487805,3.7414965986394515,376.4192139737991,15.172413793103448,1.10009267840593,0.0178445644517492,11.4457831325301,193190360.00000003,USD,Financial conglomerates,Ireland
BGN,Banca Generali S.p.A.,7499860646.19741,USD,15.960875535999554,15.846216436126948,17.86009933774835,-1.810344827586202,32.30726178816287,20.59448797211564,1.61639531668841,0,23.6472282551887,,,Investment managers,Italy