datetime,open,close,high,low,volume,rsi,ema_fast,ema_slow,ema_velocity,ema_acceleration,is_local_min_candidate,is_local_max_candidate,extrema_confirmed,extrema_type,confirmation_bar,atr,primary_signal,signal_bar,meta_label,exit_reason,bars_held,realized_pnl,profit_target,stop_loss
2025-01-02T03:30:00Z,2635.58,2633.36,2635.68,2632.62,1867,68.9189189189206,2633.3499054006,2631.0741619487,0.00504729969998152,-1.10752364985046,FALSE,FALSE,FALSE,,,2.71428571428571,-1,15,0,max_holding_negative,20,-4.17717288937603e-05,2627.93142857143,2637.43142857143
2025-01-02T11:30:00Z,2644.66,2643.97,2645.59,2643.1,1651,71.2468587253389,2641.18052003631,2639.1110657673,1.39473998184576,-1.07736999092276,FALSE,FALSE,FALSE,,,3.09575846768214,-1,47,1,profit_target,11,0.00234175007105385,2637.77848306464,2648.61363770152
2025-01-02T18:15:00Z,2659.05,2656.25,2659.88,2655.95,1717,67.0741038642602,2656.87492582672,2654.65029959992,-0.312462913361742,-1.25376854331944,FALSE,FALSE,FALSE,,,3.79843197082749,-1,74,0,max_holding_negative,20,-0.000926117647058837,2648.65313605835,2661.94764795624
2025-01-03T14:45:00Z,2645.52,2649.75,2651.3,2645.51,2027,39.096315585815,2650.6129549709,2652.61740833877,-0.431477485450159,2.32573874272521,FALSE,FALSE,FALSE,,,3.41137637168431,1,152,0,stop_loss,5,-0.00193114994151397,2656.57275274337,2644.63293544247
2025-01-06T08:45:00Z,2625.67,2626.79,2627.71,2625.41,1043,25.417231974016,2628.77891366972,2630.84420957529,-0.994456834857374,1.05222841742898,FALSE,FALSE,FALSE,,,2.65563050569465,1,221,1,profit_target,4,0.00202195874485187,2632.10126101139,2622.80655424146
2025-01-07T07:15:00Z,2645.33,2645.36,2645.77,2643.23,1423,77.5177453093651,2644.05622200352,2642.39493736284,0.651888998242612,-0.305944499120415,FALSE,FALSE,FALSE,,,2.17563960262404,-1,307,1,profit_target,2,0.00164487223109441,2641.00872079475,2648.62345940394
2025-01-07T15:00:00Z,2662.54,2658.51,2662.78,2658.49,2348,71.304758303922,2658.46443894954,2655.25503304353,0.022780525230246,-1.92639026261531,FALSE,FALSE,FALSE,,,3.4007160779055,-1,338,1,profit_target,4,0.00255836244957183,2651.70856784419,2663.61107411686
2025-01-08T18:00:00Z,2669.64,2669.18,2669.7,2667.41,1749,70.8574573012254,2667.77347438509,2665.86604979013,0.703262807456667,-0.546631403728497,FALSE,FALSE,FALSE,,,3.45892401920932,-1,442,1,profit_target,2,0.00259175028975883,2662.26215196158,2674.36838602881
2025-01-09T14:45:00Z,2677.14,2672.59,2677.76,2671.95,2268,58.7092547392452,2673.94019104762,2672.70616672003,-0.675095523808523,-1.96745223809603,FALSE,FALSE,FALSE,,,3.35262324637593,-1,521,1,profit_target,13,0.00250889455275667,2665.88475350725,2677.61893486956
2025-01-13T14:45:00Z,2665.01,2669.15,2669.95,2663.94,2546,34.7546607721098,2668.74297486535,2670.93313441746,0.203512567325561,1.94824371633786,FALSE,FALSE,FALSE,,,4.2255432473378,1,705,0,stop_loss,8,-0.00237465667759653,2677.60108649468,2662.81168512899
2025-01-15T12:00:00Z,2688.29,2686.51,2688.83,2686.2,1985,62.8351022873369,2686.60757003418,2685.82309514367,-0.048785017091177,-0.86060749145463,FALSE,FALSE,FALSE,,,2.34755732429051,-1,878,0,stop_loss,10,-0.00131074739585395,2681.81488535142,2690.03133598644
2025-01-16T18:45:00Z,2723.41,2721.65,2723.64,2721,1687,66.1547443880458,2721.58800070326,2720.05285169674,0.0309996483692885,-0.915499824183826,FALSE,FALSE,FALSE,,,3.59529278322875,-1,998,1,profit_target,9,0.00264199495396458,2714.45941443354,2727.04293917484
2025-01-20T00:30:00Z,2692.32,2696.12,2698.11,2692.06,1067,34.2416802747409,2698.065717263,2700.16052282539,-0.972858631501367,2.30642931574994,FALSE,FALSE,FALSE,,,3.28035620440036,1,1109,0,stop_loss,6,-0.00182504276760698,2702.6807124088,2691.1994656934
2025-01-20T02:15:00Z,2690.08,2693.06,2693.84,2689.91,2168,35.6855969416531,2693.28650745755,2695.08953988948,-0.113253728775362,1.58662686438811,FALSE,FALSE,FALSE,,,3.14536140993735,1,1116,1,profit_target,7,0.00233590147262766,2699.35072281987,2688.34195788509
2025-01-20T08:00:00Z,2711.64,2707.12,2711.87,2707.07,1764,57.496185821825,2708.66970547003,2707.48400709493,-0.774852735012701,-1.86257363249388,FALSE,FALSE,FALSE,,,2.64031419281602,-1,1139,0,stop_loss,16,-0.00146298327714478,2701.83937161437,2711.08047128922
2025-01-21T08:45:00Z,2731.51,2729.73,2731.52,2729.26,1713,65.9209630269089,2728.60873843093,2727.42653444455,0.560630784535988,-1.15531539226822,FALSE,FALSE,FALSE,,,3.25518572716132,-1,1225,1,profit_target,3,0.00238498732633721,2723.21962854568,2734.61277859074
2025-01-21T19:45:00Z,2745.2,2744.49,2745.6,2744.01,1459,68.3829717196789,2743.80852562164,2742.4936950847,0.340737189178071,-0.505368594589072,FALSE,FALSE,FALSE,,,3.18594209590679,-1,1269,0,max_holding_negative,20,-0.00135908675200129,2738.11811580819,2749.26891314386
2025-01-22T07:00:00Z,2757.99,2752.17,2758.12,2752.06,2506,56.8703245544137,2753.88080701148,2752.80054757803,-0.85540350573956,-2.4672982471302,FALSE,FALSE,FALSE,,,2.52626623729048,-1,1310,1,profit_target,1,0.00183583589479605,2747.11746752542,2755.95939935594
2025-01-23T10:45:00Z,2743.1,2745.85,2747.22,2742.6,2151,34.7049998824774,2746.96658591605,2749.02909887824,-0.55829295802323,1.65914647901172,FALSE,FALSE,FALSE,,,2.62132020092125,1,1417,1,profit_target,4,0.00190929599280457,2751.09264040184,2741.91801969862
2025-01-23T14:45:00Z,2737.84,2741.45,2742.01,2737.77,2691,38.3058797884342,2741.46935674391,2743.65344302226,-0.00967837195548782,1.82983918597756,FALSE,FALSE,FALSE,,,3.83399440892982,1,1433,1,profit_target,7,0.00279705587111187,2749.11798881786,2735.69900838661
2025-01-24T04:15:00Z,2775.09,2771.96,2775.09,2771.7,2378,70.6471306250255,2771.61311233616,2768.30432734715,0.173443831920395,-1.57672191596066,FALSE,FALSE,FALSE,,,3.04267167096308,-1,1483,0,stop_loss,9,-0.00164649111330784,2765.87465665807,2776.52400750645
2025-01-24T07:15:00Z,2777.67,2776.12,2778.19,2775.92,1811,69.8412095592061,2775.79005245762,2774.45264616989,0.164973771190944,-0.852486885595681,FALSE,FALSE,FALSE,,,2.7713801118129,-1,1495,1,profit_target,8,0.0019965852425781,2770.57723977637,2780.27707016772
2025-01-27T03:30:00Z,2757.84,2757.34,2758.5,2754.57,2461,22.9771656180935,2760.08191033553,2762.89266597435,-1.37095516776253,0.45547758388102,FALSE,FALSE,FALSE,,,3.24821060129783,1,1572,0,stop_loss,14,-0.00176703486038968,2763.8364212026,2752.46768409805
2025-01-27T18:15:00Z,2731.1,2735.65,2735.92,2731,2101,32.1219468876049,2736.12614219584,2739.72287939082,-0.238071097920056,2.44403554896007,FALSE,FALSE,FALSE,,,4.82102692040593,1,1631,1,max_holding_positive,20,0.00298649315519166,2745.29205384081,2728.41845961939
2025-01-28T21:15:00Z,2764.75,2762.83,2764.85,2762.31,1222,68.6958559493103,2763.57889767394,2762.59535722563,-0.374448836971624,-0.792775581513979,FALSE,FALSE,FALSE,,,2.1081481418587,-1,1735,0,stop_loss,15,-0.00114455909802197,2758.61370371628,2765.99222221279
2025-01-30T17:15:00Z,2793.77,2791.29,2794.6,2790.41,2970,66.776970982148,2791.78593248401,2789.68004579976,-0.247966242004168,-1.10601687899771,FALSE,FALSE,FALSE,,,3.67108921857662,-1,1903,0,stop_loss,8,-0.0019727917299402,2783.94782156285,2796.79663382787
2025-01-31T16:15:00Z,2815.33,2809.67,2815.33,2809.36,2762,62.0770477068037,2810.58081030314,2808.54108924971,-0.455405151570176,-2.59229742421439,FALSE,FALSE,FALSE,,,3.53727548806834,-1,1992,0,stop_loss,9,-0.00188844712443196,2802.59544902386,2814.9759132321
2025-02-03T04:45:00Z,2773.64,2774.37,2776.42,2772.58,1883,27.4687372478168,2775.37972793475,2778.1050146112,-0.50486396737324,0.652431983686256,FALSE,FALSE,FALSE,,,4.7570249053636,1,2038,1,profit_target,6,0.00342926495410746,2783.88404981073,2767.23446264195
2025-02-03T16:00:00Z,2830.1,2826.83,2830.1,2823.08,3027,77.9370180835948,2821.95814825075,2816.71151554054,2.43592587462535,-2.85296293731244,FALSE,FALSE,FALSE,,,4.43300989962506,-1,2083,1,profit_target,1,0.00313638237858304,2817.96398020075,2833.47951484944
2025-02-05T17:00:00Z,2880.09,2868.71,2880.98,2867.92,3044,50.0424190256351,2873.45049489322,2871.94250335395,-2.37024744660721,-4.49487627669623,FALSE,FALSE,FALSE,,,4.87703376703842,-1,2272,0,stop_loss,4,-0.00255011857265381,2858.95593246592,2876.02555065056
2025-02-06T09:30:00Z,2851.18,2856.23,2858.38,2850.72,2056,36.4600148117412,2855.91656618875,2858.56257461929,0.156716905624762,2.34664154718757,FALSE,FALSE,FALSE,,,3.77524310068834,1,2334,1,profit_target,12,0.00264351477345199,2863.78048620138,2850.56713534897
2025-02-06T16:15:00Z,2843.61,2844.59,2847.52,2843.37,2667,30.4629099544412,2847.6022770599,2851.87149075362,-1.50613852995184,1.2580692649758,FALSE,FALSE,FALSE,,,5.02842288594867,1,2361,1,profit_target,19,0.00353542892715552,2854.6468457719,2837.04736567108
2025-02-07T04:15:00Z,2868.05,2867.4,2868.33,2867.18,1550,69.422166260482,2867.44905718134,2865.89066075624,-0.0245285906712525,-0.302735704663974,FALSE,FALSE,FALSE,,,2.32384924581807,-1,2405,1,profit_target,9,0.00162087552892384,2862.75230150836,2870.88577386873
2025-02-10T11:15:00Z,2905.46,2902.11,2905.75,2901.38,2244,74.3935875201038,2902.09247051076,2899.45767725135,0.00876474462074839,-1.68438237231067,FALSE,FALSE,FALSE,,,3.33864823410823,-1,2526,0,stop_loss,12,-0.00172563147198492,2895.43270353178,2907.11797235116
2025-02-11T03:30:00Z,2939.79,2917.03,2941.42,2905.34,3293,47.9059462088462,2929.11284268488,2927.37953041442,-6.04142134243921,-8.33928932878007,FALSE,FALSE,FALSE,,,6.88221951393551,-1,2587,0,stop_loss,14,-0.00353898632201358,2903.26556097213,2927.3533292709
2025-02-13T06:30:00Z,2922.33,2920.79,2922.36,2920.17,1369,72.5346645406839,2919.88474208304,2917.62809165431,0.452628958480545,-0.966314479239827,FALSE,FALSE,FALSE,,,2.89138736154293,-1,2783,1,profit_target,2,0.00197986665357175,2915.00722527691,2925.12708104231
2025-02-14T00:45:00Z,2931.13,2931.1,2932.15,2930.53,717,70.6617079137329,2930.20833797497,2928.98478578806,0.445831012515555,-0.222915506257777,FALSE,FALSE,FALSE,,,2.6061715596056,-1,2852,1,profit_target,10,0.00177828907891619,2925.88765688079,2935.00925733941
2025-02-14T21:45:00Z,2878.91,2885.32,2886.18,2878.06,2458,38.0606385921634,2882.43845240187,2883.58174222809,1.44077379906639,2.48961310046707,FALSE,FALSE,FALSE,,,4.6984511091559,1,2936,1,profit_target,15,0.00325679724200847,2894.71690221831,2878.27232333627
2025-02-18T06:45:00Z,2912.35,2910.56,2914.07,2910.28,1341,64.483725283487,2911.35969581368,2909.97332823501,-0.399847906838659,-0.685076046580434,FALSE,FALSE,FALSE,,,2.89880626862657,-1,3050,0,stop_loss,5,-0.00149394254127729,2904.76238746275,2914.90820940294
2025-02-18T16:15:00Z,2929.19,2926.32,2929.35,2925.48,2225,68.8359843873642,2925.70292692978,2922.98832090116,0.308536535108487,-1.54426826755389,FALSE,FALSE,FALSE,,,3.4307737871505,-1,3087,0,stop_loss,5,-0.00175857755840976,2919.4584524257,2931.46616068073
2025-02-18T18:00:00Z,2932.85,2931.63,2933.62,2930.92,1599,72.4433602725943,2930.54216033243,2928.4233588227,0.543919833787641,-0.871959916893957,FALSE,FALSE,FALSE,,,3.43682331256316,-1,3094,0,stop_loss,11,-0.00175848758842164,2924.75635337487,2936.78523496885
2025-02-18T21:00:00Z,2935.72,2936.54,2936.66,2935.33,1065,74.7536295087739,2934.94221380872,2933.47181826054,0.798893095638505,0.00555345218117509,FALSE,FALSE,FALSE,,,2.53580002953741,-1,3106,1,profit_target,15,0.00172706656782289,2931.46839994093,2940.34370004431
2025-02-20T10:15:00Z,2953.66,2952.66,2954.64,2952.45,1594,66.1605773438059,2952.94933764282,2951.52502183845,-0.14466882141096,-0.447665589294957,FALSE,FALSE,FALSE,,,2.71905937661045,-1,3248,1,profit_target,10,0.00184176937175997,2947.22188124678,2956.73858906492
2025-02-20T15:15:00Z,2925.45,2929.35,2931.28,2924.29,4574,29.4046603948968,2933.23277545528,2937.97870671163,-1.94138772764154,2.93069386382149,FALSE,FALSE,FALSE,,,4.76407745512021,1,3268,1,profit_target,1,0.00325265158149097,2938.87815491024,2922.20388381732
2025-02-21T09:30:00Z,2919.24,2921.91,2923.06,2918.83,2394,34.8305110748097,2924.08028904076,2926.3250498986,-1.08514452037889,1.93257226018932,FALSE,FALSE,FALSE,,,4.184674113887,1,3337,1,profit_target,6,0.0028643415532217,2930.27934822777,2915.63298882917
2025-02-25T05:30:00Z,2937.11,2937.58,2938.79,2936.67,1520,30.095765357209,2939.10595370272,2941.95582103069,-0.762976851358872,0.611488425679454,FALSE,FALSE,FALSE,,,3.0268853419899,1,3506,0,stop_loss,13,-0.00154560148591184,2943.63377068398,2933.03967198702
2025-02-25T13:45:00Z,2925.75,2928.52,2930.41,2923.98,4203,35.4498916237398,2932.03149070864,2934.70995382017,-1.75574535431997,2.23787267715989,FALSE,FALSE,FALSE,,,3.94036334461715,1,3539,1,profit_target,4,0.00269102710216577,2936.40072668923,2922.60945498307
2025-02-25T17:15:00Z,2897.49,2894.98,2901.27,2893.98,4996,22.2771523863453,2904.11736955514,2913.32093201522,-4.56868477756916,1.01934238878448,FALSE,FALSE,FALSE,,,7.07187615539146,1,3553,1,profit_target,7,0.00488561313403993,2909.12375231078,2884.37218576691
2025-02-26T15:45:00Z,2895.12,2901.28,2905.29,2895.12,4977,38.352193612823,2900.19621783663,2903.62264041541,0.541891081682934,2.81905445915845,FALSE,FALSE,FALSE,,,4.76881638343106,1,3639,1,profit_target,2,0.00328738790012075,2910.81763276686,2894.12677542485
2025-02-27T06:45:00Z,2893.2,2890.88,2894.64,2890.14,2867,15.6615097377293,2894.51280688194,2898.40035019162,-1.81640344096923,-0.271798279515224,FALSE,FALSE,FALSE,,,3.6381888883291,1,3695,1,profit_target,3,0.00251701135178843,2898.15637777666,2885.42271666751
2025-02-27T16:00:00Z,2872.13,2874.01,2882.44,2870.41,6082,32.6697528574283,2879.03269794054,2882.37241970477,-2.51134897026759,2.21567448513406,FALSE,FALSE,FALSE,,,6.67615749288146,1,3732,1,profit_target,16,0.00464588327311417,2887.36231498576,2863.99576376068
2025-02-28T05:30:00Z,2859.73,2862.97,2863.5,2858.44,2008,33.8052061546442,2863.90131550723,2866.98552523425,-0.465657753614778,1.85782887680762,FALSE,FALSE,FALSE,,,4.4491013067489,1,3782,0,stop_loss,15,-0.0023310240624677,2871.8682026135,2856.29634803988
2025-03-03T00:15:00Z,2872.68,2871.1,2874.08,2870.02,2103,72.5589679277888,2864.8374945248,2859.76282990543,3.13125273759852,-2.43062636879904,FALSE,FALSE,FALSE,,,5.13087904928276,-1,3853,1,profit_target,16,0.00357415558446786,2860.83824190143,2878.79631857392
2025-03-03T18:00:00Z,2891.39,2892.15,2892.81,2890.61,2124,73.9556220496657,2890.37674821283,2887.32528466722,0.886625893585915,-0.0733129467935214,FALSE,FALSE,FALSE,,,4.11494643554129,-1,3924,1,profit_target,11,0.00284559682972269,2883.92010712892,2898.32241965331
2025-03-04T10:45:00Z,2919.49,2918.09,2920.69,2917.72,1755,77.1800985307465,2916.68917776685,2911.90836945666,0.700411116576561,-1.04520555828822,FALSE,FALSE,FALSE,,,4.41204852201022,-1,3987,0,stop_loss,12,-0.0022679467675826,2909.26590295598,2924.70807278302
2025-03-04T14:15:00Z,2926.5,2921.72,2926.95,2921.08,3931,66.0335034788936,2923.13130016702,2921.38741669641,-0.705650083507862,-2.04217495824605,FALSE,FALSE,FALSE,,,4.11557639994401,-1,4001,1,profit_target,5,0.00281722848181487,2913.48884720011,2927.89336459992
2025-03-05T15:00:00Z,2899.88,2902.07,2906.55,2899.29,4667,32.2633264572032,2904.90060473556,2908.57576578525,-1.41530236778044,1.81265118389047,FALSE,FALSE,FALSE,,,5.32907943522327,1,4096,1,profit_target,2,0.00367260571607392,2912.72815887045,2894.07638084717
2025-03-06T11:00:00Z,2894.19,2894.48,2896.66,2891.91,2986,18.1684656195961,2897.95241498041,2902.33902345413,-1.73620749020438,1.02310374510171,FALSE,FALSE,FALSE,,,4.37992385051169,1,4172,1,profit_target,2,0.00302639772982481,2903.23984770102,2887.91011422423
2025-03-07T01:00:00Z,2910.25,2899.76,2910.25,2896.23,2801,28.9060151194084,2904.7656694388,2907.62945890238,-2.50283471939974,1.2514173597001,TRUE,FALSE,TRUE,min,4226,4.72829756517602,1,4225,1,profit_target,6,0.00326116476203274,2909.21659513035,2892.66755365224
2025-03-07T01:15:00Z,2899.78,2902.36,2905.39,2898.19,1835,35.3697401908101,2903.96377962587,2906.67137546558,-0.801889812933041,1.7009449064667,FALSE,FALSE,FALSE,,,4.90484773909201,1,4226,1,max_holding_positive,20,0.00308025193290979,2912.16969547818,2895.00272839136
2025-03-07T10:15:00Z,2922.23,2922.27,2922.66,2921.06,2302,72.6045796055931,2921.06007363721,2918.76325790646,0.60496318139667,-0.287481590698462,FALSE,FALSE,FALSE,,,2.89578351840982,-1,4262,1,profit_target,16,0.00198187266639282,2916.47843296318,2926.61367527762
2025-03-10T19:15:00Z,2884.02,2883.37,2884.24,2881.94,3118,26.8322658370263,2886.92601548985,2891.48207958415,-1.77800774492607,0.559003872463109,FALSE,FALSE,FALSE,,,5.19662270302075,1,4394,1,max_holding_positive,20,0.00133871129962514,2893.76324540604,2875.57506594547
2025-03-13T05:00:00Z,2945.51,2945.36,2946.11,2943.94,1010,69.32834306567,2944.64345989957,2943.23022290712,0.358270050212923,-0.284135025106934,FALSE,FALSE,FALSE,,,2.59195640472533,-1,4614,1,profit_target,5,0.00176002689296069,2940.17608719055,2949.24793460709
2025-03-13T17:45:00Z,2984.71,2980,2985.12,2977.49,3855,74.9423657194293,2979.22613892376,2974.0768284361,0.38693053812267,-2.54346526906102,FALSE,FALSE,FALSE,,,5.34881280793301,-1,4665,0,stop_loss,16,-0.00269235544023479,2969.30237438413,2988.0232192119
2025-03-14T11:30:00Z,3002.42,2990.08,3002.82,2987.4,3520,48.4949029612136,2996.2217324946,2995.03735312276,-3.07086624729709,-4.62956687635142,FALSE,FALSE,FALSE,,,4.11356894811574,-1,4732,0,stop_loss,2,-0.00206360813830191,2981.85286210377,2996.25035342217
2025-03-18T04:30:00Z,3012.69,3010.52,3012.85,3010.04,1287,69.3952008952158,3010.52807355099,3008.52874092882,-0.00403677549320491,-1.10298161225364,FALSE,FALSE,FALSE,,,2.84992336655452,-1,4889,0,stop_loss,4,-0.00141998227875315,3004.82015326689,3014.79488504983
2025-03-19T07:00:00Z,3044.38,3038.55,3044.65,3036.93,2518,56.1287708108208,3039.81889727132,3038.3540939743,-0.634448635659282,-2.6427756821704,FALSE,FALSE,FALSE,,,2.97705812260887,-1,4991,0,stop_loss,3,-0.00146964413418017,3032.59588375478,3043.01558718391
2025-03-20T11:45:00Z,3028.29,3034.12,3035.48,3028.19,3470,36.9832268076921,3034.00299435118,3036.98950507366,0.0585028244090609,2.8807485877951,FALSE,FALSE,FALSE,,,3.98827263189049,1,5102,1,profit_target,8,0.00262894851350019,3042.09654526378,3028.13759105216
2025-03-21T06:45:00Z,3024.85,3027.96,3029.31,3024.02,2720,33.0264650437111,3027.64777027712,3029.19584746896,0.156114861442347,1.44194256927904,FALSE,FALSE,FALSE,,,2.79096563122517,1,5174,1,profit_target,3,0.00184346268195429,3033.54193126245,3023.77355155316
2025-03-21T15:15:00Z,3003.56,3008.09,3009.46,3000.25,5584,27.0614116649732,3012.49172522672,3019.20003406999,-2.20086261336064,3.30043130667991,FALSE,FALSE,FALSE,,,5.48307549577182,1,5208,1,profit_target,16,0.00364555282306833,3019.05615099154,2999.86538675634
2025-03-24T19:15:00Z,3003.5,3004.24,3005.03,3003.3,2372,29.8375216411234,3005.93223469989,3008.06927413912,-0.846117349944052,0.783058674971471,FALSE,FALSE,FALSE,,,3.68901050979445,1,5316,1,profit_target,8,0.00245586937780893,3011.61802101959,2998.70648423531
2025-03-25T15:15:00Z,3032.3,3028.07,3033.76,3027.31,4579,60.2925052185065,3027.86931432511,3025.81500885096,0.100342837446078,-2.17517141872304,FALSE,FALSE,FALSE,,,4.11801252161878,-1,5392,1,profit_target,5,0.00271989255309076,3019.83397495676,3034.24701878243
2025-03-27T11:45:00Z,3052.4,3051.36,3054.56,3051.25,3019,77.1648493252972,3048.32952050463,3044.08690400474,1.51523974768497,-1.27261987384236,FALSE,FALSE,FALSE,,,3.82393993459733,-1,5563,1,profit_target,10,0.00250638399572474,3043.71212013081,3057.0959099019
2025-03-27T13:15:00Z,3053.36,3050.47,3054.2,3049.25,2887,63.9965620667799,3051.78891538038,3049.79485023162,-0.659457690189356,-1.10027115490493,FALSE,FALSE,FALSE,,,4.03709027246479,-1,5569,1,profit_target,4,0.00264686443234312,3042.39581945507,3056.5256354087
2025-03-28T03:30:00Z,3075.42,3071.12,3075.55,3070.98,2652,69.1109163334536,3071.54634319689,3068.42679261508,-0.213171598446024,-2.05841420077695,FALSE,FALSE,FALSE,,,3.25524211530302,-1,5622,0,stop_loss,5,-0.0015899291375636,3064.60951576939,3076.00286317295
2025-03-28T05:00:00Z,3075.22,3072.78,3075.32,3072.53,1478,64.1810930672075,3073.09227155638,3071.67595397175,-0.156135778189764,-1.15193211090491,FALSE,FALSE,FALSE,,,3.30856925703305,-1,5628,0,stop_loss,6,-0.0016151022479805,3066.16286148593,3077.74285388555
2025-03-28T08:15:00Z,3083.33,3083.05,3085.57,3082.03,2356,72.3785292829228,3082.46146221223,3080.44387092945,0.294268893885146,-0.292134446941873,FALSE,FALSE,FALSE,,,3.25529801762513,-1,5641,1,profit_target,3,0.00211173871174657,3076.53940396475,3087.93294702644
2025-03-31T05:15:00Z,3108.91,3108.04,3111.09,3105.13,2400,75.7288895154166,3105.02144150179,3100.27323446903,1.50927924910457,-1.19463962455256,FALSE,FALSE,FALSE,,,5.58746481162476,-1,5717,0,stop_loss,10,-0.00269661819585242,3096.86507037675,3116.42119721744
2025-03-31T08:15:00Z,3124.83,3119.62,3125.03,3117.28,2858,70.1915303911815,3117.98716464178,3114.47823377688,0.8164176791106,-3.00820883955566,FALSE,FALSE,FALSE,,,5.75178815013287,-1,5729,1,max_holding_positive,20,0.00118604188971728,3108.11642369973,3128.2476822252
2025-04-01T06:15:00Z,3146.42,3143.66,3146.42,3142.71,1509,69.1527187684767,3144.52171934756,3142.53259986797,-0.430859673777832,-1.15957016311131,FALSE,FALSE,FALSE,,,3.56182916067212,-1,5814,1,profit_target,6,0.00226603968665328,3136.53634167866,3149.00274374101
2025-04-01T18:30:00Z,3107.79,3107.01,3110.46,3105.11,3837,26.0609919285594,3111.57040912133,3117.07738013692,-2.28020456066452,0.760102280332376,FALSE,FALSE,FALSE,,,6.22002892768808,1,5863,1,profit_target,15,0.00400386798091281,3119.45005785538,3097.67995660847
2025-04-03T02:00:00Z,3162.44,3150.5,3164.73,3149.42,5022,59.8424400757846,3154.69774396301,3149.55080793827,-2.09887198150363,-4.99556400924848,FALSE,FALSE,FALSE,,,9.21117940867986,-1,5981,1,max_holding_positive,20,0.00465640374543726,3132.07764118264,3164.31676911302
2025-04-03T15:15:00Z,3059.33,3065.27,3069.55,3056.18,5319,27.608749398018,3070.29744269709,3079.83888110088,-2.5137213485441,4.22186067427219,FALSE,FALSE,FALSE,,,10.8671252958406,1,6034,1,profit_target,1,0.00709048488116261,3087.00425059168,3048.96931205624
2025-04-04T10:45:00Z,3083.11,3084.1,3085.68,3081.28,3296,30.0340234396551,3086.93500131486,3091.20241932943,-1.41750065743008,1.20875032871481,FALSE,FALSE,FALSE,,,5.82160515636344,1,6108,1,profit_target,2,0.00377523760991108,3095.74321031273,3075.36759226546
2025-04-04T13:15:00Z,3134.48,3127.29,3134.53,3126.13,4946,67.8691472073822,3118.7424581508,3109.9751896458,4.27377092460165,-5.73688546230096,FALSE,FALSE,FALSE,,,8.85442088171449,-1,6118,1,profit_target,1,0.00566267975257461,3109.58115823657,3140.57163132257
2025-04-04T18:00:00Z,3021.76,3022.29,3025.97,3017.57,4655,27.2592858933516,3026.81867043187,3038.07200680403,-2.26433521593253,1.40216760796602,FALSE,FALSE,FALSE,,,14.3941112463081,1,6137,0,stop_loss,20,-0.00714397588234818,3051.07822249262,3000.69883313054
2025-04-07T02:15:00Z,2981.28,2985.05,2991.26,2975.32,3123,31.7131250554885,2990.64541724696,2999.79989483808,-2.79770862348187,3.30885431174102,FALSE,FALSE,FALSE,,,16.2562128918233,1,6166,1,profit_target,4,0.0108917524944798,3017.56242578365,2960.66568066227
2025-04-09T09:15:00Z,3045.3,3043.09,3046.42,3041.26,3260,79.8316848284916,3037.2760121928,3029.58545950663,2.90699390359805,-2.51849695179953,FALSE,FALSE,FALSE,,,8.55765070307488,-1,6378,0,stop_loss,16,-0.00421823740165831,3025.97469859385,3055.92647605461
2025-04-09T14:15:00Z,3062.78,3053.92,3067.44,3048.83,4619,61.1683050691405,3057.72648885477,3054.11609600816,-1.9032444273862,-3.51837778630716,FALSE,FALSE,FALSE,,,9.24877785113823,-1,6398,0,stop_loss,5,-0.00454274073214342,3035.42244429772,3067.79316677671
2025-04-10T05:30:00Z,3123.95,3121.82,3130.29,3120.53,1996,70.7799599578758,3119.31121561977,3112.22166504768,1.25439219011378,-1.67719609505684,FALSE,FALSE,FALSE,,,10.2552903826493,-1,6455,1,max_holding_positive,20,0.00314560096354055,3101.3094192347,3137.20293557397
2025-04-10T07:15:00Z,3129.65,3125.34,3130.42,3124.94,1658,65.7718100355293,3125.75630342905,3122.61133452626,-0.20815171452432,-2.04092414273737,FALSE,FALSE,FALSE,,,8.34918515559072,-1,6462,1,profit_target,9,0.00534289719236352,3108.64162968882,3137.86377773339
2025-04-10T17:45:00Z,3168.04,3157.92,3169.07,3154.75,3758,64.6978333376157,3159.63398579479,3151.95892469348,-0.856992897392956,-4.65150355130345,FALSE,FALSE,FALSE,,,10.0868378156484,-1,6504,0,stop_loss,11,-0.00479120963275589,3137.7463243687,3173.05025672347
2025-04-15T07:00:00Z,3231.76,3227.7,3232.07,3227.45,1690,61.2812603580803,3228.70525354087,3227.06129403101,-0.50262677043338,-1.79868661478258,FALSE,FALSE,FALSE,,,3.83642800458938,-1,6738,1,profit_target,9,0.00237718995234339,3220.02714399082,3233.45464200688
2025-04-16T18:30:00Z,3332.07,3322.46,3332.19,3321.44,2815,60.3124309184151,3323.83365625351,3319.72164220245,-0.686828126753881,-4.4465859366228,FALSE,FALSE,FALSE,,,7.96258501896335,-1,6877,0,stop_loss,7,-0.00359488978902537,3306.53482996207,3334.40387752845
2025-04-17T00:30:00Z,3352.92,3352.86,3354.74,3351.73,1604,74.367282841839,3349.13578776285,3344.66478651329,1.86210611857405,-0.951053059286551,FALSE,FALSE,FALSE,,,5.71041922401166,-1,6897,1,profit_target,12,0.0034062974439802,3341.43916155198,3361.42562883602
2025-04-17T16:45:00Z,3294.67,3291.25,3296.76,3286.03,4952,27.8721790810479,3302.14744918701,3310.28126278887,-5.44872459350609,1.04436229675321,FALSE,FALSE,FALSE,,,9.45641070447909,1,6962,1,profit_target,7,0.0057463946552095,3310.16282140896,3277.06538394328
2025-04-21T00:30:00Z,3343.39,3346.65,3347.89,3340.83,2324,75.5729942213278,3338.14242256107,3331.5036738637,4.25378871946532,-0.491894359733124,FALSE,FALSE,FALSE,,,6.52449461119839,-1,6989,0,stop_loss,9,-0.00292433983738885,3333.6010107776,3356.4367419168
2025-04-21T05:15:00Z,3381.18,3382.28,3383.19,3378.07,2454,78.2914957092682,3381.33182630788,3377.14190961001,0.474086846062619,0.3179565769683,FALSE,FALSE,FALSE,,,6.38441514664062,-1,7009,0,stop_loss,14,-0.00283141038588202,3369.51116970672,3391.85662271996
2025-04-21T09:30:00Z,3394.34,3391.58,3395.6,3390.82,2799,70.6921479123743,3391.77339276394,3389.20217487159,-0.096696381968286,-1.34165180901573,FALSE,FALSE,FALSE,,,5.09607448431999,-1,7026,0,stop_loss,16,-0.0022538497474569,3381.38785103136,3399.22411172648
2025-04-21T16:15:00Z,3426.4,3426.43,3429.33,3421.49,4439,74.6531597859424,3421.90953952168,3416.28383104018,2.2602302391615,-1.1201151195819,FALSE,FALSE,FALSE,,,7.77208672403632,-1,7053,1,profit_target,2,0.00453655070965197,3410.88582655193,3438.08813008605
2025-04-22T05:45:00Z,3490.35,3487.74,3491.7,3486.87,2104,76.6917731908339,3482.05392135229,3471.1360702281,2.84303932385683,-2.73151966192881,FALSE,FALSE,FALSE,,,9.15868552788958,-1,7103,1,profit_target,13,0.00525193135261773,3469.42262894422,3501.47802829183
2025-04-22T18:45:00Z,3383.66,3392.79,3394.28,3381.37,4575,34.2832392686876,3397.8682120363,3408.00859968707,-2.53910601814732,5.83955300907337,FALSE,FALSE,FALSE,,,15.1447768368203,1,7155,0,stop_loss,11,-0.0066957180536463,3423.07955367364,3370.07283474477
2025-04-23T00:45:00Z,3332.28,3327.85,3333.97,3323.21,3169,26.9381769534267,3338.60020959543,3352.58965427172,-5.37510479771481,0.50755239885757,FALSE,FALSE,FALSE,,,14.3602258631006,1,7175,1,profit_target,7,0.00863033241468251,3356.5704517262,3306.30966120535
2025-04-23T09:00:00Z,3300.98,3307.7,3312.67,3300.98,3700,33.0756241270149,3312.02225749385,3320.39239076302,-2.16112874692362,4.49056437346235,FALSE,FALSE,FALSE,,,12.8375974490254,1,7208,1,profit_target,9,0.00776225017324755,3333.37519489805,3288.44360382646
2025-04-23T16:15:00Z,3269.64,3275.28,3284.69,3268.66,5866,30.2909819566537,3282.82433036596,3294.78479455615,-3.77216518297973,4.73608259149023,FALSE,FALSE,FALSE,,,13.1850737864595,1,7237,1,profit_target,10,0.00805126510494339,3301.65014757292,3255.50238932031
2025-04-24T03:45:00Z,3361.85,3357.34,3365.04,3348.51,4261,76.74153066715,3351.84123700094,3340.81057063606,2.74938149953141,-3.6496907497658,FALSE,FALSE,FALSE,,,9.85471945382048,-1,7279,1,profit_target,3,0.00587055195709729,3337.63056109236,3372.12207918073
2025-04-25T00:45:00Z,3365.37,3367.02,3367.4,3361.46,1748,79.0331631899359,3360.10955523244,3353.31592852497,3.4552223837818,-0.912611191891756,FALSE,FALSE,FALSE,,,6.13871269525971,-1,7359,1,profit_target,2,0.0036463773278803,3354.74257460948,3376.22806904289
2025-04-25T08:00:00Z,3294.1,3288.82,3297.4,3287.48,4848,18.1277821588659,3303.12507138434,3313.80509648405,-7.1525356921702,0.956267846085211,FALSE,FALSE,FALSE,,,8.97588490699404,1,7388,1,profit_target,4,0.00545842272121551,3306.77176981399,3275.35617263951
2025-04-28T00:15:00Z,3326.66,3317.38,3327.22,3316.33,2276,64.9613235804962,3316.76127999484,3310.61976716956,0.309360002578615,-4.79968000128929,FALSE,FALSE,FALSE,,,7.11584097567505,-1,7449,1,profit_target,4,0.00429003670105635,3303.14831804865,3328.05376146351
2025-04-28T04:15:00Z,3271.1,3274.57,3276.27,3269.13,2188,33.1094742443053,3281.49637329115,3289.91188782799,-3.46318664557248,3.44159332278559,FALSE,FALSE,FALSE,,,9.0531012842499,1,7465,1,profit_target,4,0.00552933746064357,3292.6762025685,3260.99034807363
2025-04-28T22:00:00Z,3352.12,3350.19,3352.24,3349.56,1010,73.7885317965721,3349.77214072429,3346.69658743247,0.208929637853089,-1.07446481892657,FALSE,FALSE,FALSE,,,5.79931215208828,-1,7536,1,profit_target,4,0.00346207955494363,3338.59137569582,3358.88896822813
2025-05-01T06:45:00Z,3226.78,3226.65,3231.97,3225.72,1963,24.9430774316097,3228.30701626328,3232.40452075597,-0.828508131641684,0.364254065820205,FALSE,FALSE,FALSE,,,8.12365302633045,1,7752,1,profit_target,5,0.00503534813278814,3242.89730605266,3214.4645204605
2025-05-01T14:15:00Z,3206.73,3219.04,3219.91,3203.65,3901,44.346304972237,3214.54659481188,3217.18606634951,2.24670259406275,5.02664870296803,FALSE,FALSE,FALSE,,,7.39339196204307,1,7782,0,stop_loss,13,-0.00344515381699657,3233.82678392409,3207.94991205694
2025-05-05T05:00:00Z,3270.01,3260.04,3271.12,3259.97,2445,57.6574144291526,3264.11133521113,3261.25303852971,-2.03566760556714,-3.99216619721665,FALSE,FALSE,FALSE,,,6.59262941642452,-1,7929,0,max_holding_negative,20,-0.00104293198856459,3246.85474116715,3269.92894412464
2025-05-05T16:15:00Z,3316.05,3318.6,3320.61,3311.4,3440,74.1117719191823,3317.14406808246,3316.12232635516,0.727965958767982,0.921017020615636,FALSE,FALSE,FALSE,,,6.83005086930455,-1,7974,0,stop_loss,20,-0.00308716817451845,3304.93989826139,3328.84507630396
2025-05-05T21:45:00Z,3334.49,3328.76,3337.03,3327.16,2710,64.7268919999167,3329.068977086,3325.0901615542,-0.154488543001207,-2.75275572849978,FALSE,FALSE,FALSE,,,5.7763201329019,-1,7996,0,stop_loss,5,-0.00260291525954198,3317.2073597342,3337.42448019935
2025-05-06T04:30:00Z,3381.94,3366.99,3382.54,3364.51,3972,64.7147205814984,3371.77736008267,3363.23759837969,-2.39368004133576,-6.28315997933214,FALSE,FALSE,FALSE,,,9.34200647991361,-1,8020,0,max_holding_negative,20,-0.00179982714531389,3348.30598704017,3381.00300971987
2025-05-06T19:45:00Z,3416.74,3413.93,3416.74,3412.13,2289,69.8724608759484,3412.31782324038,3407.50967510256,0.806088379811627,-1.80304418990545,FALSE,FALSE,FALSE,,,6.4515515877904,-1,8081,0,stop_loss,8,-0.0028346589946735,3401.02689682442,3423.60732738169
2025-05-08T04:15:00Z,3409.74,3407.61,3413.34,3405.9,2612,70.9001144959612,3402.45826414721,3395.07320368454,2.57586792639358,-2.36793396319627,FALSE,FALSE,FALSE,,,7.87939480038749,-1,8203,1,profit_target,7,0.0046245872035752,3391.85121039923,3419.42909220058
2025-05-08T09:00:00Z,3329.71,3338.32,3339.49,3327.23,4032,26.6946083613954,3340.10521148382,3351.67507416315,-0.892605741911666,4.68130287095573,FALSE,FALSE,FALSE,,,9.94701924592913,1,8222,1,max_holding_positive,20,0.00264803853435252,3358.21403849186,3323.39947113111
2025-05-08T19:45:00Z,3302.95,3308.28,3309.29,3301.92,2368,31.7910845435642,3307.29397323979,3314.65380576557,0.493013380104458,2.41349330994808,FALSE,FALSE,FALSE,,,9.69913779036658,1,8265,0,stop_loss,6,-0.00439766485471298,3327.67827558073,3293.73129331445
2025-05-08T21:30:00Z,3291.93,3302.23,3302.33,3291.64,2367,36.0445628562567,3301.80962897791,3305.65081408937,0.210185511044074,5.00990724447775,FALSE,FALSE,FALSE,,,8.68588236716007,1,8272,1,profit_target,8,0.00526061623034134,3319.60176473432,3289.20117644926
2025-05-09T04:15:00Z,3277.13,3279.98,3285.07,3276.86,3155,29.9333657672443,3288.58619124397,3297.15695270255,-4.30309562198454,3.53654781099249,FALSE,FALSE,FALSE,,,8.88870838360412,1,8295,1,profit_target,2,0.00541997718498535,3297.75741676721,3266.64693742459
2025-05-12T01:15:00Z,3276.3,3285.61,3285.99,3275.44,2663,29.4633209613487,3283.30181922023,3293.87890262502,1.15409038988355,4.12795480505793,FALSE,FALSE,FALSE,,,8.48834791895065,1,8375,0,stop_loss,6,-0.003875238350999,3302.5866958379,3272.87747812157
2025-05-12T03:30:00Z,3264.57,3273.78,3274.78,3263.52,3643,36.4429421963417,3271.97417931417,3277.13578918208,0.90291034291613,4.18354482854147,FALSE,FALSE,FALSE,,,9.9764451638525,1,8384,1,max_holding_positive,20,0.000195492672079331,3293.73289032771,3258.81533225422
2025-05-12T10:00:00Z,3222.72,3224.39,3231.92,3220.67,4519,22.816880414129,3232.51526187277,3245.40560573507,-4.06263093638472,2.88631546819261,FALSE,FALSE,FALSE,,,10.6413554112355,1,8410,0,stop_loss,11,-0.00495040398861584,3245.67271082247,3208.42796688315
2025-05-12T13:00:00Z,3208.04,3222.32,3224.14,3207.85,3581,37.9633298570848,3216.20451815466,3219.87094742464,3.05774092266984,5.6061295386653,FALSE,FALSE,FALSE,,,9.40873128048237,1,8422,1,profit_target,8,0.00583972496864524,3241.13746256097,3208.20690307928
2025-05-14T07:15:00Z,3224.84,3224.12,3226.9,3223.95,1531,29.1542517324596,3225.21595403213,3227.55736401071,-0.547977016065943,-0.0810114919672742,FALSE,FALSE,FALSE,,,5.3387418635857,1,8583,1,profit_target,3,0.00331175133902318,3234.79748372717,3216.11188720462
2025-05-14T15:30:00Z,3186.46,3189.15,3193.87,3183.55,4838,27.0573207573505,3191.59354031687,3201.39146266644,-1.22177015843499,1.85088507921682,FALSE,FALSE,FALSE,,,8.78309842414408,1,8616,0,stop_loss,12,-0.00413108434417193,3206.71619684829,3175.97535236378
2025-05-15T08:15:00Z,3126.88,3140.5,3140.5,3125.04,3512,37.7149086531832,3135.4684209016,3139.53471355798,2.51578954920251,5.49710522539863,FALSE,FALSE,FALSE,,,7.70281661300268,1,8679,1,profit_target,9,0.00490547149371285,3155.90563322601,3128.9457750805
2025-05-15T19:15:00Z,3225.32,3223.2,3226.24,3222.73,2078,74.0090907467587,3221.93716847349,3217.52231444486,0.631415763255973,-1.36570788162862,FALSE,FALSE,FALSE,,,6.25096867816805,-1,8723,0,stop_loss,10,-0.00290905094851454,3210.69806264366,3232.57645301725
2025-05-16T01:00:00Z,3251.03,3247.97,3251.08,3242.11,2336,75.6049781458983,3247.05674965358,3242.61788944266,0.45662517321307,-1.74831258660652,FALSE,FALSE,FALSE,,,5.44617465905344,-1,8742,1,profit_target,3,0.00335358679978783,3237.07765068189,3256.13926198858
2025-05-16T05:15:00Z,3207.97,3210.49,3213.03,3206.88,2834,33.3343278343886,3214.36040743501,3219.6131825352,-1.93520371750583,2.21760185875246,FALSE,FALSE,FALSE,,,7.19995382166306,1,8760,1,profit_target,11,0.00448526786980369,3224.88990764333,3199.69006926751
2025-05-16T14:00:00Z,3163.1,3164.78,3167.03,3154.75,3986,24.0039863577563,3170.66476715729,3179.71019778813,-2.94238357864651,2.32119178932362,FALSE,FALSE,FALSE,,,9.57638372283631,1,8795,1,profit_target,4,0.00605184797858696,3183.93276744567,3150.41542441575
2025-05-19T02:30:00Z,3247.67,3245.43,3249.22,3243.49,2452,71.1080964710197,3242.83279124887,3236.26405356707,1.29860437556772,-1.77430218778409,FALSE,FALSE,FALSE,,,8.07718763928621,-1,8841,1,profit_target,3,0.00497757624677543,3229.27562472143,3257.54578145893
2025-05-20T16:30:00Z,3279.76,3281.61,3285.14,3274.37,4687,80.53588485007,3270.44854868343,3259.88404900183,5.5807256582857,-1.86036282914301,FALSE,FALSE,FALSE,,,8.14690724075618,-1,8989,0,max_holding_negative,20,-0.00286444763393581,3265.31618551849,3293.83036086113
2025-05-21T00:15:00Z,3299.68,3295.97,3301.12,3295.31,2089,68.0598670719618,3294.45814716491,3292.34927282975,0.755926417544288,-2.22796320877251,FALSE,FALSE,FALSE,,,4.99529504207312,-1,9016,0,stop_loss,10,-0.00227336491627954,3285.97940991585,3303.46294256311
2025-05-22T13:15:00Z,3293.25,3294.7,3296.76,3291.41,3110,26.0935260837446,3296.04665082126,3301.17260259169,-0.673325410629786,1.12166270531452,FALSE,FALSE,FALSE,,,6.48804706304613,1,9161,1,profit_target,2,0.00393847516498997,3307.67609412609,3284.96792940543
2025-05-23T10:00:00Z,3329.17,3329.03,3329.37,3325.46,2513,70.0317600702824,3329.34584013058,3327.03386386436,-0.157920065291364,0.00396003264586398,FALSE,FALSE,FALSE,,,4.91553790026017,-1,9240,0,stop_loss,15,-0.00221485142831102,3319.19892419948,3336.40330685039
2025-05-23T15:15:00Z,3355.21,3350.87,3358.19,3345.64,4323,66.5343251125355,3351.88576080622,3347.25606345488,-0.507880403111813,-1.85105979844457,FALSE,FALSE,FALSE,,,7.99474261875157,-1,9261,0,stop_loss,13,-0.00357880607965314,3334.8805147625,3362.86211392813
2025-05-27T00:45:00Z,3347.53,3347.51,3348.04,3346.81,582,70.0811686625064,3345.83724651767,3344.07464111253,0.836376741165623,-0.443188370581993,FALSE,FALSE,FALSE,,,2.82732727296556,-1,9378,1,profit_target,9,0.00168921214452861,3341.85534545407,3351.75099090945
2025-05-27T10:00:00Z,3296.15,3305.62,3310.29,3296.14,3680,32.7235623449594,3305.82604772688,3311.26963626425,-0.103023863439375,4.72151193172067,FALSE,FALSE,FALSE,,,7.29493975427858,1,9415,0,stop_loss,6,-0.00331024426020469,3320.20987950856,3294.67759036858
2025-05-27T14:00:00Z,3288.28,3294.09,3294.27,3288.01,3126,38.6474718715625,3292.21332988903,3294.0535576319,0.938335055487187,2.44583247225592,FALSE,FALSE,FALSE,,,6.28199241279566,1,9431,1,max_holding_positive,20,0.00155126301952881,3306.65398482559,3284.66701138081
2025-05-29T01:45:00Z,3252.65,3259.81,3263.15,3251.8,3937,26.0000303446136,3265.70301065431,3274.2239221575,-2.94650532715377,5.07825266357713,FALSE,FALSE,FALSE,,,7.996858638524,1,9566,0,stop_loss,6,-0.00367975064736469,3275.80371727705,3247.81471204221
2025-06-02T09:45:00Z,3354.41,3352.52,3356.75,3350.81,3077,83.0103090662043,3349.87603963236,3342.44680221208,1.32198018382269,-1.60099009191163,FALSE,FALSE,FALSE,,,5.6466404334137,-1,9782,0,stop_loss,18,-0.00252644597202115,3341.22671913317,3360.98996065012
2025-06-03T16:15:00Z,3338.88,3346.32,3346.55,3336.95,3763,38.9562760220542,3347.62925995587,3351.12748926502,-0.654629977933382,4.02731498896674,FALSE,FALSE,FALSE,,,6.5235359170721,1,9900,1,max_holding_positive,20,0.00202012957517505,3359.36707183414,3336.53469612439
2025-06-04T16:45:00Z,3382.63,3377.34,3383.5,3375.72,3532,66.520205929609,3371.74322825473,3365.72208168711,2.79838587263339,-4.07919293631676,FALSE,FALSE,FALSE,,,7.05402628058796,-1,9994,1,max_holding_positive,20,0.00114883310534329,3363.23194743882,3387.92103942088
2025-06-05T18:00:00Z,3344.69,3350.22,3350.22,3339.89,5336,28.3179643038439,3354.45367686502,3362.31894822922,-2.11683843251149,3.81841921625573,FALSE,FALSE,FALSE,,,8.87906839605368,1,10092,1,max_holding_positive,20,0.00166854714018785,3367.97813679211,3336.90139740592
2025-06-06T16:30:00Z,3323.99,3333.69,3334.17,3322.45,6262,32.8309963011254,3336.19878231532,3342.61818821196,-1.25439115765721,5.44719557882809,FALSE,FALSE,FALSE,,,8.34163471308346,1,10178,0,stop_loss,9,-0.00375333401414811,3350.37326942617,3321.17754793038
2025-06-06T22:15:00Z,3307.31,3311.09,3311.83,3307.31,1229,33.632422746058,3312.0271893976,3314.82111716385,-0.468594698799734,2.11929734939986,FALSE,FALSE,FALSE,,,5.42228898342243,1,10201,0,stop_loss,13,-0.00245642174484343,3321.93457796685,3302.95656652487
2025-06-10T04:45:00Z,3305,3309.25,3310.26,3304.52,2593,36.4293019514359,3307.54806954537,3310.13316504696,0.850965227315101,1.70951738634267,FALSE,FALSE,FALSE,,,4.90181337946356,1,10316,1,profit_target,11,0.00296249203261382,3319.05362675893,3301.89727993081
2025-06-11T14:45:00Z,3354.26,3336.65,3355.65,3332.34,6720,49.3842839872821,3340.09474067073,3338.14484831983,-1.72237033536385,-7.94881483231711,FALSE,FALSE,FALSE,,,7.36580138501731,-1,10448,1,profit_target,18,0.0044150878186308,3321.91839722997,3347.69870207753
2025-06-12T01:15:00Z,3366.7,3364.64,3367.9,3363.32,2312,68.4449411494777,3364.47182821692,3360.19146482807,0.084085891538507,-1.08204294576854,FALSE,FALSE,FALSE,,,5.4273264649369,-1,10486,0,stop_loss,8,-0.00241957228630865,3353.78534707013,3372.78098969741
2025-06-12T09:45:00Z,3342.17,3346.06,3347.01,3339.96,5957,30.2557960322845,3356.51389287048,3362.8088565092,-5.22694643524119,4.548473217621,FALSE,FALSE,FALSE,,,6.38495009212701,1,10520,1,profit_target,2,0.00381639904372721,3358.82990018425,3336.48257486181
2025-06-13T15:45:00Z,3441.87,3436.92,3442.55,3433.95,5170,62.6882118898069,3437.91117875533,3433.97593507019,-0.495589377663237,-2.21220531116796,FALSE,FALSE,FALSE,,,6.48164537465939,-1,10636,1,profit_target,4,0.0037717755284728,3423.95670925068,3446.64246806199
2025-06-16T00:15:00Z,3449.89,3447.12,3451,3446.43,2858,67.3954067710653,3441.61669026189,3438.27109902666,2.75165486905689,-2.79082743452864,FALSE,FALSE,FALSE,,,5.70161080804136,-1,10666,1,profit_target,10,0.00330804312471937,3435.71677838392,3455.67241621206
2025-06-16T09:15:00Z,3411.01,3413.44,3415.74,3410.34,3427,30.7790446066751,3415.54596235554,3419.08658300358,-1.05298117777056,1.76149058888586,FALSE,FALSE,FALSE,,,5.92617435968252,1,10702,1,max_holding_positive,20,0.000398425049217249,3425.29234871937,3404.55073846048
2025-06-16T16:00:00Z,3388.28,3396.4,3399.29,3387.36,6982,33.4059959308036,3402.06397692957,3407.27755495603,-2.83198846478217,5.49099423239113,FALSE,FALSE,FALSE,,,7.74267339959996,1,10729,0,stop_loss,19,-0.00341950597674002,3411.8853467992,3384.7859899006
2025-06-16T21:30:00Z,3384.6,3386.31,3387.7,3383.14,2689,31.469101320661,3386.50297003052,3389.19888932225,-0.0964850152568033,0.893242507628656,FALSE,FALSE,FALSE,,,4.55478499935077,1,10751,1,profit_target,9,0.0026901169705967,3395.4195699987,3379.47782250097
2025-06-19T08:45:00Z,3351.92,3357.27,3358.09,3350.06,3833,34.3610438724039,3357.23095042858,3361.75874670168,0.019524785712747,2.68523760714334,FALSE,FALSE,FALSE,,,5.51977081565602,1,10976,1,profit_target,3,0.00328824956923697,3368.30954163131,3348.99034377652
2025-06-20T05:15:00Z,3346.61,3352.41,3352.66,3346.34,3194,37.3049242417252,3352.7153214782,3355.72815006223,-0.152660739097428,2.95633036954814,FALSE,FALSE,FALSE,,,4.96590151257648,1,11045,0,stop_loss,10,-0.00222193952078201,3362.34180302515,3344.96114773114
2025-06-20T16:15:00Z,3370.75,3367.85,3371.07,3365.21,4138,65.8166141173304,3365.27521402844,3360.6804971084,1.28739298578239,-2.10369649289032,FALSE,FALSE,FALSE,,,5.62406720861096,-1,11089,0,max_holding_negative,20,-0.000427572486898186,3356.60186558278,3376.28610081292
2025-06-23T00:15:00Z,3379.99,3375.7,3386,3375.57,3519,63.0519037361979,3373.13622994624,3370.92147615816,1.28188502688272,-2.78094251344146,FALSE,FALSE,FALSE,,,5.14998171933479,-1,11117,0,stop_loss,2,-0.00228840613176587,3365.40003656133,3383.424972579
2025-06-23T13:30:00Z,3377.99,3379.01,3379.9,3375.79,2572,72.1096820535205,3374.36040990639,3370.56490989795,2.32479504680668,-0.647397523403924,FALSE,FALSE,FALSE,,,4.4205054224416,-1,11170,1,profit_target,2,0.00261645003858627,3370.16898915512,3385.64075813366
2025-06-24T02:15:00Z,3344.84,3348.91,3349.24,3344.44,3287,29.1049166143309,3348.90668838724,3353.39827158412,0.00165580638031315,2.04417209680969,FALSE,FALSE,FALSE,,,6.7720587584526,1,11217,0,stop_loss,20,-0.00303325205445324,3362.45411751691,3338.75191186232
2025-06-24T08:45:00Z,3317.54,3322.7,3324.12,3316.91,3527,25.2199823077281,3324.6911552208,3330.75315823966,-0.995577610402052,3.05778880520029,FALSE,FALSE,FALSE,,,5.89795666380727,1,11243,0,max_holding_negative,20,-0.000463478496403516,3334.49591332761,3313.85306500429
2025-06-26T11:00:00Z,3348.11,3341.01,3348.68,3340.49,3351,51.5101949802742,3344.67246530066,3343.81089576481,-1.831232650331,-2.65938367483432,FALSE,FALSE,FALSE,,,3.58149442135037,-1,11437,1,profit_target,10,0.00214395911496839,3333.8470111573,3346.38224163203
2025-06-27T02:45:00Z,3314.97,3318.79,3318.79,3313.88,2019,39.386134031149,3317.5360933212,3319.30371078471,0.626953339399734,1.59152333029988,FALSE,FALSE,FALSE,,,3.57857516357031,1,11496,0,stop_loss,7,-0.00161741560790394,3325.94715032714,3313.42213725464
2025-06-27T07:15:00Z,3293.69,3298.01,3299.43,3293.21,2923,34.0470302416631,3296.06161255023,3298.52758173096,0.974193724886391,1.6929031375571,FALSE,FALSE,FALSE,,,4.65510743547116,1,11514,0,stop_loss,5,-0.00211723468188594,3307.32021487094,3291.02733884679
2025-06-30T00:30:00Z,3249.37,3263.95,3265,3248.81,3046,43.432435974383,3263.73267446837,3267.06633000463,0.108662765817371,7.27066861709136,FALSE,FALSE,FALSE,,,6.89519772160946,1,11579,1,profit_target,15,0.00422506332609845,3277.74039544322,3253.60720341759
2025-06-30T22:00:00Z,3308.53,3307.31,3308.76,3307.1,1276,71.4085912546073,3305.66050376099,3302.65583162971,0.82474811950533,-1.02737405975358,FALSE,FALSE,FALSE,,,3.64143744214581,-1,11666,0,stop_loss,7,-0.00165154042506414,3300.02712511571,3312.77215616322
2025-07-01T01:00:00Z,3311.37,3311.84,3312.16,3309.77,1846,71.9379452519265,3309.34642416748,3307.20494523848,1.24678791626184,-0.393393958130673,FALSE,FALSE,FALSE,,,3.56815666413092,-1,11674,0,stop_loss,8,-0.00161609105397493,3304.70368667174,3317.1922349962
2025-07-01T03:45:00Z,3319.68,3317.74,3320.48,3315.83,2476,68.7555672171433,3317.57215372936,3315.36631911897,0.0839231353202194,-1.00696156765935,FALSE,FALSE,FALSE,,,3.536460300114,-1,11685,0,stop_loss,13,-0.00159888672716101,3310.66707939977,3323.04469045017
2025-07-01T14:45:00Z,3355.85,3354.47,3357.73,3352.16,3190,75.4110466322753,3352.95983807306,3350.83868565452,0.755080963470846,-1.05254048173538,FALSE,FALSE,FALSE,,,4.11835771216393,-1,11729,1,profit_target,2,0.00245544465275526,3346.23328457567,3360.64753656825
2025-07-03T00:30:00Z,3364.56,3362.64,3365.04,3362.21,1353,70.8484008890589,3361.01040575723,3358.84223636218,0.8147971213848,-1.36239856069369,FALSE,FALSE,FALSE,,,3.06325296772844,-1,11856,1,profit_target,2,0.00182193334268814,3356.51349406454,3367.23487945159
2025-07-03T14:45:00Z,3312.13,3324.38,3325.61,3311.76,7616,33.6088007669776,3332.23032440755,3338.83233988102,-3.92516220377547,8.13758110188701,FALSE,FALSE,FALSE,,,6.76839934893425,1,11913,1,profit_target,3,0.00407197693941985,3337.91679869787,3314.2274009766
2025-07-04T08:30:00Z,3344.04,3342.26,3344.04,3341.97,1527,64.1741931808309,3341.81107966412,3340.48394031504,0.224460167940379,-1.01223008397028,FALSE,FALSE,FALSE,,,2.80160980861839,-1,11980,1,profit_target,3,0.00167647628168869,3336.65678038276,3346.46241471293
2025-07-07T03:30:00Z,3312.05,3317.04,3318.81,3312.01,2981,34.6409130518163,3317.80601921846,3321.63127606745,-0.383009609228793,2.65650480461409,FALSE,FALSE,FALSE,,,4.7124281548814,1,12036,0,stop_loss,4,-0.00213100904189336,3326.46485630976,3309.97135776768
2025-07-07T05:00:00Z,3308.83,3312.14,3312.96,3307.04,2525,34.0415572048992,3312.13279181067,3314.93998003149,0.00360409466293277,1.6481979526684,FALSE,FALSE,FALSE,,,4.84127525253013,1,12042,0,stop_loss,19,-0.00219251386680367,3321.82255050506,3304.87808712121
2025-07-07T19:45:00Z,3333.62,3331.95,3333.88,3331.89,1991,73.3618921272733,3330.86206821516,3327.62930137132,0.543965892418328,-1.11198294620954,FALSE,FALSE,FALSE,,,4.11378225289461,-1,12101,0,stop_loss,5,-0.001851970581594,3323.72243549421,3338.12067337934
2025-07-08T00:30:00Z,3342.08,3339.53,3342.73,3339.46,1219,64.5124266490466,3339.87282687394,3338.33072634966,-0.171413436970397,-1.19429328151546,FALSE,FALSE,FALSE,,,3.63304992766857,-1,12116,1,profit_target,7,0.0021757851719664,3332.26390014466,3344.9795748915
2025-07-08T17:15:00Z,3291.44,3296.48,3297.34,3288.82,4413,28.3061913844948,3298.60312306034,3305.12091479711,-1.06156153017037,3.06078076508584,FALSE,FALSE,FALSE,,,6.11695484818336,1,12183,1,profit_target,8,0.00371120398011422,3308.71390969637,3287.30456772773
2025-07-09T17:00:00Z,3312.27,3308.05,3312.79,3307.48,2980,65.5558248871983,3307.64708966868,3303.87113744122,0.201455165659354,-2.19572758282948,FALSE,FALSE,FALSE,,,5.01046672875948,-1,12274,0,stop_loss,16,-0.00227194271342301,3298.02906654248,3315.56570009314
2025-07-09T19:15:00Z,3314.13,3312.33,3314.3,3311.48,2143,67.121863675452,3312.10469948231,3310.42143681776,0.112650258843587,-0.961325129421766,FALSE,FALSE,FALSE,,,4.0314771579788,-1,12283,0,stop_loss,16,-0.0018256682567764,3304.26704568404,3318.37721573697
2025-07-10T00:45:00Z,3320.67,3319.5,3320.83,3319.42,835,67.329696581996,3318.45161160086,3316.72939615179,0.524194199572776,-0.842097099786315,FALSE,FALSE,FALSE,,,3.00388460356867,-1,12301,0,stop_loss,11,-0.00135738120360082,3313.49223079286,3324.00582690535
2025-07-11T17:30:00Z,3365.91,3359.15,3366.21,3359.12,4676,60.8233971163682,3361.01730402145,3358.50805860844,-0.933652010724927,-2.88817399463778,FALSE,FALSE,FALSE,,,5.20099318270183,-1,12461,1,max_holding_positive,20,0.000381048777220487,3348.7480136346,3366.95148977405
2025-07-14T17:00:00Z,3342.95,3348.38,3349.36,3342.41,3377,38.5505950853679,3347.76865768941,3350.90314768034,0.305671155294476,2.56716442235302,FALSE,FALSE,FALSE,,,5.20459324699538,1,12551,0,max_holding_negative,20,-0.000994510778346522,3358.78918649399,3340.57311012951
2025-07-15T08:00:00Z,3362.02,3362.64,3363.99,3359.57,2124,71.594153439725,3362.37123252776,3360.72976305361,0.134383736123255,0.207808131938691,FALSE,FALSE,FALSE,,,2.75741228257472,-1,12608,1,profit_target,9,0.00164002824124777,3357.12517543485,3366.77611842386
2025-07-15T15:45:00Z,3338.32,3346.61,3347.74,3335.15,5939,39.122426605022,3345.028703066,3348.42619633953,0.790648467002939,3.75467576649862,FALSE,FALSE,FALSE,,,5.57948795624388,1,12639,0,stop_loss,6,-0.00250080885862585,3357.76897591249,3338.24076806563
2025-07-15T18:30:00Z,3325.66,3326.05,3326.6,3323.91,2889,27.6523972470001,3328.25331568629,3333.32227064784,-1.10165784314495,0.755828921572174,FALSE,FALSE,FALSE,,,5.86410015652834,1,12650,1,max_holding_positive,20,8.71905112671077e-05,3337.77820031306,3317.25384976521
2025-07-16T16:45:00Z,3340.32,3338.04,3340.63,3337.4,301,57.6935361509798,3330.55793381586,3330.99591163467,3.74103309207021,4.6044834539648,FALSE,FALSE,FALSE,,,5.22516367467567,1,12735,1,profit_target,1,0.00313067768791012,3348.49032734935,3330.20225448799
2025-07-16T17:45:00Z,3360.32,3343.56,3366.21,3336.04,11513,54.0372050834724,3348.12699927227,3343.31480337648,-2.28349963613437,-7.26825018193267,FALSE,FALSE,FALSE,,,9.81780377218893,-1,12739,0,max_holding_negative,20,-0.0011694122432377,3323.92439245562,3358.28670565828
2025-07-17T15:00:00Z,3312.94,3316.69,3317.07,3311.15,5841,35.9010013532496,3318.08427974835,3321.1405306145,-0.697139874176173,2.19856993708845,FALSE,FALSE,FALSE,,,4.72272155944804,1,12820,1,profit_target,5,0.00284785226201304,3326.1354431189,3309.60591766083
2025-07-18T11:45:00Z,3353.31,3352.29,3353.54,3350.79,1653,67.0825020370664,3351.50607259782,3349.45344285143,0.39196370108948,-0.715981850545177,FALSE,FALSE,FALSE,,,3.19294898191545,-1,12899,0,stop_loss,8,-0.00142870201351115,3345.90410203617,3357.07942347287
2025-07-21T08:45:00Z,3368.86,3368.28,3370.56,3367.41,2012,69.6770120012355,3367.67598776122,3365.14686145327,0.302006119391535,-0.43600305969494,FALSE,FALSE,FALSE,,,3.17728725203776,-1,12979,0,stop_loss,18,-0.00141494498024412,3361.92542549592,3373.04593087806
2025-07-21T16:45:00Z,3399.64,3400.27,3400.92,3397.23,4548,87.2872286268858,3396.56050120123,3391.67008901435,1.85474939938331,-0.617374699691936,FALSE,FALSE,FALSE,,,4.29322589718844,-1,13011,1,profit_target,10,0.00252522646565623,3391.68354820562,3406.70983884578
2025-07-23T18:30:00Z,3383.61,3389.95,3390.84,3381.61,5209,28.5860791203156,3393.50327469934,3400.42615195158,-1.77663734967064,4.05331867483528,FALSE,FALSE,FALSE,,,6.36808606276116,1,13202,0,max_holding_negative,20,-0.00051623180282895,3402.68617212552,3380.39787090586
2025-07-25T11:15:00Z,3344.64,3347.17,3348.47,3344.62,1455,34.3870190227063,3347.34060472785,3349.89331553237,-0.0853023639224375,1.30265118196121,FALSE,FALSE,FALSE,,,3.62193236044626,1,13358,0,stop_loss,6,-0.00162313194151167,3354.41386472089,3341.73710145933
2025-07-25T17:45:00Z,3327.09,3327.76,3329.57,3326.54,3556,26.4714158237308,3330.13302830248,3333.18923683713,-1.18651415123804,0.908257075619076,FALSE,FALSE,FALSE,,,4.88521864195204,1,13384,1,profit_target,9,0.00293604024445991,3337.5304372839,3320.43217203707
2025-07-28T16:15:00Z,3308.55,3311.79,3314.24,3306.67,5074,30.1261051270124,3314.11703039297,3319.88925988356,-1.1635151964847,2.23675759824255,FALSE,FALSE,FALSE,,,5.3868186910045,1,13470,1,max_holding_positive,20,0.000706566539545124,3322.56363738201,3303.70977196349
2025-07-30T16:00:00Z,3303.08,3306.33,3308.29,3302.49,4069,28.2686973777248,3307.29049330565,3312.46171598474,-0.480246652823553,1.87012332641098,FALSE,FALSE,FALSE,,,5.39593368424364,1,13654,0,stop_loss,5,-0.0024480014173919,3317.12186736849,3298.23609947364
2025-07-30T17:45:00Z,3292.83,3290.27,3293.9,3289.05,2650,21.0535903451298,3294.91259860225,3299.92124887711,-2.32129930112569,-0.124350349437464,FALSE,FALSE,FALSE,,,5.45973193507195,1,13661,1,profit_target,8,0.00331871362233001,3301.18946387014,3282.08040209739
2025-07-30T21:45:00Z,3272.65,3269.26,3275.59,3268.16,4586,17.2116464193538,3275.33212251688,3281.85580640002,-3.0360612584409,-0.141969370780316,FALSE,FALSE,FALSE,,,5.82966515510015,1,13677,1,profit_target,11,0.00356635150162434,3280.9193303102,3260.51550226735
2025-07-31T10:30:00Z,3310.71,3309.11,3313.43,3308.91,2096,71.1890576826961,3307.34840390604,3304.72654401311,0.880798046978271,-1.22039902348979,FALSE,FALSE,FALSE,,,4.59228972949235,-1,13724,1,profit_target,9,0.00277554371386412,3299.92542054102,3315.99843459424
2025-08-01T16:30:00Z,3345.94,3344.78,3346.58,3341.33,5556,74.0278215066129,3344.72679725978,3338.25861293756,0.0266013701102565,-0.558300685054746,FALSE,FALSE,FALSE,,,7.40502462520998,-1,13840,0,stop_loss,20,-0.00332085725752216,3329.96995074958,3355.88753693782
2025-08-04T16:00:00Z,3383.15,3377.44,3384.57,3376.67,4231,64.9222145661166,3376.47635738613,3372.84702343075,0.481821306936581,-3.08091065346889,FALSE,FALSE,FALSE,,,4.67807818049373,-1,13931,1,max_holding_positive,20,0.000402671846132019,3368.08384363901,3384.45711727074
2025-08-05T13:45:00Z,3351.32,3351.31,3354.19,3350.89,1813,22.4098262243991,3352.74766504319,3355.66008777985,-0.718832521593868,0.349416260796716,FALSE,FALSE,FALSE,,,3.3255684563076,1,14014,1,profit_target,2,0.00198463792147403,3357.96113691262,3346.32164731554
2025-08-06T12:00:00Z,3358.8,3362.79,3362.82,3358.16,2410,35.9158339409588,3362.83042018188,3365.09314863608,-0.0202100909409637,1.99510504547061,FALSE,FALSE,FALSE,,,3.35457665319239,1,14099,1,profit_target,12,0.00199511515925315,3369.49915330638,3357.75813502021
2025-08-07T04:15:00Z,3381.78,3378.9,3381.81,3378.38,2476,61.3695276885688,3379.4784809707,3377.39132968618,-0.289240485351002,-1.30037975732512,FALSE,FALSE,FALSE,,,3.33705226019746,-1,14160,1,profit_target,13,0.00197522996253066,3372.22589547961,3383.9055783903
2025-08-07T10:00:00Z,3396.19,3381.32,3396.5,3380.11,6089,49.2788641446165,3388.25843642387,3386.50277918774,-3.46921821193291,-5.66039089403375,FALSE,FALSE,FALSE,,,4.6358890153418,-1,14183,1,profit_target,11,0.00274205873170343,3372.04822196932,3388.27383352301
2025-08-11T03:15:00Z,3372.83,3375.15,3376.08,3371.61,3505,30.1703195602187,3379.39553531081,3383.99436027628,-2.12276765540264,2.21638382770061,FALSE,FALSE,FALSE,,,5.82228894971928,1,14340,0,stop_loss,20,-0.00258756897458745,3386.79457789944,3366.41656657542
2025-08-14T02:45:00Z,3371.07,3369.48,3371.96,3369.12,1772,69.3339796832635,3368.96859023027,3366.20200459634,0.255704884866645,-0.912852442433632,FALSE,FALSE,FALSE,,,3.13842812499818,-1,14615,1,profit_target,8,0.00186285606384261,3363.20314375,3374.1876421875
2025-08-14T10:15:00Z,3344.49,3349.69,3349.76,3341.72,3001,36.3571494437697,3350.58190569582,3353.7504153005,-0.445952847909211,2.78297642395501,FALSE,FALSE,FALSE,,,4.57900342270709,1,14645,1,profit_target,4,0.00273398638244557,3358.84800684541,3342.82149486594
2025-08-14T16:15:00Z,3338.26,3344.8,3345.88,3337.21,4659,41.2083866934231,3344.65980429441,3347.28891380567,0.0700978527943335,3.23995107360315,FALSE,FALSE,FALSE,,,5.94656814627722,1,14669,0,stop_loss,3,-0.00266678193596509,3356.69313629256,3335.88014778058
2025-08-15T07:15:00Z,3345.86,3343.34,3345.94,3343.04,1422,58.4591508506938,3344.4727855713,3343.55169844769,-0.566392785648986,-1.00680360717479,FALSE,FALSE,FALSE,,,2.48343289263554,-1,14725,0,stop_loss,2,-0.00111419997336602,3338.37313421473,3347.06514933895
2025-08-18T01:30:00Z,3329.16,3328.23,3329.61,3327.89,933,28.1332195363469,3330.66302357166,3332.55994510768,-1.21651178583033,0.168255892914658,FALSE,FALSE,FALSE,,,2.76682916111047,1,14794,1,profit_target,2,0.00166264300310407,3333.76365832222,3324.07975625833
2025-08-19T15:15:00Z,3329.6,3331.69,3332.81,3328.54,3375,36.1705177227291,3333.5470595105,3335.81810017878,-0.928529755248746,1.49926487762423,FALSE,FALSE,FALSE,,,3.38910346512698,1,14942,1,profit_target,2,0.00203446507035585,3338.46820693025,3326.60634480231
2025-08-19T19:30:00Z,3315.46,3319.24,3319.94,3315.39,2142,34.9278333454942,3318.3454592366,3320.35161778404,0.447270381700946,1.6613648091502,FALSE,FALSE,FALSE,,,3.93113495900546,1,14959,0,max_holding_negative,20,-0.00113278943372572,3327.10226991801,3313.34329756149
2025-08-20T17:00:00Z,3346.8,3342.72,3346.88,3342.05,2721,61.6319839536001,3344.29434235372,3342.76366484866,-0.787171176861648,-1.65141441156857,FALSE,FALSE,FALSE,,,3.93938439089489,-1,15041,0,stop_loss,17,-0.00176774500596595,3334.84123121821,3348.62907658634
2025-08-21T08:30:00Z,3334.48,3337.34,3337.87,3334.43,1773,40.1397181005952,3337.28770629169,3338.20699339437,0.0261468541539216,1.401926572923,FALSE,FALSE,FALSE,,,2.31936749540675,1,15099,1,profit_target,13,0.0013899497776114,3341.97873499081,3333.86094875689
2025-08-21T13:15:00Z,3329.39,3330.99,3332.7,3328.8,2025,34.3457663246469,3331.92463750574,3334.24939467453,-0.467318752871051,1.03865937643468,FALSE,FALSE,FALSE,,,3.17921466170758,1,15118,1,profit_target,3,0.00190887073314999,3337.34842932342,3326.22117800744
2025-08-22T17:45:00Z,3371.78,3367.83,3373.04,3367.32,3960,72.6034520109841,3369.8203356291,3362.92448228221,-0.99516781454804,-1.48241609272645,FALSE,FALSE,FALSE,,,5.55395618143722,-1,15228,0,max_holding_negative,20,-0.00106893756513836,3356.72208763713,3376.16093427216
2025-08-22T20:00:00Z,3374.14,3373.74,3374.95,3373.09,1577,72.8746774724231,3373.33966325469,3371.26478828414,0.200168372653934,-0.310084186327003,FALSE,FALSE,FALSE,,,4.16754090303548,-1,15237,1,profit_target,20,0.00247057621691973,3365.40491819393,3379.99131135455
2025-08-26T03:00:00Z,3383.24,3375.78,3384.8,3375.13,4108,59.0134914462889,3375.58982816162,3371.44363578448,0.0950859191898417,-3.77254295959483,FALSE,FALSE,FALSE,,,4.74343789937392,-1,15353,0,max_holding_negative,20,-0.000154038474071172,3366.29312420125,3382.89515684906
2025-08-27T07:00:00Z,3374.96,3374.64,3376.12,3374.07,2070,21.6778220767445,3376.33733830405,3378.73511999883,-0.84866915202565,0.284334576012043,FALSE,FALSE,FALSE,,,2.37154362717981,1,15461,1,profit_target,4,0.00140550910744837,3379.38308725436,3371.08268455923
2025-08-27T19:00:00Z,3395.41,3396.18,3397.38,3394.86,2585,75.6537067591027,3393.59008977128,3390.77923016312,1.29495511436107,-0.2524775571801,FALSE,FALSE,FALSE,,,3.45985533548082,-1,15509,0,max_holding_negative,20,-0.000465228580346266,3389.26028932904,3401.36978300322
2025-08-28T14:15:00Z,3406.47,3406.87,3408.47,3406.17,3050,72.3862002686403,3404.69328611435,3402.49325639865,1.0883569428247,-0.339178471412197,FALSE,FALSE,FALSE,,,3.04683379706597,-1,15582,1,profit_target,2,0.00178864106764627,3400.77633240587,3411.4402506956
2025-08-28T22:00:00Z,3422.02,3419.41,3422.44,3419.27,1963,62.5540593407793,3419.6761712772,3418.68409243067,-0.133085638600278,-1.28845718069942,FALSE,FALSE,FALSE,,,2.82135281020727,-1,15613,1,profit_target,14,0.00165019860748338,3413.76729437959,3423.64202921531
2025-08-29T19:30:00Z,3448.09,3444.64,3448.31,3443.72,2893,68.9321339598974,3446.3181883477,3444.41398786696,-0.839094173850754,-1.29545291307431,FALSE,FALSE,FALSE,,,3.88151307303482,-1,15696,0,stop_loss,9,-0.00169024037622283,3436.87697385393,3450.46226960955
2025-08-29T22:00:00Z,3452.63,3446.84,3452.79,3445.78,3380,61.2263452009893,3447.4392400357,3446.24656670262,-0.299620017849975,-2.71518999107502,FALSE,FALSE,FALSE,,,3.92034507738977,-1,15706,1,profit_target,16,0.0022747473496825,3438.99930984522,3452.72051761609
2025-09-01T08:45:00Z,3487.86,3479.25,3488.17,3478.49,3695,60.7463830723823,3481.78629801728,3479.41532221441,-1.26814900863747,-3.67592549568144,FALSE,FALSE,FALSE,,,6.05037766223707,-1,15745,1,profit_target,13,0.00347797810576245,3467.14924467553,3488.32556649336
2025-09-02T04:00:00Z,3497.71,3494.08,3500.64,3493.66,4610,64.7903252268248,3494.2483556444,3490.12710969816,-0.0841778221997629,-1.78291108890016,FALSE,FALSE,FALSE,,,5.66809696668804,-1,15808,1,max_holding_positive,20,0.00287343163293341,3482.74380606662,3502.58214545003
2025-09-02T22:00:00Z,3537,3535.53,3537.69,3535.11,1807,73.2618944801028,3535.52886960435,3532.94295972369,0.000565197823561903,-0.685282598911726,FALSE,FALSE,FALSE,,,5.05672919269738,-1,15880,0,stop_loss,14,-0.00214539087182004,3525.41654161461,3543.11509378905
2025-09-03T20:15:00Z,3578.2,3574.65,3578.37,3574.62,3383,69.0178440510572,3574.48578276548,3571.8275083487,0.0821086172604737,-1.82605430862986,FALSE,FALSE,FALSE,,,4.4870469894297,-1,15966,1,profit_target,1,0.00251048185944341,3565.67590602114,3581.38057048415
2025-09-04T05:15:00Z,3515.04,3529.73,3530.43,3514.59,4495,35.2051373407315,3530.88007078046,3538.05589978172,-0.575035390231278,7.63751769511509,FALSE,FALSE,FALSE,,,7.90010977254364,1,15998,1,max_holding_positive,20,0.00382748822147863,3545.53021954509,3517.87983534118
2025-09-05T16:15:00Z,3592.94,3578.94,3595.67,3577.8,7674,60.6016818266941,3584.07289167113,3578.44138643051,-2.5664458355659,-5.67677708221663,FALSE,FALSE,FALSE,,,7.92029615825593,-1,16134,0,stop_loss,3,-0.00331954272420994,3563.09940768349,3590.82044423738
2025-09-08T10:30:00Z,3612.61,3612.46,3614.61,3611.19,2791,73.9264195991568,3610.26385821691,3605.95800277861,1.09807089154492,-0.629035445772388,FALSE,FALSE,FALSE,,,4.90016445913891,-1,16204,0,stop_loss,6,-0.0020346928931278,3602.65967108172,3619.81024668871
2025-09-08T12:30:00Z,3618.61,3617.57,3619.08,3615.34,2518,69.0970755582718,3616.84693152012,3614.15954171755,0.361534239938464,-0.640767119969041,FALSE,FALSE,FALSE,,,4.7077448084301,-1,16212,0,stop_loss,9,-0.00195203332973382,3608.15451038314,3624.63161721265
2025-09-08T17:15:00Z,3645.45,3636.47,3645.82,3636.38,5001,62.1958155563814,3637.83970889167,3634.1792103273,-0.68485444583439,-4.12757277708351,FALSE,FALSE,FALSE,,,6.1793688268733,-1,16231,1,max_holding_positive,20,0.000461986486895213,3624.11126234625,3645.73905324031
2025-09-09T04:45:00Z,3652.8,3647.58,3652.88,3646.95,2963,63.147671491737,3649.04821225251,3646.0938678803,-0.734106126255938,-2.24794693687181,FALSE,FALSE,FALSE,,,4.27523318417982,-1,16273,0,stop_loss,7,-0.00175811079572482,3639.02953363164,3653.99284977627
2025-09-10T13:00:00Z,3655.2,3654.54,3655.36,3650.13,2776,69.1317006920872,3654.02219822043,3652.08901908062,0.258900889787128,-0.45445044489361,FALSE,FALSE,FALSE,,,3.94620502764563,-1,16398,1,profit_target,6,0.00215961791505669,3646.64758994471,3660.45930754147
2025-09-11T11:30:00Z,3617.09,3619.38,3620.82,3616.87,2545,33.5211240258464,3621.21566413346,3624.04251319588,-0.917832066731535,1.57891603336566,FALSE,FALSE,FALSE,,,4.58641094247453,1,16484,1,profit_target,12,0.0025343627596298,3628.55282188495,3612.50038358629
2025-09-15T03:15:00Z,3628.69,3631.78,3632.43,3626.65,2863,32.9765372314324,3633.08390903013,3635.60822340013,-0.651954515065427,1.87597725753267,FALSE,FALSE,FALSE,,,3.56405952136642,1,16635,1,profit_target,3,0.00196270672858296,3638.90811904273,3626.43391071795
2025-09-15T15:45:00Z,3662.77,3657.04,3663.93,3656.34,4450,62.4064334031843,3654.67750819166,3650.79184017402,1.18124590416846,-3.46062295208412,FALSE,FALSE,FALSE,,,4.96082112822819,-1,16685,0,stop_loss,5,-0.00203476901875346,3647.11835774354,3664.48123169234
2025-09-15T18:45:00Z,3678.71,3679.1,3680.7,3674.67,3280,70.5887723823633,3678.20427843082,3673.40993606426,0.447860784589921,-0.0439303922953513,FALSE,FALSE,FALSE,,,5.44233902476183,-1,16697,1,max_holding_positive,20,0.000108722241852652,3668.21532195048,3687.26350853714
2025-09-17T21:00:00Z,3650.48,3650.77,3664.27,3646.27,7217,22.7212350336972,3662.61949182954,3670.78804652578,-5.92474591477094,3.17737295738516,FALSE,FALSE,FALSE,,,10.205933522707,1,16890,1,profit_target,13,0.00559111284617055,3671.18186704541,3635.46109971594
2025-09-18T08:15:00Z,3637.11,3638.51,3639.58,3634.15,4369,26.9609827113357,3645.23993976959,3650.05144267564,-3.36496988479666,2.39748494239802,FALSE,FALSE,FALSE,,,5.73620711508307,1,16932,1,profit_target,4,0.0031530528238664,3649.98241423017,3629.90568932738
2025-09-19T17:30:00Z,3671.35,3670.17,3671.4,3667.81,3963,69.5869814736731,3668.70399084278,3665.03773197784,0.73300457860978,-0.986502289305008,FALSE,FALSE,FALSE,,,4.8981548534814,-1,17061,0,stop_loss,9,-0.00200187791852209,3660.37369029304,3677.51723228022
2025-09-22T00:30:00Z,3691.2,3690.58,3691.2,3688.95,1339,77.3417602388301,3688.31185393359,3685.87429843647,1.13407303320628,-0.882036516603421,FALSE,FALSE,FALSE,,,3.23111885885139,-1,17085,0,stop_loss,11,-0.00131325653102682,3684.1177622823,3695.42667828828
2025-09-22T09:00:00Z,3714.28,3711.35,3714.68,3709.57,3457,69.6480627722935,3709.58875411587,3704.84174958478,0.880622942066111,-1.95031147103327,FALSE,FALSE,FALSE,,,4.63694583598004,-1,17119,0,stop_loss,4,-0.00187409399651615,3702.07610832804,3718.30541875397
2025-09-22T13:00:00Z,3727.26,3727.15,3727.79,3725.69,2275,73.2431190147702,3725.83022018889,3723.51775883181,0.659889905554792,-0.424944952777423,FALSE,FALSE,FALSE,,,4.02312969119145,-1,17135,1,profit_target,5,0.00215882360044074,3719.10374061762,3733.18469453679
2025-09-22T21:15:00Z,3747.54,3743.78,3748.15,3743.34,2164,64.0950707859157,3745.45338733992,3743.77202384616,-0.836693669959914,-1.47165316501969,FALSE,FALSE,FALSE,,,3.82594080290398,-1,17168,0,stop_loss,19,-0.00153291892268138,3736.12811839419,3749.51891120436
2025-09-23T11:30:00Z,3786.93,3778.25,3787.52,3778.25,3853,68.6680048786606,3777.18054126605,3770.47335398838,0.534729366973807,-4.60236468348739,FALSE,FALSE,FALSE,,,5.93367540275057,-1,17222,0,stop_loss,3,-0.0023557237091579,3766.3826491945,3787.15051310413
2025-09-24T21:30:00Z,3718.26,3727.3,3727.51,3718.26,3136,33.5159362821951,3724.6174442041,3728.05493376273,1.34127789795321,3.85436105102372,FALSE,FALSE,FALSE,,,5.47989997574999,1,17354,1,profit_target,6,0.00294041261811497,3738.2597999515,3719.08015003638
2025-09-26T16:30:00Z,3777.45,3776.56,3781.52,3774.66,6111,71.9507193425795,3770.78474209721,3764.82915864639,2.88762895139553,-1.97881447569853,FALSE,FALSE,FALSE,,,6.67522147438439,-1,17518,1,max_holding_positive,20,0.002097146609613,3763.20955705123,3786.57283221158
2025-09-29T08:45:00Z,3819.01,3817.34,3819.03,3812.67,4069,70.3951814088083,3814.88145394147,3810.44850269279,1.22927302926564,-1.42463651463277,FALSE,FALSE,FALSE,,,6.76208466753498,-1,17579,0,stop_loss,19,-0.00265711909374137,3803.81583066493,3827.4831270013
2025-09-30T08:15:00Z,3866.45,3866.35,3867.16,3861.89,4039,72.1555551110277,3866.95840516552,3865.11614923249,-0.304202582761263,0.0721012913809318,FALSE,FALSE,FALSE,,,4.93725060798257,-1,17669,1,profit_target,2,0.002553959474948,3856.47549878403,3873.75587591197
2025-09-30T12:00:00Z,3798.58,3803.17,3806.46,3798.06,3827,23.9219222485771,3804.55694368292,3814.17350849709,-0.693471841459996,2.63173592073053,FALSE,FALSE,FALSE,,,9.0856313195089,1,17684,1,profit_target,11,0.00477792542511054,3821.34126263902,3789.54155302074
2025-09-30T17:00:00Z,3854.04,3835.15,3854.05,3832.51,6929,54.4291429218568,3841.00348411713,3834.94113108234,-2.92674205856383,-7.98662897071881,FALSE,FALSE,FALSE,,,10.180329395872,-1,17704,0,stop_loss,16,-0.00398172016578436,3814.78934120826,3850.42049409381
2025-10-01T10:30:00Z,3891.73,3891.75,3893.72,3887.89,4154,75.1281617278899,3885.0141768241,3878.09390775426,3.3679115879504,-1.67895579397509,FALSE,FALSE,FALSE,,,6.1980542088566,-1,17770,1,profit_target,12,0.00318522731874172,3879.35389158229,3901.04708131328
2025-10-02T17:45:00Z,3834.84,3828.25,3836.1,3826.75,6767,20.3213279893682,3836.81645807427,3847.50924969315,-4.28322903713524,-1.11338548143203,FALSE,FALSE,FALSE,,,10.0419084025534,1,17891,1,profit_target,11,0.00524621349313834,3848.33381680511,3813.18713739617
2025-10-03T16:00:00Z,3885.48,3867.11,3885.82,3866.22,9122,49.7223524913547,3875.61956849502,3873.51109865926,-4.2547842475069,-5.61260787624633,FALSE,FALSE,FALSE,,,7.16147500721451,-1,17977,0,stop_loss,1,-0.00277783991425687,3852.78704998557,3877.85221251082
2025-10-06T01:15:00Z,3909.96,3910.48,3912.29,3907.1,3828,80.7066154670966,3902.91915976341,3897.1817098874,3.78042011829712,-1.62021005914767,FALSE,FALSE,FALSE,,,6.38247671080391,-1,18010,0,stop_loss,11,-0.00244821992855244,3897.71504657839,3920.05371506621
2025-10-06T07:15:00Z,3940.12,3936.95,3940.41,3933.02,4152,72.6488824161594,3936.62752094299,3932.42997454183,0.161239528507849,-1.67561976425395,FALSE,FALSE,FALSE,,,6.30185915469542,-1,18034,1,profit_target,3,0.00320139151104049,3924.34628169061,3946.40278873204
2025-10-06T10:15:00Z,3947.06,3943.73,3949.12,3940.04,4516,65.9423104796055,3940.78955401594,3937.41879898492,1.47022299203218,-2.40511149601662,FALSE,FALSE,FALSE,,,6.89835011560815,-1,18046,1,profit_target,16,0.0034983886399972,3929.93329976878,3954.07752517341
2025-10-07T00:30:00Z,3973.14,3963.66,3973.14,3959.09,3970,56.3001482043732,3965.75414584675,3963.68086622748,-1.04707292337571,-4.22146353831204,FALSE,FALSE,FALSE,,,6.44597450451994,-1,18099,0,stop_loss,7,-0.00243940241009066,3950.76805099096,3973.32896175678
2025-10-08T02:30:00Z,3998.49,3994.88,3998.49,3989.45,4430,63.8565530462204,3995.39141221958,3993.19478626389,-0.255706109790481,-1.7021469451056,FALSE,FALSE,FALSE,,,4.62581985914463,-1,18200,1,profit_target,2,0.00231587424861058,3985.62836028171,4001.81872978872
2025-10-08T07:45:00Z,4030.38,4029.07,4032.78,4028.18,3954,74.4740591988002,4028.27872294732,4023.73270304258,0.395638526342736,-0.827819263171477,FALSE,FALSE,FALSE,,,5.28274184337441,-1,18221,0,stop_loss,5,-0.00196673494505224,4018.50451631325,4036.99411276506
2025-10-08T12:15:00Z,4046.4,4040.25,4046.63,4037.72,3302,61.698307850224,4042.15292104404,4039.98954196751,-0.951460522016987,-2.58926973899088,FALSE,FALSE,FALSE,,,6.00100954501122,-1,18239,0,stop_loss,11,-0.00222795973455032,4028.24798090998,4049.25151431752
2025-10-09T02:00:00Z,4011.57,4018.43,4018.91,4008.65,4583,37.3188289081999,4016.50302442655,4021.27902449947,0.963487786722908,2.88325610663833,FALSE,FALSE,FALSE,,,8.90374483455089,1,18290,0,stop_loss,9,-0.00332359086803217,4036.2374896691,4005.07438274817
2025-10-09T19:30:00Z,3959.04,3956.8,3963.46,3955.75,6807,26.0176809981109,3967.37314025357,3982.77337021193,-5.28657012678468,1.56328506339241,FALSE,FALSE,FALSE,,,13.8926561811857,1,18360,1,profit_target,19,0.00702216749958838,3984.58531236237,3935.96101572822
2025-10-10T06:15:00Z,3947.84,3958.83,3958.95,3947.84,3854,37.9126237706099,3960.64767495154,3966.7113803803,-0.90883747577027,5.93941873788481,FALSE,FALSE,FALSE,,,9.25040408936335,1,18399,1,profit_target,4,0.00467330200557409,3977.33080817873,3944.95439386596
2025-10-13T01:15:00Z,4047.96,4049.09,4054.44,4046.29,3703,73.9486066823457,4041.68215161718,4032.20568847689,3.70392419140853,-1.391962095704,FALSE,FALSE,FALSE,,,13.3926247236048,-1,18471,0,max_holding_negative,20,-0.000901437113030245,4022.30475055279,4069.17893708541
2025-10-13T07:45:00Z,4075.51,4063.68,4076.31,4061.53,4836,61.0470817683642,4065.7279624855,4061.58711160722,-1.02398124275123,-5.40800937862468,FALSE,FALSE,FALSE,,,9.47366993350533,-1,18498,0,stop_loss,12,-0.00349695470614271,4044.73266013299,4077.89050490026
2025-10-14T03:30:00Z,4146.79,4139.76,4149.04,4134.86,6552,67.960291790017,4136.98962605842,4131.00553067887,1.38518697079144,-4.20259348539457,FALSE,FALSE,FALSE,,,8.04808708892501,-1,18573,0,stop_loss,6,-0.00291614263469069,4123.66382582215,4151.83213063339
2025-10-14T07:30:00Z,4179.17,4119.71,4179.49,4119.26,11087,37.5584496664302,4154.52386478179,4156.99186530635,-17.4069323908934,-21.0615338045518,FALSE,FALSE,FALSE,,,11.4752023807001,-1,18589,0,stop_loss,1,-0.00417815903814838,4096.7595952386,4136.92280357105
2025-10-15T10:30:00Z,4210.73,4215.31,4216.94,4210.46,2974,73.262713826222,4210.01916329655,4204.58957823509,2.64541835172622,0.977290824135707,FALSE,FALSE,FALSE,,,7.6454278486737,-1,18693,1,profit_target,3,0.00362745698355449,4200.01914430265,4226.77814177301
2025-10-17T00:30:00Z,4367.6,4360.7,4367.6,4342.87,5229,80.6186777578581,4347.44939453664,4331.54596209637,6.62530273168159,-6.78265136584196,FALSE,FALSE,FALSE,,,14.2957864308398,-1,18837,1,profit_target,11,0.0065566475248653,4332.10842713832,4382.14367964626
2025-10-17T02:00:00Z,4365.69,4356.58,4366.74,4355.02,5051,67.1951055308006,4359.72183984958,4351.79775242425,-1.57091992479036,-3.764540037605,FALSE,FALSE,FALSE,,,15.2063568454225,-1,18843,1,profit_target,5,0.00698086886751661,4326.16728630916,4379.38953526813
2025-10-20T15:00:00Z,4323.5,4319.02,4325.09,4313.57,8473,77.7066480670716,4308.21644344792,4293.28775274534,5.40177827603839,-4.91588913801843,FALSE,FALSE,FALSE,,,11.9909530016214,-1,18987,1,profit_target,4,0.00555262675404218,4295.03809399676,4337.00642950243
2025-10-20T17:30:00Z,4345.3,4349.93,4350.69,4344.07,6003,76.749486924803,4340.46837927976,4329.37430245739,4.73081036011899,-0.0554051800600064,FALSE,FALSE,FALSE,,,13.0989936328747,-1,18997,0,stop_loss,16,-0.00451696704298961,4323.73201273425,4369.57849044931
2025-10-20T22:00:00Z,4377.95,4360.05,4380.08,4355.45,6293,62.1256258623515,4365.88965237243,4361.62857015883,-2.9198261862166,-7.51508690689207,FALSE,FALSE,FALSE,,,9.90918552900917,-1,19015,0,stop_loss,5,-0.0034090843668109,4340.23162894198,4374.91377829351
2025-10-21T10:15:00Z,4244.58,4267.11,4270.78,4244.58,10199,30.2571248560047,4282.6178101937,4300.22417865448,-7.75390509684985,15.1369525484233,FALSE,FALSE,FALSE,,,15.5581997459449,1,19060,0,stop_loss,15,-0.00546911132333531,4298.22639949189,4243.77270038108
2025-10-21T19:30:00Z,4097.65,4116.01,4117.65,4095.91,7422,34.6832505087985,4113.21980630229,4122.56844547042,1.39509684885797,8.4424515755718,FALSE,FALSE,FALSE,,,22.6162152183953,1,19097,1,max_holding_positive,20,0.00207239535375272,4161.24243043679,4082.08567717241
2025-10-22T02:15:00Z,4036.52,4049.05,4059.06,4030.3,12514,27.6643171948557,4074.59928339232,4092.32971111881,-12.7746416961613,12.7123208480803,FALSE,FALSE,FALSE,,,20.5301577587604,1,19120,1,profit_target,2,0.0101407281998298,4090.11031551752,4018.25476336186
2025-10-22T13:45:00Z,4022.4,4027.73,4033.58,4015.43,6484,31.0844360458722,4031.96068561833,4046.11326464627,-2.11534280916749,3.68267140458374,FALSE,FALSE,FALSE,,,22.2956965217605,1,19166,1,profit_target,7,0.0110710978748627,4072.32139304352,3994.28645521736
2025-10-23T08:15:00Z,4130.03,4125.28,4132.6,4120.63,6553,70.4093299276329,4114.21743677475,4104.85434467255,5.53128161262612,-5.20564080631448,FALSE,FALSE,FALSE,,,11.3544639206967,-1,19237,1,profit_target,5,0.00550482096764177,4102.57107215861,4142.31169588105
2025-10-24T10:30:00Z,4053.57,4056.44,4064.24,4050.01,5491,25.5213227189786,4063.98157389405,4074.84459629916,-3.77078694702686,3.29539347351374,FALSE,FALSE,FALSE,,,11.2628778898333,1,19338,1,profit_target,16,0.00555308491674146,4078.96575577967,4039.54568316525
2025-10-24T16:15:00Z,4131.8,4123.77,4134.77,4119.87,7164,67.5420556287454,4115.63553730471,4102.89923378348,4.06723134764434,-6.10361567382097,FALSE,FALSE,FALSE,,,14.7489962896315,-1,19361,1,max_holding_positive,20,0.00262381267626483,4094.27200742074,4145.89349443445
2025-10-27T10:00:00Z,4043.02,4036.4,4050.09,4029.95,7075,24.4914176664075,4050.01208668483,4058.26552035294,-6.80604334241389,0.0130216712077527,FALSE,FALSE,FALSE,,,11.4003590979522,1,19432,0,stop_loss,10,-0.00423658176764649,4059.2007181959,4019.29946135307
2025-10-27T12:45:00Z,4020.58,4023.91,4031.95,4019.49,4921,29.8399462285625,4027.9219232814,4033.90825262887,-2.00596164070112,2.64798082035077,FALSE,FALSE,FALSE,,,11.6983441720518,1,19443,1,profit_target,5,0.0058144164119236,4047.3066883441,4006.36248374192
2025-10-27T16:15:00Z,3978.77,3986.7,3987.98,3975.66,7234,27.641401029783,3991.17834488391,4002.20666983617,-2.23917244195445,5.09958622097702,FALSE,FALSE,FALSE,,,14.1400890366587,1,19457,1,max_holding_positive,20,0.00330850076504378,4014.98017807332,3965.48986644501
2025-10-28T10:15:00Z,3897.08,3904.85,3907.86,3895.24,6014,25.5014939695654,3906.28346463563,3917.06270063548,-0.716732317813694,4.21836615890607,FALSE,FALSE,FALSE,,,12.465577875628,1,19526,1,profit_target,6,0.00638466413594787,3929.78115575126,3886.15163318656
2025-10-29T11:00:00Z,4024.11,4022.32,4025.97,4017.3,4625,76.3988643905761,4019.56194307925,4012.8897979134,1.37902846037377,-1.52451423018738,FALSE,FALSE,FALSE,,,9.00151882711462,-1,19621,1,profit_target,14,0.00447578453584723,4004.31696234577,4035.82227824067
2025-10-29T20:45:00Z,3929.07,3945.53,3949.27,3929.07,7549,34.2297814362788,3951.09269757633,3962.88543312745,-2.78134878816218,9.67067439408129,FALSE,FALSE,FALSE,,,16.2560309203638,1,19660,0,stop_loss,5,-0.00618017006094123,3978.04206184073,3921.14595361946
2025-10-30T10:30:00Z,4004.33,4005.54,4007.12,3999.99,5016,71.2489973780937,3995.24202191096,3985.27643575029,5.1489890445223,-1.97949452226158,FALSE,FALSE,FALSE,,,12.1910964187468,-1,19711,1,profit_target,4,0.0060871175515645,3981.15780716251,4023.82664462812
2025-11-03T01:30:00Z,3970.55,3972.67,3977.45,3963.4,3875,32.2973370687702,3976.05620052001,3982.81381207628,-1.6931002600063,1.91655013000354,FALSE,FALSE,FALSE,,,10.8032546173844,1,19855,1,profit_target,3,0.00543878782651692,3994.27650923477,3956.46511807392
2025-11-04T15:45:00Z,3931.25,3957.04,3959.89,3930.84,8613,38.3159555093328,3957.26096968776,3967.35619890906,-0.110484843879021,12.9452424219394,FALSE,FALSE,FALSE,,,12.0761885624071,1,20004,0,stop_loss,15,-0.00457773559115158,3981.19237712481,3938.92571715639
2025-11-05T06:30:00Z,3975.69,3969.98,3976.01,3969.05,4154,64.798802806274,3970.14588534158,3965.41830063355,-0.0829426707896346,-2.87852866460526,FALSE,FALSE,FALSE,,,7.08830248380266,-1,20059,0,stop_loss,10,-0.00267821342316691,3955.8033950324,3980.6124537257
2025-11-05T09:15:00Z,3982.15,3979.91,3984.11,3978.34,3676,66.9789106814247,3975.77732664499,3972.33528624651,2.06633667750612,-2.15816833875351,FALSE,FALSE,FALSE,,,7.18667310594546,-1,20070,1,profit_target,4,0.0036114751870999,3965.53665378811,3990.69000965892
2025-11-06T09:45:00Z,4010.19,4014.82,4015.68,4010.14,3080,74.6240065708396,4010.63678329035,4005.42290630855,2.09160835482544,1.26419582258768,FALSE,FALSE,FALSE,,,5.61255204586163,-1,20164,1,profit_target,16,0.00279591714989043,4003.59489590828,4023.23882806879
2025-11-06T18:30:00Z,3969.62,3981.68,3982.4,3967.8,5112,42.5299462625852,3978.56256756323,3981.74013709077,1.55871621838287,5.26564189080818,FALSE,FALSE,FALSE,,,8.62659272361336,1,20199,1,max_holding_positive,20,0.00104729661851281,3998.93318544723,3968.74011091458
2025-11-10T02:45:00Z,4050.84,4043.96,4052.84,4041.51,5383,72.8421481663001,4038.84486084332,4029.65484408256,2.55756957834001,-4.6787847891701,FALSE,FALSE,FALSE,,,8.27944036668007,-1,20321,0,stop_loss,9,-0.00307103941434139,4027.40111926664,4056.37916055002
2025-11-10T05:15:00Z,4056.14,4053.81,4056.58,4052.62,2658,71.2679266198376,4052.01905785879,4047.84913618481,0.895471070606163,-1.60773553530316,FALSE,FALSE,FALSE,,,6.83108866762353,-1,20331,0,stop_loss,5,-0.00252765497185003,4040.14782266475,4064.05663300144
2025-11-10T14:15:00Z,4102.83,4101.96,4105.03,4098.61,6526,75.9055974145827,4097.9437809985,4092.85501694141,2.00810950074992,-1.46405475037454,FALSE,FALSE,FALSE,,,6.09223625635371,-1,20367,1,profit_target,3,0.00297040256675042,4089.77552748729,4111.09835438453
2025-11-11T02:45:00Z,4135.49,4136.2,4137.01,4130.51,5338,79.5893196085813,4133.85486271943,4129.645651405,1.17256864028695,-0.28128432014455,FALSE,FALSE,FALSE,,,5.4920118903811,-1,20413,0,stop_loss,6,-0.00199168749953376,4125.21597621924,4144.43801783557
2025-11-11T05:15:00Z,4143.08,4144.05,4144.5,4142.26,1687,73.1190913159539,4143.61233432276,4141.10746413584,0.218832838620074,0.355583580691018,FALSE,FALSE,FALSE,,,5.21409649987461,-1,20423,1,profit_target,5,0.00251642547743141,4133.62180700025,4151.87114474981
2025-11-11T16:30:00Z,4101.41,4107.75,4107.84,4097.1,8089,29.5540718374951,4115.51952817116,4123.469770451,-3.88476408557835,5.1373820427898,FALSE,FALSE,FALSE,,,8.36538928146069,1,20468,1,profit_target,17,0.00407297877497923,4124.48077856292,4095.20191607781
2025-11-12T01:00:00Z,4142.56,4143.72,4145.34,4139,3197,71.0841368850914,4141.29766441024,4137.09741271622,1.21116779488239,-0.605583897441647,FALSE,TRUE,TRUE,max,20500,5.48224861523081,-1,20499,1,profit_target,3,0.00264605167107366,4132.75550276954,4151.94337292285
2025-11-12T01:15:00Z,4143.71,4141.55,4144.45,4139.52,2256,66.6725873224505,4141.38177627349,4137.90697404054,0.0841118632552025,-1.12705593162718,FALSE,FALSE,FALSE,,,5.44280228557142,-1,20500,1,profit_target,3,0.00262838902612373,4130.66439542886,4149.71420342836
2025-11-12T05:15:00Z,4109.39,4111.39,4111.42,4104.93,3715,31.6906237817644,4114.41901177235,4119.31673844496,-1.51450588617263,1.72225294308646,FALSE,FALSE,FALSE,,,6.53089459688545,1,20516,0,stop_loss,5,-0.00238273233512963,4124.45178919377,4101.59365810467
2025-11-12T06:45:00Z,4105.09,4104.71,4107.41,4102.09,3965,29.1710349428591,4106.55419307741,4110.19199517032,-0.922096538703045,0.261048269353523,FALSE,FALSE,FALSE,,,6.33061117554883,1,20522,1,profit_target,3,0.00308455953066049,4117.3712223511,4095.21408323668
2025-11-12T19:30:00Z,4206.74,4208.57,4210.51,4205.92,4935,82.4775096783762,4203.46736194975,4196.22338478025,2.55131902512585,-0.320659512562997,FALSE,FALSE,FALSE,,,9.13487626365918,-1,20573,1,profit_target,16,0.00434108320102028,4190.30024747268,4222.27231439549
2025-11-13T15:45:00Z,4187.78,4195.36,4200.82,4185.06,11016,35.0836169987579,4205.80035488183,4215.24175414531,-5.22017744091409,6.38008872045702,FALSE,FALSE,FALSE,,,12.0345018907514,1,20650,0,stop_loss,15,-0.00430278994797276,4219.4290037815,4177.30824716387
2025-11-13T19:45:00Z,4155.67,4157.85,4161.98,4150.04,8122,28.8646489318242,4175.14132760513,4185.9750577893,-8.64566380256383,5.4028319012823,FALSE,FALSE,FALSE,,,13.5786145889454,1,20666,1,profit_target,16,0.00653155577471317,4185.00722917789,4137.48207811658
2025-11-14T15:45:00Z,4067.89,4082.68,4083.83,4063.27,20526,35.4430786989458,4069.66747021723,4078.72441489821,6.50626489138631,4.13686755430717,FALSE,FALSE,FALSE,,,17.1686293056209,1,20742,1,max_holding_positive,20,0.00178069307415717,4117.01725861124,4056.92705604157
2025-11-17T06:45:00Z,4057.39,4058.22,4060.49,4053.07,4249,27.4266442717273,4064.97280059336,4071.47707584049,-3.37640029667909,2.11320014833973,FALSE,FALSE,FALSE,,,9.10490189505451,1,20799,1,profit_target,6,0.0044871406158634,4076.42980379011,4044.56264715742
2025-11-17T21:15:00Z,4016.45,4026.89,4027.84,4015.37,6459,32.1854782160746,4028.51496851794,4040.2572615567,-0.812484258970017,5.72624212948495,FALSE,FALSE,FALSE,,,11.7750442994333,1,20857,1,profit_target,7,0.00584820757429847,4050.44008859887,4009.22743355085
2025-11-18T15:45:00Z,4073.47,4065.63,4077.49,4058.23,10504,64.9614468845445,4067.26623743843,4060.85856955809,-0.818118719216272,-3.4759406403914,FALSE,FALSE,FALSE,,,10.4441106890423,-1,20927,1,profit_target,5,0.00513775758691381,4044.74177862192,4081.29616603356
2025-11-19T07:15:00Z,4096.8,4092.1,4096.81,4089.04,3998,65.0972384397155,4091.22998797745,4086.10465389879,0.435006011277437,-2.55750300563886,FALSE,FALSE,FALSE,,,7.1319596974629,-1,20985,0,stop_loss,14,-0.00261429083995857,4077.83608060507,4102.79793954619
2025-11-20T03:30:00Z,4055.22,4061.54,4061.87,4053.28,5084,34.1157606056795,4069.19424661754,4078.06440668783,-3.82712330876802,5.08356165438363,FALSE,FALSE,FALSE,,,10.8969661252207,1,21062,1,profit_target,2,0.00536592825638581,4083.33393225044,4045.19455081217
2025-11-24T20:00:00Z,4120.45,4116.69,4124.05,4116.5,4634,71.005934551458,4110.06695704327,4103.55356906099,3.31152147836656,-3.52576073918408,FALSE,FALSE,FALSE,,,8.03890554507283,-1,21312,0,stop_loss,6,-0.00292913926421699,4100.61218890985,4128.74835831761
2025-11-26T05:00:00Z,4165.92,4161.7,4167,4159.39,2346,65.1961880961209,4163.2348083423,4159.88741577351,-0.767404171149792,-1.77629791442632,FALSE,FALSE,FALSE,,,6.54831876275669,-1,21436,1,profit_target,10,0.00314694416356608,4148.60336247449,4171.52247814413
2025-11-28T02:45:00Z,4192.34,4191.02,4192.77,4190.12,2742,83.3909782586768,4186.8810297047,4180.34436077472,2.06948514765099,-1.70474257382557,FALSE,FALSE,FALSE,,,4.69507818965187,-1,21602,1,profit_target,10,0.0022405420110864,4181.6298436207,4198.06261728448
2025-11-28T15:45:00Z,4198.94,4197.92,4202.4,4194.43,6680,69.0289509555066,4192.93794866149,4186.6801796872,2.49102566925467,-1.74551283462824,FALSE,FALSE,FALSE,,,8.65480215431139,-1,21654,0,stop_loss,9,-0.00309253230920715,4180.61039569138,4210.90220323147
2025-12-01T03:15:00Z,4248.29,4241.17,4248.65,4240.6,5529,64.246439673402,4242.9464988433,4237.86201060467,-0.888249421647743,-3.10087528917666,FALSE,FALSE,FALSE,,,9.51781432156001,-1,21687,1,profit_target,12,0.00448829654154861,4222.13437135688,4255.44672148234
2025-12-02T02:15:00Z,4205.36,4213.83,4216.05,4204.13,8335,36.0295171499332,4218.00115020193,4222.89284001318,-2.08557510096398,5.31278755048152,FALSE,FALSE,FALSE,,,8.59042214829756,1,21776,0,max_holding_negative,20,-0.00197682393452036,4231.0108442966,4200.94436677755
2025-12-02T10:45:00Z,4190.45,4191.72,4194.08,4187.68,5125,28.5652097467331,4197.53116722842,4203.2343410184,-2.90558361420881,2.07779180710531,FALSE,FALSE,FALSE,,,7.54556237960045,1,21810,1,profit_target,9,0.00360022252421469,4206.8111247592,4180.4016564306
2025-12-02T15:30:00Z,4227.71,4217.92,4229.39,4215.15,10733,58.8896050134406,4217.71748865577,4212.80587959268,0.101255672117986,-4.91062783605958,FALSE,FALSE,FALSE,,,8.13474595627154,-1,21829,1,profit_target,3,0.00385723103153766,4201.65050808746,4230.12211893441
2025-12-02T17:00:00Z,4169.38,4177.26,4178.37,4167,9968,35.375324308362,4185.61069859255,4194.39590896199,-4.17534929627527,6.05267464813733,FALSE,FALSE,FALSE,,,11.1187849682166,1,21835,1,profit_target,14,0.00532348236318374,4199.49756993643,4160.58182254768
2025-12-04T07:00:00Z,4181.08,4180.33,4185.63,4179.19,5986,27.5255621428241,4185.84909524449,4190.39286491723,-2.75954762224319,1.02477381112203,FALSE,FALSE,FALSE,,,6.76868896610809,1,21979,1,profit_target,5,0.00323835150148822,4193.86737793222,4170.17696655084
2025-12-05T08:30:00Z,4230.03,4224.64,4230.03,4224.34,2864,61.820228091,4226.02921329414,4223.72842963747,-0.694606647069122,-2.33769667646538,FALSE,FALSE,FALSE,,,4.83211096090334,-1,22077,0,max_holding_negative,20,-0.000189365247689572,4214.97577807819,4231.88816644136
2025-12-05T16:45:00Z,4253.84,4243.63,4255.03,4237.77,8123,61.4077513848309,4244.88400173567,4240.91828254597,-0.627000867835704,-4.77649956608184,FALSE,FALSE,FALSE,,,7.97039283010009,-1,22110,1,profit_target,1,0.00375640328214292,4227.6892143398,4255.58558924515
2025-12-09T07:15:00Z,4174.65,4178.31,4178.36,4173.94,4468,34.192194988677,4179.92204796301,4183.41601489915,-0.80602398150404,2.22801199075184,FALSE,FALSE,FALSE,,,4.69972220340761,1,22256,1,profit_target,7,0.00224958043008174,4187.70944440682,4171.26041669489
2025-12-09T10:30:00Z,4207.11,4203.61,4209.03,4201.67,3984,65.9376106758337,4199.78741291878,4194.49179505975,1.91129354060831,-2.69564677030485,FALSE,FALSE,FALSE,,,5.85478198283707,-1,22269,1,profit_target,18,0.00278559713333885,4191.90043603433,4212.39217297426
2025-12-11T19:15:00Z,4283.7,4281.68,4285.61,4280,4956,78.3058717716728,4278.93451571205,4271.63630775922,1.37274214397439,-1.7013710719857,FALSE,FALSE,FALSE,,,8.42370856543547,-1,22488,1,profit_target,3,0.0039347679254103,4264.83258286913,4294.31556284815
2025-12-12T12:30:00Z,4334.33,4334.48,4336.88,4330.12,3733,81.711568167917,4331.19532695622,4324.40512611723,1.64233652188977,-0.731168260945196,FALSE,FALSE,FALSE,,,6.66228427346435,-1,22554,0,stop_loss,8,-0.00230556523739795,4321.15543145307,4344.4734264102
2025-12-12T16:00:00Z,4346.95,4343.49,4351.42,4341.06,8335,69.1230153756872,4342.49399847393,4339.64212955337,0.498000763035634,-1.99400038151725,FALSE,FALSE,FALSE,,,8.49616296155253,-1,22568,1,profit_target,1,0.00391213653608169,4326.49767407689,4356.23424444233
2025-12-15T08:00:00Z,4343.5,4342.19,4344.22,4340.63,3700,70.9900922133432,4342.30883235956,4339.00695108233,-0.0594161797816923,-0.660291910109663,FALSE,FALSE,FALSE,,,5.32066027668705,-1,22628,0,stop_loss,9,-0.00183801040834939,4331.54867944663,4350.17099041503
2025-12-15T17:45:00Z,4296.43,4297.48,4299.6,4292.28,6570,26.018078958358,4302.28474988703,4310.12624109598,-2.40237494351641,1.72118747175955,FALSE,FALSE,FALSE,,,9.96287372221921,1,22667,1,profit_target,9,0.00463661202482349,4317.40574744444,4282.53568941667
2025-12-16T16:15:00Z,4324.04,4320.92,4325.69,4312.4,9185,73.1961327526954,4321.37538655753,4315.33411302645,-0.2276932787654,-1.45615336061837,FALSE,FALSE,FALSE,,,8.40669085773188,-1,22753,1,profit_target,4,0.0038911578357072,4304.10661828454,4333.5300362866
2025-12-18T17:30:00Z,4367.24,4366.82,4371.69,4363.2,7798,72.6783971584478,4356.59819539368,4347.0421529134,5.1109023031604,-2.76045115158013,FALSE,FALSE,FALSE,,,10.3707634323648,-1,22943,1,profit_target,2,0.00474980119737706,4346.07847313527,4382.37614514855
2025-12-22T08:15:00Z,4412.98,4415.8,4416.65,4411.84,2597,73.6736960617348,4412.05026475948,4407.32527782927,1.8748676202631,0.467566189870013,FALSE,FALSE,FALSE,,,6.78530260701091,-1,23091,1,max_holding_positive,20,0.00154218941075239,4402.22939478598,4425.97795391052
2025-12-23T03:45:00Z,4495.85,4493.32,4496.2,4489.36,3204,75.174150968354,4489.56220212388,4483.08080176527,1.87889893805823,-2.2094494690291,FALSE,FALSE,FALSE,,,7.36636507530151,-1,23165,1,profit_target,10,0.00327880724066012,4478.5872698494,4504.36954761295
2025-12-23T16:15:00Z,4448.34,4442.38,4451.9,4439.32,9842,24.106075301429,4451.80238430183,4461.66320850305,-4.7111921509113,-0.634403924543221,FALSE,FALSE,FALSE,,,10.2948090972016,1,23215,1,profit_target,3,0.00463481696622161,4462.9696181944,4426.9377863542
